Final Adaptive DMA benchmark
Waiting for CPU1 load generator...
CPU1 load generator ready
CONFIG,repeats=3,phases=4,samples_per_phase=25,dma_bytes=8388608
SAMPLE_HEADER,repeat,mode,phase,load,sample,cpu_ticks,cpu_cycles,level_before,level_after,dma_command
MODE_BEGIN,CPU_ONLY
SAMPLE,0,CPU_ONLY,OFF_A,0,0,778200,94.99,255,255,0
SAMPLE,0,CPU_ONLY,OFF_A,0,1,778483,95.02,255,255,0
SAMPLE,0,CPU_ONLY,OFF_A,0,2,778116,94.98,255,255,0
SAMPLE,0,CPU_ONLY,OFF_A,0,3,778770,95.06,255,255,0
SAMPLE,0,CPU_ONLY,OFF_A,0,4,778559,95.03,255,255,0
SAMPLE,0,CPU_ONLY,OFF_A,0,5,778527,95.03,255,255,0
SAMPLE,0,CPU_ONLY,OFF_A,0,6,779161,95.11,255,255,0
SAMPLE,0,CPU_ONLY,OFF_A,0,7,778772,95.06,255,255,0
SAMPLE,0,CPU_ONLY,OFF_A,0,8,778588,95.04,255,255,0
SAMPLE,0,CPU_ONLY,OFF_A,0,9,778008,94.97,255,255,0
SAMPLE,0,CPU_ONLY,OFF_A,0,10,778923,95.08,255,255,0
SAMPLE,0,CPU_ONLY,OFF_A,0,11,778582,95.04,255,255,0
SAMPLE,0,CPU_ONLY,OFF_A,0,12,778916,95.08,255,255,0
SAMPLE,0,CPU_ONLY,OFF_A,0,13,778439,95.02,255,255,0
SAMPLE,0,CPU_ONLY,OFF_A,0,14,778786,95.06,255,255,0
SAMPLE,0,CPU_ONLY,OFF_A,0,15,778204,94.99,255,255,0
SAMPLE,0,CPU_ONLY,OFF_A,0,16,778747,95.06,255,255,0
SAMPLE,0,CPU_ONLY,OFF_A,0,17,778503,95.03,255,255,0
SAMPLE,0,CPU_ONLY,OFF_A,0,18,778584,95.04,255,255,0
SAMPLE,0,CPU_ONLY,OFF_A,0,19,778467,95.02,255,255,0
SAMPLE,0,CPU_ONLY,OFF_A,0,20,778344,95.01,255,255,0
SAMPLE,0,CPU_ONLY,OFF_A,0,21,778070,94.97,255,255,0
SAMPLE,0,CPU_ONLY,OFF_A,0,22,778714,95.05,255,255,0
SAMPLE,0,CPU_ONLY,OFF_A,0,23,778554,95.03,255,255,0
SAMPLE,0,CPU_ONLY,OFF_A,0,24,778786,95.06,255,255,0
SAMPLE,0,CPU_ONLY,ON_A,1,0,798348,97.45,255,255,0
SAMPLE,0,CPU_ONLY,ON_A,1,1,799833,97.63,255,255,0
SAMPLE,0,CPU_ONLY,ON_A,1,2,797077,97.29,255,255,0
SAMPLE,0,CPU_ONLY,ON_A,1,3,799974,97.65,255,255,0
SAMPLE,0,CPU_ONLY,ON_A,1,4,800892,97.76,255,255,0
SAMPLE,0,CPU_ONLY,ON_A,1,5,799216,97.56,255,255,0
SAMPLE,0,CPU_ONLY,ON_A,1,6,796988,97.28,255,255,0
SAMPLE,0,CPU_ONLY,ON_A,1,7,800917,97.76,255,255,0
SAMPLE,0,CPU_ONLY,ON_A,1,8,799876,97.64,255,255,0
SAMPLE,0,CPU_ONLY,ON_A,1,9,796571,97.23,255,255,0
SAMPLE,0,CPU_ONLY,ON_A,1,10,799922,97.64,255,255,0
SAMPLE,0,CPU_ONLY,ON_A,1,11,800093,97.66,255,255,0
SAMPLE,0,CPU_ONLY,ON_A,1,12,800879,97.76,255,255,0
SAMPLE,0,CPU_ONLY,ON_A,1,13,799831,97.63,255,255,0
SAMPLE,0,CPU_ONLY,ON_A,1,14,797614,97.36,255,255,0
SAMPLE,0,CPU_ONLY,ON_A,1,15,796418,97.21,255,255,0
SAMPLE,0,CPU_ONLY,ON_A,1,16,798171,97.43,255,255,0
SAMPLE,0,CPU_ONLY,ON_A,1,17,800004,97.65,255,255,0
SAMPLE,0,CPU_ONLY,ON_A,1,18,800861,97.76,255,255,0
SAMPLE,0,CPU_ONLY,ON_A,1,19,800655,97.73,255,255,0
SAMPLE,0,CPU_ONLY,ON_A,1,20,799105,97.54,255,255,0
SAMPLE,0,CPU_ONLY,ON_A,1,21,796320,97.20,255,255,0
SAMPLE,0,CPU_ONLY,ON_A,1,22,796826,97.26,255,255,0
SAMPLE,0,CPU_ONLY,ON_A,1,23,799739,97.62,255,255,0
SAMPLE,0,CPU_ONLY,ON_A,1,24,800815,97.75,255,255,0
SAMPLE,0,CPU_ONLY,OFF_B,0,0,778494,95.03,255,255,0
SAMPLE,0,CPU_ONLY,OFF_B,0,1,778876,95.07,255,255,0
SAMPLE,0,CPU_ONLY,OFF_B,0,2,778852,95.07,255,255,0
SAMPLE,0,CPU_ONLY,OFF_B,0,3,778451,95.02,255,255,0
SAMPLE,0,CPU_ONLY,OFF_B,0,4,778891,95.07,255,255,0
SAMPLE,0,CPU_ONLY,OFF_B,0,5,778933,95.08,255,255,0
SAMPLE,0,CPU_ONLY,OFF_B,0,6,778854,95.07,255,255,0
SAMPLE,0,CPU_ONLY,OFF_B,0,7,778317,95.00,255,255,0
SAMPLE,0,CPU_ONLY,OFF_B,0,8,778893,95.07,255,255,0
SAMPLE,0,CPU_ONLY,OFF_B,0,9,778516,95.03,255,255,0
SAMPLE,0,CPU_ONLY,OFF_B,0,10,778222,94.99,255,255,0
SAMPLE,0,CPU_ONLY,OFF_B,0,11,778807,95.06,255,255,0
SAMPLE,0,CPU_ONLY,OFF_B,0,12,778361,95.01,255,255,0
SAMPLE,0,CPU_ONLY,OFF_B,0,13,778830,95.07,255,255,0
SAMPLE,0,CPU_ONLY,OFF_B,0,14,779015,95.09,255,255,0
SAMPLE,0,CPU_ONLY,OFF_B,0,15,779209,95.11,255,255,0
SAMPLE,0,CPU_ONLY,OFF_B,0,16,779129,95.10,255,255,0
SAMPLE,0,CPU_ONLY,OFF_B,0,17,778755,95.06,255,255,0
SAMPLE,0,CPU_ONLY,OFF_B,0,18,778294,95.00,255,255,0
SAMPLE,0,CPU_ONLY,OFF_B,0,19,778806,95.06,255,255,0
SAMPLE,0,CPU_ONLY,OFF_B,0,20,778728,95.05,255,255,0
SAMPLE,0,CPU_ONLY,OFF_B,0,21,778636,95.04,255,255,0
SAMPLE,0,CPU_ONLY,OFF_B,0,22,778730,95.05,255,255,0
SAMPLE,0,CPU_ONLY,OFF_B,0,23,778390,95.01,255,255,0
SAMPLE,0,CPU_ONLY,OFF_B,0,24,778553,95.03,255,255,0
SAMPLE,0,CPU_ONLY,ON_B,1,0,798761,97.50,255,255,0
SAMPLE,0,CPU_ONLY,ON_B,1,1,800644,97.73,255,255,0
SAMPLE,0,CPU_ONLY,ON_B,1,2,797059,97.29,255,255,0
SAMPLE,0,CPU_ONLY,ON_B,1,3,799230,97.56,255,255,0
SAMPLE,0,CPU_ONLY,ON_B,1,4,799768,97.62,255,255,0
SAMPLE,0,CPU_ONLY,ON_B,1,5,799502,97.59,255,255,0
SAMPLE,0,CPU_ONLY,ON_B,1,6,797087,97.30,255,255,0
SAMPLE,0,CPU_ONLY,ON_B,1,7,800353,97.69,255,255,0
SAMPLE,0,CPU_ONLY,ON_B,1,8,800337,97.69,255,255,0
SAMPLE,0,CPU_ONLY,ON_B,1,9,796795,97.26,255,255,0
SAMPLE,0,CPU_ONLY,ON_B,1,10,798996,97.53,255,255,0
SAMPLE,0,CPU_ONLY,ON_B,1,11,800068,97.66,255,255,0
SAMPLE,0,CPU_ONLY,ON_B,1,12,800728,97.74,255,255,0
SAMPLE,0,CPU_ONLY,ON_B,1,13,799909,97.64,255,255,0
SAMPLE,0,CPU_ONLY,ON_B,1,14,797477,97.34,255,255,0
SAMPLE,0,CPU_ONLY,ON_B,1,15,796219,97.19,255,255,0
SAMPLE,0,CPU_ONLY,ON_B,1,16,798809,97.51,255,255,0
SAMPLE,0,CPU_ONLY,ON_B,1,17,800349,97.69,255,255,0
SAMPLE,0,CPU_ONLY,ON_B,1,18,799845,97.63,255,255,0
SAMPLE,0,CPU_ONLY,ON_B,1,19,800409,97.70,255,255,0
SAMPLE,0,CPU_ONLY,ON_B,1,20,798921,97.52,255,255,0
SAMPLE,0,CPU_ONLY,ON_B,1,21,796197,97.19,255,255,0
SAMPLE,0,CPU_ONLY,ON_B,1,22,797116,97.30,255,255,0
SAMPLE,0,CPU_ONLY,ON_B,1,23,799451,97.58,255,255,0
SAMPLE,0,CPU_ONLY,ON_B,1,24,800447,97.71,255,255,0
SAMPLE,1,CPU_ONLY,OFF_A,0,0,778892,95.07,255,255,0
SAMPLE,1,CPU_ONLY,OFF_A,0,1,778777,95.06,255,255,0
SAMPLE,1,CPU_ONLY,OFF_A,0,2,778664,95.05,255,255,0
SAMPLE,1,CPU_ONLY,OFF_A,0,3,778332,95.01,255,255,0
SAMPLE,1,CPU_ONLY,OFF_A,0,4,778373,95.01,255,255,0
SAMPLE,1,CPU_ONLY,OFF_A,0,5,778471,95.02,255,255,0
SAMPLE,1,CPU_ONLY,OFF_A,0,6,779180,95.11,255,255,0
SAMPLE,1,CPU_ONLY,OFF_A,0,7,778592,95.04,255,255,0
SAMPLE,1,CPU_ONLY,OFF_A,0,8,778948,95.08,255,255,0
SAMPLE,1,CPU_ONLY,OFF_A,0,9,778718,95.05,255,255,0
SAMPLE,1,CPU_ONLY,OFF_A,0,10,778660,95.05,255,255,0
SAMPLE,1,CPU_ONLY,OFF_A,0,11,778608,95.04,255,255,0
SAMPLE,1,CPU_ONLY,OFF_A,0,12,778375,95.01,255,255,0
SAMPLE,1,CPU_ONLY,OFF_A,0,13,778268,95.00,255,255,0
SAMPLE,1,CPU_ONLY,OFF_A,0,14,778582,95.04,255,255,0
SAMPLE,1,CPU_ONLY,OFF_A,0,15,778811,95.06,255,255,0
SAMPLE,1,CPU_ONLY,OFF_A,0,16,779050,95.09,255,255,0
SAMPLE,1,CPU_ONLY,OFF_A,0,17,778911,95.08,255,255,0
SAMPLE,1,CPU_ONLY,OFF_A,0,18,778996,95.09,255,255,0
SAMPLE,1,CPU_ONLY,OFF_A,0,19,778842,95.07,255,255,0
SAMPLE,1,CPU_ONLY,OFF_A,0,20,779038,95.09,255,255,0

SAMPLE,1,CPU_ONLY,OFF_A,0,21,778818,95.07,255,255,0
SAMPLE,1,CPU_ONLY,OFF_A,0,22,778351,95.01,255,255,0
SAMPLE,1,CPU_ONLY,OFF_A,0,23,778593,95.04,255,255,0
SAMPLE,1,CPU_ONLY,OFF_A,0,24,779110,95.10,255,255,0
SAMPLE,1,CPU_ONLY,ON_A,1,0,797987,97.41,255,255,0
SAMPLE,1,CPU_ONLY,ON_A,1,1,800185,97.67,255,255,0
SAMPLE,1,CPU_ONLY,ON_A,1,2,797964,97.40,255,255,0
SAMPLE,1,CPU_ONLY,ON_A,1,3,798428,97.46,255,255,0
SAMPLE,1,CPU_ONLY,ON_A,1,4,800770,97.75,255,255,0
SAMPLE,1,CPU_ONLY,ON_A,1,5,798812,97.51,255,255,0
SAMPLE,1,CPU_ONLY,ON_A,1,6,796122,97.18,255,255,0
SAMPLE,1,CPU_ONLY,ON_A,1,7,800654,97.73,255,255,0
SAMPLE,1,CPU_ONLY,ON_A,1,8,800794,97.75,255,255,0
SAMPLE,1,CPU_ONLY,ON_A,1,9,796095,97.17,255,255,0
SAMPLE,1,CPU_ONLY,ON_A,1,10,798932,97.52,255,255,0
SAMPLE,1,CPU_ONLY,ON_A,1,11,800436,97.70,255,255,0
SAMPLE,1,CPU_ONLY,ON_A,1,12,800353,97.69,255,255,0
SAMPLE,1,CPU_ONLY,ON_A,1,13,800511,97.71,255,255,0
SAMPLE,1,CPU_ONLY,ON_A,1,14,798713,97.49,255,255,0
SAMPLE,1,CPU_ONLY,ON_A,1,15,796336,97.20,255,255,0
SAMPLE,1,CPU_ONLY,ON_A,1,16,797742,97.38,255,255,0
SAMPLE,1,CPU_ONLY,ON_A,1,17,800105,97.66,255,255,0
SAMPLE,1,CPU_ONLY,ON_A,1,18,800157,97.67,255,255,0
SAMPLE,1,CPU_ONLY,ON_A,1,19,800381,97.70,255,255,0
SAMPLE,1,CPU_ONLY,ON_A,1,20,798832,97.51,255,255,0
SAMPLE,1,CPU_ONLY,ON_A,1,21,796950,97.28,255,255,0
SAMPLE,1,CPU_ONLY,ON_A,1,22,797255,97.32,255,255,0
SAMPLE,1,CPU_ONLY,ON_A,1,23,799326,97.57,255,255,0
SAMPLE,1,CPU_ONLY,ON_A,1,24,800083,97.66,255,255,0
SAMPLE,1,CPU_ONLY,OFF_B,0,0,778606,95.04,255,255,0
SAMPLE,1,CPU_ONLY,OFF_B,0,1,778108,94.98,255,255,0
SAMPLE,1,CPU_ONLY,OFF_B,0,2,778690,95.05,255,255,0
SAMPLE,1,CPU_ONLY,OFF_B,0,3,778993,95.09,255,255,0
SAMPLE,1,CPU_ONLY,OFF_B,0,4,778888,95.07,255,255,0
SAMPLE,1,CPU_ONLY,OFF_B,0,5,778181,94.99,255,255,0
SAMPLE,1,CPU_ONLY,OFF_B,0,6,778632,95.04,255,255,0
SAMPLE,1,CPU_ONLY,OFF_B,0,7,778816,95.07,255,255,0
SAMPLE,1,CPU_ONLY,OFF_B,0,8,778497,95.03,255,255,0
SAMPLE,1,CPU_ONLY,OFF_B,0,9,778578,95.04,255,255,0
SAMPLE,1,CPU_ONLY,OFF_B,0,10,779079,95.10,255,255,0
SAMPLE,1,CPU_ONLY,OFF_B,0,11,778941,95.08,255,255,0
SAMPLE,1,CPU_ONLY,OFF_B,0,12,778848,95.07,255,255,0
SAMPLE,1,CPU_ONLY,OFF_B,0,13,778850,95.07,255,255,0
SAMPLE,1,CPU_ONLY,OFF_B,0,14,778663,95.05,255,255,0
SAMPLE,1,CPU_ONLY,OFF_B,0,15,779032,95.09,255,255,0
SAMPLE,1,CPU_ONLY,OFF_B,0,16,778178,94.99,255,255,0
SAMPLE,1,CPU_ONLY,OFF_B,0,17,778232,94.99,255,255,0
SAMPLE,1,CPU_ONLY,OFF_B,0,18,778626,95.04,255,255,0
SAMPLE,1,CPU_ONLY,OFF_B,0,19,778097,94.98,255,255,0
SAMPLE,1,CPU_ONLY,OFF_B,0,20,778409,95.02,255,255,0
SAMPLE,1,CPU_ONLY,OFF_B,0,21,778718,95.05,255,255,0
SAMPLE,1,CPU_ONLY,OFF_B,0,22,778715,95.05,255,255,0
SAMPLE,1,CPU_ONLY,OFF_B,0,23,778441,95.02,255,255,0
SAMPLE,1,CPU_ONLY,OFF_B,0,24,779070,95.10,255,255,0
SAMPLE,1,CPU_ONLY,ON_B,1,0,798631,97.48,255,255,0
SAMPLE,1,CPU_ONLY,ON_B,1,1,800275,97.68,255,255,0
SAMPLE,1,CPU_ONLY,ON_B,1,2,797323,97.32,255,255,0
SAMPLE,1,CPU_ONLY,ON_B,1,3,797860,97.39,255,255,0
SAMPLE,1,CPU_ONLY,ON_B,1,4,800317,97.69,255,255,0
SAMPLE,1,CPU_ONLY,ON_B,1,5,799743,97.62,255,255,0
SAMPLE,1,CPU_ONLY,ON_B,1,6,796821,97.26,255,255,0
SAMPLE,1,CPU_ONLY,ON_B,1,7,800431,97.70,255,255,0
SAMPLE,1,CPU_ONLY,ON_B,1,8,800789,97.75,255,255,0
SAMPLE,1,CPU_ONLY,ON_B,1,9,796999,97.28,255,255,0
SAMPLE,1,CPU_ONLY,ON_B,1,10,798600,97.48,255,255,0
SAMPLE,1,CPU_ONLY,ON_B,1,11,800082,97.66,255,255,0
SAMPLE,1,CPU_ONLY,ON_B,1,12,800520,97.71,255,255,0
SAMPLE,1,CPU_ONLY,ON_B,1,13,800336,97.69,255,255,0
SAMPLE,1,CPU_ONLY,ON_B,1,14,798655,97.49,255,255,0
SAMPLE,1,CPU_ONLY,ON_B,1,15,797028,97.29,255,255,0
SAMPLE,1,CPU_ONLY,ON_B,1,16,797455,97.34,255,255,0
SAMPLE,1,CPU_ONLY,ON_B,1,17,799802,97.63,255,255,0
SAMPLE,1,CPU_ONLY,ON_B,1,18,800189,97.67,255,255,0
SAMPLE,1,CPU_ONLY,ON_B,1,19,800074,97.66,255,255,0
SAMPLE,1,CPU_ONLY,ON_B,1,20,799167,97.55,255,255,0
SAMPLE,1,CPU_ONLY,ON_B,1,21,797233,97.31,255,255,0
SAMPLE,1,CPU_ONLY,ON_B,1,22,796878,97.27,255,255,0
SAMPLE,1,CPU_ONLY,ON_B,1,23,798600,97.48,255,255,0
SAMPLE,1,CPU_ONLY,ON_B,1,24,799951,97.65,255,255,0
SAMPLE,2,CPU_ONLY,OFF_A,0,0,778435,95.02,255,255,0
SAMPLE,2,CPU_ONLY,OFF_A,0,1,779191,95.11,255,255,0
SAMPLE,2,CPU_ONLY,OFF_A,0,2,778772,95.06,255,255,0
SAMPLE,2,CPU_ONLY,OFF_A,0,3,778466,95.02,255,255,0
SAMPLE,2,CPU_ONLY,OFF_A,0,4,778960,95.08,255,255,0
SAMPLE,2,CPU_ONLY,OFF_A,0,5,778257,95.00,255,255,0
SAMPLE,2,CPU_ONLY,OFF_A,0,6,778585,95.04,255,255,0
SAMPLE,2,CPU_ONLY,OFF_A,0,7,778739,95.06,255,255,0
SAMPLE,2,CPU_ONLY,OFF_A,0,8,778881,95.07,255,255,0
SAMPLE,2,CPU_ONLY,OFF_A,0,9,778599,95.04,255,255,0
SAMPLE,2,CPU_ONLY,OFF_A,0,10,778942,95.08,255,255,0
SAMPLE,2,CPU_ONLY,OFF_A,0,11,778549,95.03,255,255,0
SAMPLE,2,CPU_ONLY,OFF_A,0,12,778162,94.99,255,255,0
SAMPLE,2,CPU_ONLY,OFF_A,0,13,778797,95.06,255,255,0
SAMPLE,2,CPU_ONLY,OFF_A,0,14,778412,95.02,255,255,0
SAMPLE,2,CPU_ONLY,OFF_A,0,15,778559,95.03,255,255,0
SAMPLE,2,CPU_ONLY,OFF_A,0,16,778274,95.00,255,255,0
SAMPLE,2,CPU_ONLY,OFF_A,0,17,778902,95.08,255,255,0
SAMPLE,2,CPU_ONLY,OFF_A,0,18,778849,95.07,255,255,0
SAMPLE,2,CPU_ONLY,OFF_A,0,19,778615,95.04,255,255,0
SAMPLE,2,CPU_ONLY,OFF_A,0,20,778742,95.06,255,255,0
SAMPLE,2,CPU_ONLY,OFF_A,0,21,779145,95.11,255,255,0
SAMPLE,2,CPU_ONLY,OFF_A,0,22,778113,94.98,255,255,0
SAMPLE,2,CPU_ONLY,OFF_A,0,23,778931,95.08,255,255,0
SAMPLE,2,CPU_ONLY,OFF_A,0,24,778431,95.02,255,255,0
SAMPLE,2,CPU_ONLY,ON_A,1,0,797936,97.40,255,255,0
SAMPLE,2,CPU_ONLY,ON_A,1,1,800373,97.70,255,255,0
SAMPLE,2,CPU_ONLY,ON_A,1,2,796972,97.28,255,255,0
SAMPLE,2,CPU_ONLY,ON_A,1,3,798882,97.51,255,255,0
SAMPLE,2,CPU_ONLY,ON_A,1,4,800293,97.69,255,255,0
SAMPLE,2,CPU_ONLY,ON_A,1,5,799869,97.64,255,255,0
SAMPLE,2,CPU_ONLY,ON_A,1,6,796177,97.18,255,255,0
SAMPLE,2,CPU_ONLY,ON_A,1,7,800844,97.75,255,255,0
SAMPLE,2,CPU_ONLY,ON_A,1,8,799964,97.65,255,255,0
SAMPLE,2,CPU_ONLY,ON_A,1,9,797503,97.35,255,255,0
SAMPLE,2,CPU_ONLY,ON_A,1,10,798674,97.49,255,255,0
SAMPLE,2,CPU_ONLY,ON_A,1,11,799762,97.62,255,255,0
SAMPLE,2,CPU_ONLY,ON_A,1,12,800773,97.75,255,255,0
SAMPLE,2,CPU_ONLY,ON_A,1,13,800859,97.76,255,255,0
SAMPLE,2,CPU_ONLY,ON_A,1,14,797900,97.39,255,255,0
SAMPLE,2,CPU_ONLY,ON_A,1,15,796804,97.26,255,255,0
SAMPLE,2,CPU_ONLY,ON_A,1,16,797905,97.40,255,255,0
SAMPLE,2,CPU_ONLY,ON_A,1,17,800446,97.71,255,255,0
SAMPLE,2,CPU_ONLY,ON_A,1,18,800209,97.68,255,255,0
SAMPLE,2,CPU_ONLY,ON_A,1,19,800146,97.67,255,255,0

SAMPLE,2,CPU_ONLY,ON_A,1,20,799372,97.57,255,255,0
SAMPLE,2,CPU_ONLY,ON_A,1,21,796385,97.21,255,255,0
SAMPLE,2,CPU_ONLY,ON_A,1,22,796872,97.27,255,255,0
SAMPLE,2,CPU_ONLY,ON_A,1,23,799449,97.58,255,255,0
SAMPLE,2,CPU_ONLY,ON_A,1,24,801029,97.78,255,255,0
SAMPLE,2,CPU_ONLY,OFF_B,0,0,778733,95.06,255,255,0
SAMPLE,2,CPU_ONLY,OFF_B,0,1,778444,95.02,255,255,0
SAMPLE,2,CPU_ONLY,OFF_B,0,2,779156,95.11,255,255,0
SAMPLE,2,CPU_ONLY,OFF_B,0,3,778622,95.04,255,255,0
SAMPLE,2,CPU_ONLY,OFF_B,0,4,778545,95.03,255,255,0
SAMPLE,2,CPU_ONLY,OFF_B,0,5,778731,95.05,255,255,0
SAMPLE,2,CPU_ONLY,OFF_B,0,6,778473,95.02,255,255,0
SAMPLE,2,CPU_ONLY,OFF_B,0,7,778500,95.03,255,255,0
SAMPLE,2,CPU_ONLY,OFF_B,0,8,778514,95.03,255,255,0
SAMPLE,2,CPU_ONLY,OFF_B,0,9,778706,95.05,255,255,0
SAMPLE,2,CPU_ONLY,OFF_B,0,10,778192,94.99,255,255,0
SAMPLE,2,CPU_ONLY,OFF_B,0,11,779060,95.10,255,255,0
SAMPLE,2,CPU_ONLY,OFF_B,0,12,778956,95.08,255,255,0
SAMPLE,2,CPU_ONLY,OFF_B,0,13,778384,95.01,255,255,0
SAMPLE,2,CPU_ONLY,OFF_B,0,14,778762,95.06,255,255,0
SAMPLE,2,CPU_ONLY,OFF_B,0,15,778190,94.99,255,255,0
SAMPLE,2,CPU_ONLY,OFF_B,0,16,778893,95.07,255,255,0
SAMPLE,2,CPU_ONLY,OFF_B,0,17,778702,95.05,255,255,0
SAMPLE,2,CPU_ONLY,OFF_B,0,18,778515,95.03,255,255,0
SAMPLE,2,CPU_ONLY,OFF_B,0,19,778948,95.08,255,255,0
SAMPLE,2,CPU_ONLY,OFF_B,0,20,778652,95.05,255,255,0
SAMPLE,2,CPU_ONLY,OFF_B,0,21,778869,95.07,255,255,0
SAMPLE,2,CPU_ONLY,OFF_B,0,22,778233,94.99,255,255,0
SAMPLE,2,CPU_ONLY,OFF_B,0,23,779253,95.12,255,255,0
SAMPLE,2,CPU_ONLY,OFF_B,0,24,778696,95.05,255,255,0
SAMPLE,2,CPU_ONLY,ON_B,1,0,798464,97.46,255,255,0
SAMPLE,2,CPU_ONLY,ON_B,1,1,800707,97.74,255,255,0
SAMPLE,2,CPU_ONLY,ON_B,1,2,796715,97.25,255,255,0
SAMPLE,2,CPU_ONLY,ON_B,1,3,798883,97.51,255,255,0
SAMPLE,2,CPU_ONLY,ON_B,1,4,800006,97.65,255,255,0
SAMPLE,2,CPU_ONLY,ON_B,1,5,798690,97.49,255,255,0
SAMPLE,2,CPU_ONLY,ON_B,1,6,796649,97.24,255,255,0
SAMPLE,2,CPU_ONLY,ON_B,1,7,800251,97.68,255,255,0
SAMPLE,2,CPU_ONLY,ON_B,1,8,801142,97.79,255,255,0
SAMPLE,2,CPU_ONLY,ON_B,1,9,796446,97.22,255,255,0
SAMPLE,2,CPU_ONLY,ON_B,1,10,798821,97.51,255,255,0
SAMPLE,2,CPU_ONLY,ON_B,1,11,800683,97.73,255,255,0
SAMPLE,2,CPU_ONLY,ON_B,1,12,800042,97.66,255,255,0
SAMPLE,2,CPU_ONLY,ON_B,1,13,800442,97.71,255,255,0
SAMPLE,2,CPU_ONLY,ON_B,1,14,798072,97.42,255,255,0
SAMPLE,2,CPU_ONLY,ON_B,1,15,796123,97.18,255,255,0
SAMPLE,2,CPU_ONLY,ON_B,1,16,798464,97.46,255,255,0
SAMPLE,2,CPU_ONLY,ON_B,1,17,800963,97.77,255,255,0
SAMPLE,2,CPU_ONLY,ON_B,1,18,800531,97.72,255,255,0
SAMPLE,2,CPU_ONLY,ON_B,1,19,800797,97.75,255,255,0
SAMPLE,2,CPU_ONLY,ON_B,1,20,798907,97.52,255,255,0
SAMPLE,2,CPU_ONLY,ON_B,1,21,797005,97.29,255,255,0
SAMPLE,2,CPU_ONLY,ON_B,1,22,797352,97.33,255,255,0
SAMPLE,2,CPU_ONLY,ON_B,1,23,799835,97.63,255,255,0
SAMPLE,2,CPU_ONLY,ON_B,1,24,800563,97.72,255,255,0
MODE_END,CPU_ONLY
LIMITS,baseline_off=95.04,baseline_on=97.52,low=123.55,high=142.56
MODE_BEGIN,FIXED_MAX
SAMPLE,0,FIXED_MAX,OFF_A,0,0,1793365,218.91,255,255,0
SAMPLE,0,FIXED_MAX,OFF_A,0,1,1787588,218.21,255,255,0
SAMPLE,0,FIXED_MAX,OFF_A,0,2,1793527,218.93,255,255,1
SAMPLE,0,FIXED_MAX,OFF_A,0,3,1788713,218.34,255,255,1
SAMPLE,0,FIXED_MAX,OFF_A,0,4,1789596,218.45,255,255,2
SAMPLE,0,FIXED_MAX,OFF_A,0,5,1789803,218.48,255,255,2
SAMPLE,0,FIXED_MAX,OFF_A,0,6,1790021,218.50,255,255,3
SAMPLE,0,FIXED_MAX,OFF_A,0,7,1789907,218.49,255,255,3
SAMPLE,0,FIXED_MAX,OFF_A,0,8,1793658,218.95,255,255,4
SAMPLE,0,FIXED_MAX,OFF_A,0,9,1786515,218.08,255,255,4
SAMPLE,0,FIXED_MAX,OFF_A,0,10,1785538,217.96,255,255,5
SAMPLE,0,FIXED_MAX,OFF_A,0,11,1790234,218.53,255,255,5
SAMPLE,0,FIXED_MAX,OFF_A,0,12,1788864,218.36,255,255,6
SAMPLE,0,FIXED_MAX,OFF_A,0,13,1788974,218.38,255,255,6
SAMPLE,0,FIXED_MAX,OFF_A,0,14,1795722,219.20,255,255,7
SAMPLE,0,FIXED_MAX,OFF_A,0,15,1793276,218.90,255,255,8
SAMPLE,0,FIXED_MAX,OFF_A,0,16,1785818,217.99,255,255,8
SAMPLE,0,FIXED_MAX,OFF_A,0,17,1786924,218.13,255,255,9

SAMPLE,0,FIXED_MAX,OFF_A,0,18,1783255,217.68,255,255,9
SAMPLE,0,FIXED_MAX,OFF_A,0,19,1787970,218.25,255,255,10
SAMPLE,0,FIXED_MAX,OFF_A,0,20,1784491,217.83,255,255,10
SAMPLE,0,FIXED_MAX,OFF_A,0,21,1794611,219.06,255,255,11
SAMPLE,0,FIXED_MAX,OFF_A,0,22,1786247,218.04,255,255,11
SAMPLE,0,FIXED_MAX,OFF_A,0,23,1788785,218.35,255,255,12
SAMPLE,0,FIXED_MAX,OFF_A,0,24,1790118,218.52,255,255,12
SAMPLE,0,FIXED_MAX,ON_A,1,0,1981316,241.85,255,255,13
SAMPLE,0,FIXED_MAX,ON_A,1,1,1987993,242.67,255,255,14
SAMPLE,0,FIXED_MAX,ON_A,1,2,1979908,241.68,255,255,15
SAMPLE,0,FIXED_MAX,ON_A,1,3,1982896,242.05,255,255,16
SAMPLE,0,FIXED_MAX,ON_A,1,4,1983493,242.12,255,255,17
SAMPLE,0,FIXED_MAX,ON_A,1,5,1989017,242.79,255,255,18
SAMPLE,0,FIXED_MAX,ON_A,1,6,1979559,241.64,255,255,19
SAMPLE,0,FIXED_MAX,ON_A,1,7,1980209,241.72,255,255,20
SAMPLE,0,FIXED_MAX,ON_A,1,8,1981475,241.87,255,255,21
SAMPLE,0,FIXED_MAX,ON_A,1,9,1978524,241.51,255,255,22
SAMPLE,0,FIXED_MAX,ON_A,1,10,1975185,241.11,255,255,23
SAMPLE,0,FIXED_MAX,ON_A,1,11,1977396,241.38,255,255,24
SAMPLE,0,FIXED_MAX,ON_A,1,12,1979238,241.60,255,255,25
SAMPLE,0,FIXED_MAX,ON_A,1,13,1981612,241.89,255,255,26
SAMPLE,0,FIXED_MAX,ON_A,1,14,1975180,241.11,255,255,27
SAMPLE,0,FIXED_MAX,ON_A,1,15,1978414,241.50,255,255,28
SAMPLE,0,FIXED_MAX,ON_A,1,16,1981804,241.91,255,255,29
SAMPLE,0,FIXED_MAX,ON_A,1,17,1978949,241.57,255,255,30
SAMPLE,0,FIXED_MAX,ON_A,1,18,1976748,241.30,255,255,31
SAMPLE,0,FIXED_MAX,ON_A,1,19,1977468,241.39,255,255,32
SAMPLE,0,FIXED_MAX,ON_A,1,20,1977259,241.36,255,255,33
SAMPLE,0,FIXED_MAX,ON_A,1,21,1978292,241.49,255,255,34
SAMPLE,0,FIXED_MAX,ON_A,1,22,1976340,241.25,255,255,35
SAMPLE,0,FIXED_MAX,ON_A,1,23,1978030,241.45,255,255,36
SAMPLE,0,FIXED_MAX,ON_A,1,24,1979827,241.67,255,255,37
SAMPLE,0,FIXED_MAX,OFF_B,0,0,1797070,219.36,255,255,38
SAMPLE,0,FIXED_MAX,OFF_B,0,1,1783777,217.74,255,255,38
SAMPLE,0,FIXED_MAX,OFF_B,0,2,1788812,218.36,255,255,39
SAMPLE,0,FIXED_MAX,OFF_B,0,3,1790701,218.59,255,255,39
SAMPLE,0,FIXED_MAX,OFF_B,0,4,1782184,217.55,255,255,40
SAMPLE,0,FIXED_MAX,OFF_B,0,5,1791775,218.72,255,255,40
SAMPLE,0,FIXED_MAX,OFF_B,0,6,1791418,218.67,255,255,41
SAMPLE,0,FIXED_MAX,OFF_B,0,7,1790733,218.59,255,255,41
SAMPLE,0,FIXED_MAX,OFF_B,0,8,1790470,218.56,255,255,42
SAMPLE,0,FIXED_MAX,OFF_B,0,9,1782348,217.57,255,255,42
SAMPLE,0,FIXED_MAX,OFF_B,0,10,1784202,217.79,255,255,43
SAMPLE,0,FIXED_MAX,OFF_B,0,11,1790935,218.61,255,255,43
SAMPLE,0,FIXED_MAX,OFF_B,0,12,1788617,218.33,255,255,44
SAMPLE,0,FIXED_MAX,OFF_B,0,13,1781790,217.50,255,255,44
SAMPLE,0,FIXED_MAX,OFF_B,0,14,1789968,218.50,255,255,45
SAMPLE,0,FIXED_MAX,OFF_B,0,15,1785571,217.96,255,255,45
SAMPLE,0,FIXED_MAX,OFF_B,0,16,1791771,218.72,255,255,46
SAMPLE,0,FIXED_MAX,OFF_B,0,17,1794218,219.02,255,255,46
SAMPLE,0,FIXED_MAX,OFF_B,0,18,1790129,218.52,255,255,47
SAMPLE,0,FIXED_MAX,OFF_B,0,19,1787048,218.14,255,255,47
SAMPLE,0,FIXED_MAX,OFF_B,0,20,1790168,218.52,255,255,48
SAMPLE,0,FIXED_MAX,OFF_B,0,21,1786155,218.03,255,255,48
SAMPLE,0,FIXED_MAX,OFF_B,0,22,1794827,219.09,255,255,49
SAMPLE,0,FIXED_MAX,OFF_B,0,23,1792079,218.75,255,255,49
SAMPLE,0,FIXED_MAX,OFF_B,0,24,1793776,218.96,255,255,50
SAMPLE,0,FIXED_MAX,ON_B,1,0,1977210,241.35,255,255,51
SAMPLE,0,FIXED_MAX,ON_B,1,1,1980907,241.80,255,255,52
SAMPLE,0,FIXED_MAX,ON_B,1,2,1981675,241.90,255,255,53
SAMPLE,0,FIXED_MAX,ON_B,1,3,1979103,241.58,255,255,54
SAMPLE,0,FIXED_MAX,ON_B,1,4,1979081,241.58,255,255,55
SAMPLE,0,FIXED_MAX,ON_B,1,5,1984782,242.28,255,255,56
SAMPLE,0,FIXED_MAX,ON_B,1,6,1979456,241.63,255,255,57
SAMPLE,0,FIXED_MAX,ON_B,1,7,1976558,241.27,255,255,58
SAMPLE,0,FIXED_MAX,ON_B,1,8,1984902,242.29,255,255,59
SAMPLE,0,FIXED_MAX,ON_B,1,9,1974729,241.05,255,255,60
SAMPLE,0,FIXED_MAX,ON_B,1,10,1983080,242.07,255,255,61
SAMPLE,0,FIXED_MAX,ON_B,1,11,1973960,240.96,255,255,62
SAMPLE,0,FIXED_MAX,ON_B,1,12,1986079,242.44,255,255,63
SAMPLE,0,FIXED_MAX,ON_B,1,13,1978384,241.50,255,255,64
SAMPLE,0,FIXED_MAX,ON_B,1,14,1978287,241.49,255,255,65
SAMPLE,0,FIXED_MAX,ON_B,1,15,1978414,241.50,255,255,66
SAMPLE,0,FIXED_MAX,ON_B,1,16,1978946,241.57,255,255,67
SAMPLE,0,FIXED_MAX,ON_B,1,17,1976784,241.30,255,255,68
SAMPLE,0,FIXED_MAX,ON_B,1,18,1985721,242.39,255,255,69
SAMPLE,0,FIXED_MAX,ON_B,1,19,1979724,241.66,255,255,70
SAMPLE,0,FIXED_MAX,ON_B,1,20,1986090,242.44,255,255,71
SAMPLE,0,FIXED_MAX,ON_B,1,21,1970950,240.59,255,255,72
SAMPLE,0,FIXED_MAX,ON_B,1,22,1982418,241.99,255,255,73
SAMPLE,0,FIXED_MAX,ON_B,1,23,1983812,242.16,255,255,74
SAMPLE,0,FIXED_MAX,ON_B,1,24,1979326,241.61,255,255,75
SAMPLE,1,FIXED_MAX,OFF_A,0,0,1785573,217.96,255,255,76
SAMPLE,1,FIXED_MAX,OFF_A,0,1,1792659,218.83,255,255,76
SAMPLE,1,FIXED_MAX,OFF_A,0,2,1789339,218.42,255,255,77
SAMPLE,1,FIXED_MAX,OFF_A,0,3,1790682,218.58,255,255,77
SAMPLE,1,FIXED_MAX,OFF_A,0,4,1787220,218.16,255,255,78
SAMPLE,1,FIXED_MAX,OFF_A,0,5,1793562,218.94,255,255,78
SAMPLE,1,FIXED_MAX,OFF_A,0,6,1788449,218.31,255,255,79
SAMPLE,1,FIXED_MAX,OFF_A,0,7,1791796,218.72,255,255,79
SAMPLE,1,FIXED_MAX,OFF_A,0,8,1784007,217.77,255,255,80
SAMPLE,1,FIXED_MAX,OFF_A,0,9,1784226,217.80,255,255,80
SAMPLE,1,FIXED_MAX,OFF_A,0,10,1790589,218.57,255,255,81
SAMPLE,1,FIXED_MAX,OFF_A,0,11,1796430,219.29,255,255,81
SAMPLE,1,FIXED_MAX,OFF_A,0,12,1791822,218.72,255,255,82
SAMPLE,1,FIXED_MAX,OFF_A,0,13,1794981,219.11,255,255,83
SAMPLE,1,FIXED_MAX,OFF_A,0,14,1783349,217.69,255,255,83
SAMPLE,1,FIXED_MAX,OFF_A,0,15,1785770,217.98,255,255,84
SAMPLE,1,FIXED_MAX,OFF_A,0,16,1791842,218.73,255,255,84
SAMPLE,1,FIXED_MAX,OFF_A,0,17,1796459,219.29,255,255,85
SAMPLE,1,FIXED_MAX,OFF_A,0,18,1789365,218.42,255,255,86
SAMPLE,1,FIXED_MAX,OFF_A,0,19,1779318,217.20,255,255,86
SAMPLE,1,FIXED_MAX,OFF_A,0,20,1784407,217.82,255,255,87
SAMPLE,1,FIXED_MAX,OFF_A,0,21,1795089,219.12,255,255,87
SAMPLE,1,FIXED_MAX,OFF_A,0,22,1796911,219.34,255,255,88
SAMPLE,1,FIXED_MAX,OFF_A,0,23,1786504,218.07,255,255,88
SAMPLE,1,FIXED_MAX,OFF_A,0,24,1783138,217.66,255,255,89
SAMPLE,1,FIXED_MAX,ON_A,1,0,1981430,241.87,255,255,90
SAMPLE,1,FIXED_MAX,ON_A,1,1,1983762,242.15,255,255,91
SAMPLE,1,FIXED_MAX,ON_A,1,2,1974077,240.97,255,255,92
SAMPLE,1,FIXED_MAX,ON_A,1,3,1980525,241.76,255,255,93
SAMPLE,1,FIXED_MAX,ON_A,1,4,1979464,241.63,255,255,94
SAMPLE,1,FIXED_MAX,ON_A,1,5,1980110,241.71,255,255,95
SAMPLE,1,FIXED_MAX,ON_A,1,6,1979388,241.62,255,255,96
SAMPLE,1,FIXED_MAX,ON_A,1,7,1977802,241.43,255,255,97
SAMPLE,1,FIXED_MAX,ON_A,1,8,1980812,241.79,255,255,98
SAMPLE,1,FIXED_MAX,ON_A,1,9,1975002,241.08,255,255,99
SAMPLE,1,FIXED_MAX,ON_A,1,10,1979249,241.60,255,255,100
SAMPLE,1,FIXED_MAX,ON_A,1,11,1970807,240.57,255,255,101
SAMPLE,1,FIXED_MAX,ON_A,1,12,1981230,241.84,255,255,102
SAMPLE,1,FIXED_MAX,ON_A,1,13,1974592,241.03,255,255,103
SAMPLE,1,FIXED_MAX,ON_A,1,14,1981515,241.88,255,255,104
SAMPLE,1,FIXED_MAX,ON_A,1,15,1976534,241.27,255,255,105
SAMPLE,1,FIXED_MAX,ON_A,1,16,1977520,241.39,255,255,106
SAMPLE,1,FIXED_MAX,ON_A,1,17,1981938,241.93,255,255,107
SAMPLE,1,FIXED_MAX,ON_A,1,18,1983309,242.10,255,255,108
SAMPLE,1,FIXED_MAX,ON_A,1,19,1978009,241.45,255,255,109
SAMPLE,1,FIXED_MAX,ON_A,1,20,1980421,241.75,255,255,110
SAMPLE,1,FIXED_MAX,ON_A,1,21,1974549,241.03,255,255,111
SAMPLE,1,FIXED_MAX,ON_A,1,22,1980397,241.74,255,255,112
SAMPLE,1,FIXED_MAX,ON_A,1,23,1983889,242.17,255,255,113
SAMPLE,1,FIXED_MAX,ON_A,1,24,1978342,241.49,255,255,114
SAMPLE,1,FIXED_MAX,OFF_B,0,0,1786973,218.13,255,255,115
SAMPLE,1,FIXED_MAX,OFF_B,0,1,1785706,217.98,255,255,115
SAMPLE,1,FIXED_MAX,OFF_B,0,2,1789488,218.44,255,255,116
SAMPLE,1,FIXED_MAX,OFF_B,0,3,1793066,218.88,255,255,116
SAMPLE,1,FIXED_MAX,OFF_B,0,4,1789726,218.47,255,255,117
SAMPLE,1,FIXED_MAX,OFF_B,0,5,1789622,218.45,255,255,117
SAMPLE,1,FIXED_MAX,OFF_B,0,6,1785759,217.98,255,255,118
SAMPLE,1,FIXED_MAX,OFF_B,0,7,1793355,218.91,255,255,118
SAMPLE,1,FIXED_MAX,OFF_B,0,8,1782786,217.62,255,255,119
SAMPLE,1,FIXED_MAX,OFF_B,0,9,1789735,218.47,255,255,119
SAMPLE,1,FIXED_MAX,OFF_B,0,10,1793744,218.96,255,255,120
SAMPLE,1,FIXED_MAX,OFF_B,0,11,1792389,218.79,255,255,120
SAMPLE,1,FIXED_MAX,OFF_B,0,12,1788430,218.31,255,255,121
SAMPLE,1,FIXED_MAX,OFF_B,0,13,1786743,218.10,255,255,121
SAMPLE,1,FIXED_MAX,OFF_B,0,14,1795336,219.15,255,255,122
SAMPLE,1,FIXED_MAX,OFF_B,0,15,1788400,218.31,255,255,122
SAMPLE,1,FIXED_MAX,OFF_B,0,16,1789195,218.40,255,255,123
SAMPLE,1,FIXED_MAX,OFF_B,0,17,1786355,218.06,255,255,123
SAMPLE,1,FIXED_MAX,OFF_B,0,18,1783040,217.65,255,255,124
SAMPLE,1,FIXED_MAX,OFF_B,0,19,1790574,218.57,255,255,124
SAMPLE,1,FIXED_MAX,OFF_B,0,20,1785077,217.90,255,255,125
SAMPLE,1,FIXED_MAX,OFF_B,0,21,1793781,218.96,255,255,125

SAMPLE,1,FIXED_MAX,OFF_B,0,22,1799467,219.66,255,255,126
SAMPLE,1,FIXED_MAX,OFF_B,0,23,1795129,219.13,255,255,127
SAMPLE,1,FIXED_MAX,OFF_B,0,24,1788258,218.29,255,255,127
SAMPLE,1,FIXED_MAX,ON_B,1,0,1975825,241.18,255,255,128
SAMPLE,1,FIXED_MAX,ON_B,1,1,1983480,242.12,255,255,129
SAMPLE,1,FIXED_MAX,ON_B,1,2,1977458,241.38,255,255,130
SAMPLE,1,FIXED_MAX,ON_B,1,3,1982487,242.00,255,255,131
SAMPLE,1,FIXED_MAX,ON_B,1,4,1977504,241.39,255,255,132
SAMPLE,1,FIXED_MAX,ON_B,1,5,1978066,241.46,255,255,133
SAMPLE,1,FIXED_MAX,ON_B,1,6,1977419,241.38,255,255,134
SAMPLE,1,FIXED_MAX,ON_B,1,7,1979910,241.68,255,255,135
SAMPLE,1,FIXED_MAX,ON_B,1,8,1980550,241.76,255,255,136
SAMPLE,1,FIXED_MAX,ON_B,1,9,1978050,241.46,255,255,137
SAMPLE,1,FIXED_MAX,ON_B,1,10,1977711,241.41,255,255,138
SAMPLE,1,FIXED_MAX,ON_B,1,11,1983324,242.10,255,255,139
SAMPLE,1,FIXED_MAX,ON_B,1,12,1978917,241.56,255,255,140
SAMPLE,1,FIXED_MAX,ON_B,1,13,1979467,241.63,255,255,141
SAMPLE,1,FIXED_MAX,ON_B,1,14,1981712,241.90,255,255,142
SAMPLE,1,FIXED_MAX,ON_B,1,15,1984230,242.21,255,255,143
SAMPLE,1,FIXED_MAX,ON_B,1,16,1978786,241.55,255,255,144
SAMPLE,1,FIXED_MAX,ON_B,1,17,1976401,241.25,255,255,145
SAMPLE,1,FIXED_MAX,ON_B,1,18,1975004,241.08,255,255,146
SAMPLE,1,FIXED_MAX,ON_B,1,19,1984019,242.18,255,255,147
SAMPLE,1,FIXED_MAX,ON_B,1,20,1978922,241.56,255,255,148
SAMPLE,1,FIXED_MAX,ON_B,1,21,1980387,241.74,255,255,149
SAMPLE,1,FIXED_MAX,ON_B,1,22,1981219,241.84,255,255,150
SAMPLE,1,FIXED_MAX,ON_B,1,23,1970831,240.57,255,255,151
SAMPLE,1,FIXED_MAX,ON_B,1,24,1979019,241.57,255,255,152
SAMPLE,2,FIXED_MAX,OFF_A,0,0,1796659,219.31,255,255,153
SAMPLE,2,FIXED_MAX,OFF_A,0,1,1787272,218.17,255,255,154
SAMPLE,2,FIXED_MAX,OFF_A,0,2,1787841,218.24,255,255,154
SAMPLE,2,FIXED_MAX,OFF_A,0,3,1789888,218.49,255,255,155
SAMPLE,2,FIXED_MAX,OFF_A,0,4,1785279,217.92,255,255,155
SAMPLE,2,FIXED_MAX,OFF_A,0,5,1790770,218.59,255,255,156
SAMPLE,2,FIXED_MAX,OFF_A,0,6,1787136,218.15,255,255,156
SAMPLE,2,FIXED_MAX,OFF_A,0,7,1783491,217.71,255,255,157

SAMPLE,2,FIXED_MAX,OFF_A,0,8,1785176,217.91,255,255,157
SAMPLE,2,FIXED_MAX,OFF_A,0,9,1792937,218.86,255,255,158
SAMPLE,2,FIXED_MAX,OFF_A,0,10,1783195,217.67,255,255,158
SAMPLE,2,FIXED_MAX,OFF_A,0,11,1789732,218.47,255,255,159
SAMPLE,2,FIXED_MAX,OFF_A,0,12,1790837,218.60,255,255,159
SAMPLE,2,FIXED_MAX,OFF_A,0,13,1782274,217.56,255,255,160
SAMPLE,2,FIXED_MAX,OFF_A,0,14,1795335,219.15,255,255,160
SAMPLE,2,FIXED_MAX,OFF_A,0,15,1792520,218.81,255,255,161
SAMPLE,2,FIXED_MAX,OFF_A,0,16,1793775,218.96,255,255,162
SAMPLE,2,FIXED_MAX,OFF_A,0,17,1791005,218.62,255,255,162
SAMPLE,2,FIXED_MAX,OFF_A,0,18,1789790,218.48,255,255,163
SAMPLE,2,FIXED_MAX,OFF_A,0,19,1789664,218.46,255,255,163
SAMPLE,2,FIXED_MAX,OFF_A,0,20,1794412,219.04,255,255,164
SAMPLE,2,FIXED_MAX,OFF_A,0,21,1795007,219.11,255,255,165
SAMPLE,2,FIXED_MAX,OFF_A,0,22,1793232,218.90,255,255,165
SAMPLE,2,FIXED_MAX,OFF_A,0,23,1789768,218.47,255,255,166
SAMPLE,2,FIXED_MAX,OFF_A,0,24,1788068,218.27,255,255,166
SAMPLE,2,FIXED_MAX,ON_A,1,0,1980874,241.80,255,255,167
SAMPLE,2,FIXED_MAX,ON_A,1,1,1984981,242.30,255,255,168
SAMPLE,2,FIXED_MAX,ON_A,1,2,1974430,241.01,255,255,169
SAMPLE,2,FIXED_MAX,ON_A,1,3,1978200,241.47,255,255,170
SAMPLE,2,FIXED_MAX,ON_A,1,4,1979534,241.64,255,255,171
SAMPLE,2,FIXED_MAX,ON_A,1,5,1978384,241.50,255,255,172
SAMPLE,2,FIXED_MAX,ON_A,1,6,1981439,241.87,255,255,173
SAMPLE,2,FIXED_MAX,ON_A,1,7,1978636,241.53,255,255,174
SAMPLE,2,FIXED_MAX,ON_A,1,8,1987102,242.56,255,255,175
SAMPLE,2,FIXED_MAX,ON_A,1,9,1972825,240.82,255,255,176
SAMPLE,2,FIXED_MAX,ON_A,1,10,1980291,241.73,255,255,177
SAMPLE,2,FIXED_MAX,ON_A,1,11,1979453,241.63,255,255,178
SAMPLE,2,FIXED_MAX,ON_A,1,12,1976126,241.22,255,255,179
SAMPLE,2,FIXED_MAX,ON_A,1,13,1973794,240.94,255,255,180
SAMPLE,2,FIXED_MAX,ON_A,1,14,1979213,241.60,255,255,181
SAMPLE,2,FIXED_MAX,ON_A,1,15,1979239,241.60,255,255,182
SAMPLE,2,FIXED_MAX,ON_A,1,16,1984334,242.22,255,255,183
SAMPLE,2,FIXED_MAX,ON_A,1,17,1973142,240.86,255,255,184
SAMPLE,2,FIXED_MAX,ON_A,1,18,1973518,240.90,255,255,185
SAMPLE,2,FIXED_MAX,ON_A,1,19,1982005,241.94,255,255,186
SAMPLE,2,FIXED_MAX,ON_A,1,20,1976677,241.29,255,255,187
SAMPLE,2,FIXED_MAX,ON_A,1,21,1979114,241.59,255,255,188
SAMPLE,2,FIXED_MAX,ON_A,1,22,1981958,241.93,255,255,189
SAMPLE,2,FIXED_MAX,ON_A,1,23,1977186,241.35,255,255,190
SAMPLE,2,FIXED_MAX,ON_A,1,24,1980132,241.71,255,255,191
SAMPLE,2,FIXED_MAX,OFF_B,0,0,1790365,218.55,255,255,192
SAMPLE,2,FIXED_MAX,OFF_B,0,1,1784678,217.85,255,255,192
SAMPLE,2,FIXED_MAX,OFF_B,0,2,1785622,217.97,255,255,193
SAMPLE,2,FIXED_MAX,OFF_B,0,3,1782807,217.62,255,255,193
SAMPLE,2,FIXED_MAX,OFF_B,0,4,1796826,219.33,255,255,194
SAMPLE,2,FIXED_MAX,OFF_B,0,5,1787619,218.21,255,255,195
SAMPLE,2,FIXED_MAX,OFF_B,0,6,1791335,218.66,255,255,195
SAMPLE,2,FIXED_MAX,OFF_B,0,7,1787881,218.24,255,255,196
SAMPLE,2,FIXED_MAX,OFF_B,0,8,1787970,218.25,255,255,196
SAMPLE,2,FIXED_MAX,OFF_B,0,9,1786419,218.06,255,255,197
SAMPLE,2,FIXED_MAX,OFF_B,0,10,1791655,218.70,255,255,197
SAMPLE,2,FIXED_MAX,OFF_B,0,11,1795559,219.18,255,255,198
SAMPLE,2,FIXED_MAX,OFF_B,0,12,1788278,218.29,255,255,198
SAMPLE,2,FIXED_MAX,OFF_B,0,13,1784556,217.84,255,255,199
SAMPLE,2,FIXED_MAX,OFF_B,0,14,1784889,217.88,255,255,199
SAMPLE,2,FIXED_MAX,OFF_B,0,15,1790028,218.50,255,255,200
SAMPLE,2,FIXED_MAX,OFF_B,0,16,1786996,218.13,255,255,200
SAMPLE,2,FIXED_MAX,OFF_B,0,17,1789574,218.45,255,255,201
SAMPLE,2,FIXED_MAX,OFF_B,0,18,1787235,218.16,255,255,201
SAMPLE,2,FIXED_MAX,OFF_B,0,19,1794549,219.06,255,255,202
SAMPLE,2,FIXED_MAX,OFF_B,0,20,1792134,218.76,255,255,202
SAMPLE,2,FIXED_MAX,OFF_B,0,21,1790966,218.62,255,255,203
SAMPLE,2,FIXED_MAX,OFF_B,0,22,1793776,218.96,255,255,203
SAMPLE,2,FIXED_MAX,OFF_B,0,23,1796511,219.30,255,255,204
SAMPLE,2,FIXED_MAX,OFF_B,0,24,1781810,217.50,255,255,205
SAMPLE,2,FIXED_MAX,ON_B,1,0,1977665,241.41,255,255,206
SAMPLE,2,FIXED_MAX,ON_B,1,1,1977900,241.44,255,255,207
SAMPLE,2,FIXED_MAX,ON_B,1,2,1978952,241.57,255,255,208
SAMPLE,2,FIXED_MAX,ON_B,1,3,1977422,241.38,255,255,209
SAMPLE,2,FIXED_MAX,ON_B,1,4,1980343,241.74,255,255,210
SAMPLE,2,FIXED_MAX,ON_B,1,5,1984450,242.24,255,255,211
SAMPLE,2,FIXED_MAX,ON_B,1,6,1980463,241.75,255,255,212
SAMPLE,2,FIXED_MAX,ON_B,1,7,1982833,242.04,255,255,213
SAMPLE,2,FIXED_MAX,ON_B,1,8,1977878,241.44,255,255,214
SAMPLE,2,FIXED_MAX,ON_B,1,9,1981924,241.93,255,255,215
SAMPLE,2,FIXED_MAX,ON_B,1,10,1977918,241.44,255,255,216
SAMPLE,2,FIXED_MAX,ON_B,1,11,1974239,240.99,255,255,217
SAMPLE,2,FIXED_MAX,ON_B,1,12,1990786,243.01,255,255,218
SAMPLE,2,FIXED_MAX,ON_B,1,13,1975701,241.17,255,255,219
SAMPLE,2,FIXED_MAX,ON_B,1,14,1984135,242.20,255,255,220
SAMPLE,2,FIXED_MAX,ON_B,1,15,1975953,241.20,255,255,221
SAMPLE,2,FIXED_MAX,ON_B,1,16,1976886,241.31,255,255,222
SAMPLE,2,FIXED_MAX,ON_B,1,17,1977187,241.35,255,255,223
SAMPLE,2,FIXED_MAX,ON_B,1,18,1977278,241.36,255,255,224
SAMPLE,2,FIXED_MAX,ON_B,1,19,1978005,241.45,255,255,225
SAMPLE,2,FIXED_MAX,ON_B,1,20,1976713,241.29,255,255,226
SAMPLE,2,FIXED_MAX,ON_B,1,21,1981661,241.90,255,255,227
SAMPLE,2,FIXED_MAX,ON_B,1,22,1975729,241.17,255,255,228
SAMPLE,2,FIXED_MAX,ON_B,1,23,1981019,241.82,255,255,229
SAMPLE,2,FIXED_MAX,ON_B,1,24,1984562,242.25,255,255,230
MODE_END,FIXED_MAX
MODE_BEGIN,STATIC_B8
SAMPLE,0,STATIC_B8,OFF_A,0,0,1149802,140.35,255,255,0
SAMPLE,0,STATIC_B8,OFF_A,0,1,1150767,140.47,255,255,0
SAMPLE,0,STATIC_B8,OFF_A,0,2,1149346,140.30,255,255,0
SAMPLE,0,STATIC_B8,OFF_A,0,3,1153281,140.78,255,255,1
SAMPLE,0,STATIC_B8,OFF_A,0,4,1150708,140.46,255,255,1
SAMPLE,0,STATIC_B8,OFF_A,0,5,1150417,140.43,255,255,1
SAMPLE,0,STATIC_B8,OFF_A,0,6,1152785,140.72,255,255,2
SAMPLE,0,STATIC_B8,OFF_A,0,7,1149818,140.35,255,255,2
SAMPLE,0,STATIC_B8,OFF_A,0,8,1150919,140.49,255,255,2
SAMPLE,0,STATIC_B8,OFF_A,0,9,1152854,140.72,255,255,3
SAMPLE,0,STATIC_B8,OFF_A,0,10,1149599,140.33,255,255,3
SAMPLE,0,STATIC_B8,OFF_A,0,11,1152881,140.73,255,255,3
SAMPLE,0,STATIC_B8,OFF_A,0,12,1152351,140.66,255,255,4
SAMPLE,0,STATIC_B8,OFF_A,0,13,1151296,140.53,255,255,4
SAMPLE,0,STATIC_B8,OFF_A,0,14,1150062,140.38,255,255,4
SAMPLE,0,STATIC_B8,OFF_A,0,15,1150395,140.42,255,255,5
SAMPLE,0,STATIC_B8,OFF_A,0,16,1148539,140.20,255,255,5
SAMPLE,0,STATIC_B8,OFF_A,0,17,1148405,140.18,255,255,5
SAMPLE,0,STATIC_B8,OFF_A,0,18,1147667,140.09,255,255,6
SAMPLE,0,STATIC_B8,OFF_A,0,19,1151638,140.58,255,255,6
SAMPLE,0,STATIC_B8,OFF_A,0,20,1149833,140.36,255,255,6
SAMPLE,0,STATIC_B8,OFF_A,0,21,1150656,140.46,255,255,7
SAMPLE,0,STATIC_B8,OFF_A,0,22,1151610,140.57,255,255,7
SAMPLE,0,STATIC_B8,OFF_A,0,23,1149544,140.32,255,255,7
SAMPLE,0,STATIC_B8,OFF_A,0,24,1151461,140.55,255,255,8
SAMPLE,0,STATIC_B8,ON_A,1,0,1295701,158.16,255,255,9
SAMPLE,0,STATIC_B8,ON_A,1,1,1302010,158.93,255,255,9
SAMPLE,0,STATIC_B8,ON_A,1,2,1294740,158.04,255,255,9
SAMPLE,0,STATIC_B8,ON_A,1,3,1293442,157.89,255,255,10
SAMPLE,0,STATIC_B8,ON_A,1,4,1296833,158.30,255,255,10
SAMPLE,0,STATIC_B8,ON_A,1,5,1299994,158.69,255,255,10
SAMPLE,0,STATIC_B8,ON_A,1,6,1296919,158.31,255,255,11
SAMPLE,0,STATIC_B8,ON_A,1,7,1298154,158.46,255,255,11
SAMPLE,0,STATIC_B8,ON_A,1,8,1297385,158.37,255,255,11
SAMPLE,0,STATIC_B8,ON_A,1,9,1297716,158.41,255,255,12
SAMPLE,0,STATIC_B8,ON_A,1,10,1294116,157.97,255,255,12
SAMPLE,0,STATIC_B8,ON_A,1,11,1300645,158.77,255,255,12
SAMPLE,0,STATIC_B8,ON_A,1,12,1297349,158.36,255,255,13
SAMPLE,0,STATIC_B8,ON_A,1,13,1294455,158.01,255,255,13
SAMPLE,0,STATIC_B8,ON_A,1,14,1298381,158.49,255,255,13
SAMPLE,0,STATIC_B8,ON_A,1,15,1292913,157.82,255,255,14
SAMPLE,0,STATIC_B8,ON_A,1,16,1297257,158.35,255,255,14
SAMPLE,0,STATIC_B8,ON_A,1,17,1297245,158.35,255,255,14
SAMPLE,0,STATIC_B8,ON_A,1,18,1299162,158.58,255,255,15
SAMPLE,0,STATIC_B8,ON_A,1,19,1297930,158.43,255,255,15
SAMPLE,0,STATIC_B8,ON_A,1,20,1296699,158.28,255,255,15
SAMPLE,0,STATIC_B8,ON_A,1,21,1296744,158.29,255,255,16
SAMPLE,0,STATIC_B8,ON_A,1,22,1301069,158.82,255,255,16
SAMPLE,0,STATIC_B8,ON_A,1,23,1297836,158.42,255,255,16
SAMPLE,0,STATIC_B8,ON_A,1,24,1296688,158.28,255,255,17
SAMPLE,0,STATIC_B8,OFF_B,0,0,1151070,140.51,255,255,18
SAMPLE,0,STATIC_B8,OFF_B,0,1,1152395,140.67,255,255,18
SAMPLE,0,STATIC_B8,OFF_B,0,2,1150886,140.48,255,255,18
SAMPLE,0,STATIC_B8,OFF_B,0,3,1150434,140.43,255,255,19
SAMPLE,0,STATIC_B8,OFF_B,0,4,1150819,140.48,255,255,19
SAMPLE,0,STATIC_B8,OFF_B,0,5,1149649,140.33,255,255,19
SAMPLE,0,STATIC_B8,OFF_B,0,6,1151247,140.53,255,255,20
SAMPLE,0,STATIC_B8,OFF_B,0,7,1153242,140.77,255,255,20
SAMPLE,0,STATIC_B8,OFF_B,0,8,1155204,141.01,255,255,20
SAMPLE,0,STATIC_B8,OFF_B,0,9,1149664,140.33,255,255,21
SAMPLE,0,STATIC_B8,OFF_B,0,10,1150784,140.47,255,255,21
SAMPLE,0,STATIC_B8,OFF_B,0,11,1151667,140.58,255,255,21
SAMPLE,0,STATIC_B8,OFF_B,0,12,1149407,140.30,255,255,22
SAMPLE,0,STATIC_B8,OFF_B,0,13,1149373,140.30,255,255,22
SAMPLE,0,STATIC_B8,OFF_B,0,14,1151510,140.56,255,255,22
SAMPLE,0,STATIC_B8,OFF_B,0,15,1150593,140.45,255,255,23
SAMPLE,0,STATIC_B8,OFF_B,0,16,1148000,140.13,255,255,23
SAMPLE,0,STATIC_B8,OFF_B,0,17,1149298,140.29,255,255,23
SAMPLE,0,STATIC_B8,OFF_B,0,18,1148470,140.19,255,255,24
SAMPLE,0,STATIC_B8,OFF_B,0,19,1150112,140.39,255,255,24
SAMPLE,0,STATIC_B8,OFF_B,0,20,1147590,140.08,255,255,24
SAMPLE,0,STATIC_B8,OFF_B,0,21,1152103,140.63,255,255,25
SAMPLE,0,STATIC_B8,OFF_B,0,22,1148613,140.21,255,255,25
SAMPLE,0,STATIC_B8,OFF_B,0,23,1152199,140.64,255,255,25
SAMPLE,0,STATIC_B8,OFF_B,0,24,1149288,140.29,255,255,26
SAMPLE,0,STATIC_B8,ON_B,1,0,1298849,158.55,255,255,27
SAMPLE,0,STATIC_B8,ON_B,1,1,1296885,158.31,255,255,27
SAMPLE,0,STATIC_B8,ON_B,1,2,1295570,158.15,255,255,27
SAMPLE,0,STATIC_B8,ON_B,1,3,1298802,158.54,255,255,28
SAMPLE,0,STATIC_B8,ON_B,1,4,1296446,158.25,255,255,28
SAMPLE,0,STATIC_B8,ON_B,1,5,1298585,158.51,255,255,28
SAMPLE,0,STATIC_B8,ON_B,1,6,1294320,157.99,255,255,29
SAMPLE,0,STATIC_B8,ON_B,1,7,1294552,158.02,255,255,29
SAMPLE,0,STATIC_B8,ON_B,1,8,1302438,158.98,255,255,29
SAMPLE,0,STATIC_B8,ON_B,1,9,1300177,158.71,255,255,30
SAMPLE,0,STATIC_B8,ON_B,1,10,1297229,158.35,255,255,30
SAMPLE,0,STATIC_B8,ON_B,1,11,1291651,157.67,255,255,30
SAMPLE,0,STATIC_B8,ON_B,1,12,1303535,159.12,255,255,31
SAMPLE,0,STATIC_B8,ON_B,1,13,1295101,158.09,255,255,31
SAMPLE,0,STATIC_B8,ON_B,1,14,1292487,157.77,255,255,31
SAMPLE,0,STATIC_B8,ON_B,1,15,1298117,158.46,255,255,32
SAMPLE,0,STATIC_B8,ON_B,1,16,1292066,157.72,255,255,32
SAMPLE,0,STATIC_B8,ON_B,1,17,1294941,158.07,255,255,32
SAMPLE,0,STATIC_B8,ON_B,1,18,1300598,158.76,255,255,33
SAMPLE,0,STATIC_B8,ON_B,1,19,1296682,158.28,255,255,33
SAMPLE,0,STATIC_B8,ON_B,1,20,1297894,158.43,255,255,33
SAMPLE,0,STATIC_B8,ON_B,1,21,1294229,157.98,255,255,34
SAMPLE,0,STATIC_B8,ON_B,1,22,1294357,158.00,255,255,34
SAMPLE,0,STATIC_B8,ON_B,1,23,1300887,158.79,255,255,34
SAMPLE,0,STATIC_B8,ON_B,1,24,1296786,158.29,255,255,35
SAMPLE,1,STATIC_B8,OFF_A,0,0,1148601,140.21,255,255,36
SAMPLE,1,STATIC_B8,OFF_A,0,1,1153212,140.77,255,255,36
SAMPLE,1,STATIC_B8,OFF_A,0,2,1150104,140.39,255,255,36
SAMPLE,1,STATIC_B8,OFF_A,0,3,1151740,140.59,255,255,37
SAMPLE,1,STATIC_B8,OFF_A,0,4,1150279,140.41,255,255,37
SAMPLE,1,STATIC_B8,OFF_A,0,5,1149407,140.30,255,255,37
SAMPLE,1,STATIC_B8,OFF_A,0,6,1150473,140.43,255,255,38
SAMPLE,1,STATIC_B8,OFF_A,0,7,1151004,140.50,255,255,38
SAMPLE,1,STATIC_B8,OFF_A,0,8,1148479,140.19,255,255,38
SAMPLE,1,STATIC_B8,OFF_A,0,9,1150705,140.46,255,255,39
SAMPLE,1,STATIC_B8,OFF_A,0,10,1151096,140.51,255,255,39
SAMPLE,1,STATIC_B8,OFF_A,0,11,1151149,140.52,255,255,39
SAMPLE,1,STATIC_B8,OFF_A,0,12,1148114,140.15,255,255,40
SAMPLE,1,STATIC_B8,OFF_A,0,13,1151349,140.54,255,255,40
SAMPLE,1,STATIC_B8,OFF_A,0,14,1151824,140.60,255,255,40
SAMPLE,1,STATIC_B8,OFF_A,0,15,1151288,140.53,255,255,41
SAMPLE,1,STATIC_B8,OFF_A,0,16,1149843,140.36,255,255,41
SAMPLE,1,STATIC_B8,OFF_A,0,17,1148834,140.23,255,255,41
SAMPLE,1,STATIC_B8,OFF_A,0,18,1151156,140.52,255,255,42
SAMPLE,1,STATIC_B8,OFF_A,0,19,1148419,140.18,255,255,42
SAMPLE,1,STATIC_B8,OFF_A,0,20,1151198,140.52,255,255,42
SAMPLE,1,STATIC_B8,OFF_A,0,21,1149419,140.30,255,255,43
SAMPLE,1,STATIC_B8,OFF_A,0,22,1152348,140.66,255,255,43
SAMPLE,1,STATIC_B8,OFF_A,0,23,1152170,140.64,255,255,43
SAMPLE,1,STATIC_B8,OFF_A,0,24,1148205,140.16,255,255,44
SAMPLE,1,STATIC_B8,ON_A,1,0,1298434,158.50,255,255,45
SAMPLE,1,STATIC_B8,ON_A,1,1,1303139,159.07,255,255,45
SAMPLE,1,STATIC_B8,ON_A,1,2,1300018,158.69,255,255,45
SAMPLE,1,STATIC_B8,ON_A,1,3,1299826,158.67,255,255,46
SAMPLE,1,STATIC_B8,ON_A,1,4,1300777,158.78,255,255,46
SAMPLE,1,STATIC_B8,ON_A,1,5,1298506,158.50,255,255,46
SAMPLE,1,STATIC_B8,ON_A,1,6,1297747,158.41,255,255,47
SAMPLE,1,STATIC_B8,ON_A,1,7,1298909,158.55,255,255,47
SAMPLE,1,STATIC_B8,ON_A,1,8,1301745,158.90,255,255,47
SAMPLE,1,STATIC_B8,ON_A,1,9,1297193,158.34,255,255,48
SAMPLE,1,STATIC_B8,ON_A,1,10,1296760,158.29,255,255,48
SAMPLE,1,STATIC_B8,ON_A,1,11,1299353,158.61,255,255,48
SAMPLE,1,STATIC_B8,ON_A,1,12,1302212,158.96,255,255,49
SAMPLE,1,STATIC_B8,ON_A,1,13,1294395,158.00,255,255,49
SAMPLE,1,STATIC_B8,ON_A,1,14,1295991,158.20,255,255,49
SAMPLE,1,STATIC_B8,ON_A,1,15,1297943,158.44,255,255,50
SAMPLE,1,STATIC_B8,ON_A,1,16,1294367,158.00,255,255,50
SAMPLE,1,STATIC_B8,ON_A,1,17,1296483,158.26,255,255,50
SAMPLE,1,STATIC_B8,ON_A,1,18,1290791,157.56,255,255,51
SAMPLE,1,STATIC_B8,ON_A,1,19,1299427,158.62,255,255,51
SAMPLE,1,STATIC_B8,ON_A,1,20,1298867,158.55,255,255,51
SAMPLE,1,STATIC_B8,ON_A,1,21,1293831,157.93,255,255,52
SAMPLE,1,STATIC_B8,ON_A,1,22,1300628,158.76,255,255,52
SAMPLE,1,STATIC_B8,ON_A,1,23,1298699,158.53,255,255,52
SAMPLE,1,STATIC_B8,ON_A,1,24,1296632,158.28,255,255,53
SAMPLE,1,STATIC_B8,OFF_B,0,0,1148075,140.14,255,255,54
SAMPLE,1,STATIC_B8,OFF_B,0,1,1149717,140.34,255,255,54
SAMPLE,1,STATIC_B8,OFF_B,0,2,1148714,140.22,255,255,54
SAMPLE,1,STATIC_B8,OFF_B,0,3,1150945,140.49,255,255,55
SAMPLE,1,STATIC_B8,OFF_B,0,4,1146489,139.95,255,255,55
SAMPLE,1,STATIC_B8,OFF_B,0,5,1152638,140.70,255,255,55
SAMPLE,1,STATIC_B8,OFF_B,0,6,1152327,140.66,255,255,56
SAMPLE,1,STATIC_B8,OFF_B,0,7,1151222,140.53,255,255,56
SAMPLE,1,STATIC_B8,OFF_B,0,8,1151394,140.55,255,255,56
SAMPLE,1,STATIC_B8,OFF_B,0,9,1148061,140.14,255,255,57
SAMPLE,1,STATIC_B8,OFF_B,0,10,1153940,140.86,255,255,57
SAMPLE,1,STATIC_B8,OFF_B,0,11,1152092,140.63,255,255,57
SAMPLE,1,STATIC_B8,OFF_B,0,12,1153076,140.75,255,255,58
SAMPLE,1,STATIC_B8,OFF_B,0,13,1151089,140.51,255,255,58
SAMPLE,1,STATIC_B8,OFF_B,0,14,1150424,140.43,255,255,58
SAMPLE,1,STATIC_B8,OFF_B,0,15,1151816,140.60,255,255,59
SAMPLE,1,STATIC_B8,OFF_B,0,16,1151160,140.52,255,255,59
SAMPLE,1,STATIC_B8,OFF_B,0,17,1151315,140.54,255,255,59
SAMPLE,1,STATIC_B8,OFF_B,0,18,1151336,140.54,255,255,60
SAMPLE,1,STATIC_B8,OFF_B,0,19,1150873,140.48,255,255,60
SAMPLE,1,STATIC_B8,OFF_B,0,20,1148696,140.22,255,255,60
SAMPLE,1,STATIC_B8,OFF_B,0,21,1149488,140.31,255,255,61
SAMPLE,1,STATIC_B8,OFF_B,0,22,1151767,140.59,255,255,61
SAMPLE,1,STATIC_B8,OFF_B,0,23,1148145,140.15,255,255,61
SAMPLE,1,STATIC_B8,OFF_B,0,24,1150570,140.45,255,255,62
SAMPLE,1,STATIC_B8,ON_B,1,0,1292888,157.82,255,255,63
SAMPLE,1,STATIC_B8,ON_B,1,1,1302122,158.95,255,255,63
SAMPLE,1,STATIC_B8,ON_B,1,2,1298880,158.55,255,255,63
SAMPLE,1,STATIC_B8,ON_B,1,3,1300585,158.76,255,255,64
SAMPLE,1,STATIC_B8,ON_B,1,4,1296500,158.26,255,255,64
SAMPLE,1,STATIC_B8,ON_B,1,5,1292826,157.81,255,255,64
SAMPLE,1,STATIC_B8,ON_B,1,6,1294328,157.99,255,255,65
SAMPLE,1,STATIC_B8,ON_B,1,7,1297665,158.40,255,255,65
SAMPLE,1,STATIC_B8,ON_B,1,8,1296434,158.25,255,255,65
SAMPLE,1,STATIC_B8,ON_B,1,9,1301114,158.82,255,255,66
SAMPLE,1,STATIC_B8,ON_B,1,10,1300620,158.76,255,255,66
SAMPLE,1,STATIC_B8,ON_B,1,11,1292573,157.78,255,255,66
SAMPLE,1,STATIC_B8,ON_B,1,12,1295238,158.11,255,255,67
SAMPLE,1,STATIC_B8,ON_B,1,13,1293395,157.88,255,255,67
SAMPLE,1,STATIC_B8,ON_B,1,14,1291542,157.65,255,255,67
SAMPLE,1,STATIC_B8,ON_B,1,15,1300187,158.71,255,255,68
SAMPLE,1,STATIC_B8,ON_B,1,16,1295401,158.13,255,255,68
SAMPLE,1,STATIC_B8,ON_B,1,17,1300620,158.76,255,255,68
SAMPLE,1,STATIC_B8,ON_B,1,18,1294732,158.04,255,255,69
SAMPLE,1,STATIC_B8,ON_B,1,19,1293084,157.84,255,255,69
SAMPLE,1,STATIC_B8,ON_B,1,20,1297977,158.44,255,255,69
SAMPLE,1,STATIC_B8,ON_B,1,21,1296433,158.25,255,255,70
SAMPLE,1,STATIC_B8,ON_B,1,22,1296089,158.21,255,255,70
SAMPLE,1,STATIC_B8,ON_B,1,23,1296460,158.25,255,255,70
SAMPLE,1,STATIC_B8,ON_B,1,24,1301737,158.90,255,255,71
SAMPLE,2,STATIC_B8,OFF_A,0,0,1151892,140.61,255,255,72
SAMPLE,2,STATIC_B8,OFF_A,0,1,1151613,140.57,255,255,72
SAMPLE,2,STATIC_B8,OFF_A,0,2,1152135,140.64,255,255,72
SAMPLE,2,STATIC_B8,OFF_A,0,3,1147339,140.05,255,255,73
SAMPLE,2,STATIC_B8,OFF_A,0,4,1149120,140.27,255,255,73
SAMPLE,2,STATIC_B8,OFF_A,0,5,1150798,140.47,255,255,73
SAMPLE,2,STATIC_B8,OFF_A,0,6,1149927,140.37,255,255,74
SAMPLE,2,STATIC_B8,OFF_A,0,7,1150261,140.41,255,255,74
SAMPLE,2,STATIC_B8,OFF_A,0,8,1153270,140.78,255,255,74
SAMPLE,2,STATIC_B8,OFF_A,0,9,1149833,140.36,255,255,75
SAMPLE,2,STATIC_B8,OFF_A,0,10,1151888,140.61,255,255,75
SAMPLE,2,STATIC_B8,OFF_A,0,11,1148075,140.14,255,255,75
SAMPLE,2,STATIC_B8,OFF_A,0,12,1151161,140.52,255,255,76
SAMPLE,2,STATIC_B8,OFF_A,0,13,1148743,140.22,255,255,76
SAMPLE,2,STATIC_B8,OFF_A,0,14,1150860,140.48,255,255,76
SAMPLE,2,STATIC_B8,OFF_A,0,15,1150283,140.41,255,255,77
SAMPLE,2,STATIC_B8,OFF_A,0,16,1151078,140.51,255,255,77
SAMPLE,2,STATIC_B8,OFF_A,0,17,1151136,140.51,255,255,77
SAMPLE,2,STATIC_B8,OFF_A,0,18,1150465,140.43,255,255,78
SAMPLE,2,STATIC_B8,OFF_A,0,19,1147955,140.13,255,255,78
SAMPLE,2,STATIC_B8,OFF_A,0,20,1151050,140.50,255,255,78
SAMPLE,2,STATIC_B8,OFF_A,0,21,1148140,140.15,255,255,79
SAMPLE,2,STATIC_B8,OFF_A,0,22,1148872,140.24,255,255,79
SAMPLE,2,STATIC_B8,OFF_A,0,23,1147838,140.11,255,255,79
SAMPLE,2,STATIC_B8,OFF_A,0,24,1152297,140.66,255,255,80
SAMPLE,2,STATIC_B8,ON_A,1,0,1297533,158.39,255,255,81
SAMPLE,2,STATIC_B8,ON_A,1,1,1299280,158.60,255,255,81
SAMPLE,2,STATIC_B8,ON_A,1,2,1296005,158.20,255,255,81
SAMPLE,2,STATIC_B8,ON_A,1,3,1295936,158.19,255,255,82
SAMPLE,2,STATIC_B8,ON_A,1,4,1296494,158.26,255,255,82
SAMPLE,2,STATIC_B8,ON_A,1,5,1295437,158.13,255,255,82
SAMPLE,2,STATIC_B8,ON_A,1,6,1294973,158.07,255,255,83
SAMPLE,2,STATIC_B8,ON_A,1,7,1295111,158.09,255,255,83
SAMPLE,2,STATIC_B8,ON_A,1,8,1297331,158.36,255,255,83
SAMPLE,2,STATIC_B8,ON_A,1,9,1296713,158.29,255,255,84
SAMPLE,2,STATIC_B8,ON_A,1,10,1297731,158.41,255,255,84
SAMPLE,2,STATIC_B8,ON_A,1,11,1294118,157.97,255,255,84
SAMPLE,2,STATIC_B8,ON_A,1,12,1296857,158.30,255,255,85
SAMPLE,2,STATIC_B8,ON_A,1,13,1296497,158.26,255,255,85
SAMPLE,2,STATIC_B8,ON_A,1,14,1296318,158.24,255,255,85
SAMPLE,2,STATIC_B8,ON_A,1,15,1296401,158.25,255,255,86
SAMPLE,2,STATIC_B8,ON_A,1,16,1294898,158.06,255,255,86
SAMPLE,2,STATIC_B8,ON_A,1,17,1302806,159.03,255,255,86
SAMPLE,2,STATIC_B8,ON_A,1,18,1295694,158.16,255,255,87
SAMPLE,2,STATIC_B8,ON_A,1,19,1298338,158.48,255,255,87
SAMPLE,2,STATIC_B8,ON_A,1,20,1296898,158.31,255,255,87
SAMPLE,2,STATIC_B8,ON_A,1,21,1292874,157.82,255,255,88
SAMPLE,2,STATIC_B8,ON_A,1,22,1298852,158.55,255,255,88
SAMPLE,2,STATIC_B8,ON_A,1,23,1299987,158.68,255,255,88
SAMPLE,2,STATIC_B8,ON_A,1,24,1299227,158.59,255,255,89
SAMPLE,2,STATIC_B8,OFF_B,0,0,1149500,140.31,255,255,90
SAMPLE,2,STATIC_B8,OFF_B,0,1,1151505,140.56,255,255,90
SAMPLE,2,STATIC_B8,OFF_B,0,2,1153042,140.75,255,255,90
SAMPLE,2,STATIC_B8,OFF_B,0,3,1149850,140.36,255,255,91
SAMPLE,2,STATIC_B8,OFF_B,0,4,1147160,140.03,255,255,91
SAMPLE,2,STATIC_B8,OFF_B,0,5,1151112,140.51,255,255,91
SAMPLE,2,STATIC_B8,OFF_B,0,6,1152089,140.63,255,255,92
SAMPLE,2,STATIC_B8,OFF_B,0,7,1151339,140.54,255,255,92
SAMPLE,2,STATIC_B8,OFF_B,0,8,1152153,140.64,255,255,92
SAMPLE,2,STATIC_B8,OFF_B,0,9,1151300,140.53,255,255,93
SAMPLE,2,STATIC_B8,OFF_B,0,10,1150961,140.49,255,255,93
SAMPLE,2,STATIC_B8,OFF_B,0,11,1150725,140.46,255,255,93
SAMPLE,2,STATIC_B8,OFF_B,0,12,1151190,140.52,255,255,94
SAMPLE,2,STATIC_B8,OFF_B,0,13,1147234,140.04,255,255,94
SAMPLE,2,STATIC_B8,OFF_B,0,14,1149189,140.28,255,255,94
SAMPLE,2,STATIC_B8,OFF_B,0,15,1153377,140.79,255,255,95
SAMPLE,2,STATIC_B8,OFF_B,0,16,1152797,140.72,255,255,95
SAMPLE,2,STATIC_B8,OFF_B,0,17,1148515,140.19,255,255,95
SAMPLE,2,STATIC_B8,OFF_B,0,18,1151289,140.53,255,255,96
SAMPLE,2,STATIC_B8,OFF_B,0,19,1149799,140.35,255,255,96
SAMPLE,2,STATIC_B8,OFF_B,0,20,1151444,140.55,255,255,96
SAMPLE,2,STATIC_B8,OFF_B,0,21,1151937,140.61,255,255,97
SAMPLE,2,STATIC_B8,OFF_B,0,22,1150393,140.42,255,255,97
SAMPLE,2,STATIC_B8,OFF_B,0,23,1150332,140.42,255,255,97
SAMPLE,2,STATIC_B8,OFF_B,0,24,1150698,140.46,255,255,98
SAMPLE,2,STATIC_B8,ON_B,1,0,1296711,158.28,255,255,99
SAMPLE,2,STATIC_B8,ON_B,1,1,1296144,158.22,255,255,99
SAMPLE,2,STATIC_B8,ON_B,1,2,1298458,158.50,255,255,99
SAMPLE,2,STATIC_B8,ON_B,1,3,1296937,158.31,255,255,100
SAMPLE,2,STATIC_B8,ON_B,1,4,1296851,158.30,255,255,100
SAMPLE,2,STATIC_B8,ON_B,1,5,1290477,157.52,255,255,100
SAMPLE,2,STATIC_B8,ON_B,1,6,1301053,158.81,255,255,101
SAMPLE,2,STATIC_B8,ON_B,1,7,1293165,157.85,255,255,101
SAMPLE,2,STATIC_B8,ON_B,1,8,1293282,157.87,255,255,101
SAMPLE,2,STATIC_B8,ON_B,1,9,1297198,158.34,255,255,102
SAMPLE,2,STATIC_B8,ON_B,1,10,1293510,157.89,255,255,102
SAMPLE,2,STATIC_B8,ON_B,1,11,1296725,158.29,255,255,102
SAMPLE,2,STATIC_B8,ON_B,1,12,1293585,157.90,255,255,103
SAMPLE,2,STATIC_B8,ON_B,1,13,1295353,158.12,255,255,103
SAMPLE,2,STATIC_B8,ON_B,1,14,1296737,158.29,255,255,103
SAMPLE,2,STATIC_B8,ON_B,1,15,1299722,158.65,255,255,104
SAMPLE,2,STATIC_B8,ON_B,1,16,1287921,157.21,255,255,104
SAMPLE,2,STATIC_B8,ON_B,1,17,1298622,158.52,255,255,104
SAMPLE,2,STATIC_B8,ON_B,1,18,1296984,158.32,255,255,105
SAMPLE,2,STATIC_B8,ON_B,1,19,1296156,158.22,255,255,105
SAMPLE,2,STATIC_B8,ON_B,1,20,1298375,158.49,255,255,105
SAMPLE,2,STATIC_B8,ON_B,1,21,1299998,158.69,255,255,106
SAMPLE,2,STATIC_B8,ON_B,1,22,1298000,158.44,255,255,106
SAMPLE,2,STATIC_B8,ON_B,1,23,1294199,157.98,255,255,106
SAMPLE,2,STATIC_B8,ON_B,1,24,1298392,158.49,255,255,107
MODE_END,STATIC_B8
MODE_BEGIN,RBR_50
SAMPLE,0,RBR_50,OFF_A,0,0,995626,121.53,255,255,0
SAMPLE,0,RBR_50,OFF_A,0,1,995874,121.56,255,255,0
SAMPLE,0,RBR_50,OFF_A,0,2,995877,121.56,255,255,0
SAMPLE,0,RBR_50,OFF_A,0,3,996231,121.61,255,255,0
SAMPLE,0,RBR_50,OFF_A,0,4,998588,121.89,255,255,0
SAMPLE,0,RBR_50,OFF_A,0,5,1009289,123.20,255,255,1
SAMPLE,0,RBR_50,OFF_A,0,6,1011134,123.42,255,255,1
SAMPLE,0,RBR_50,OFF_A,0,7,1009218,123.19,255,255,1
SAMPLE,0,RBR_50,OFF_A,0,8,1009429,123.22,255,255,1
SAMPLE,0,RBR_50,OFF_A,0,9,1009325,123.20,255,255,1
SAMPLE,0,RBR_50,OFF_A,0,10,1040478,127.01,255,255,2
SAMPLE,0,RBR_50,OFF_A,0,11,1038423,126.76,255,255,2
SAMPLE,0,RBR_50,OFF_A,0,12,1039930,126.94,255,255,2
SAMPLE,0,RBR_50,OFF_A,0,13,1039045,126.83,255,255,2
SAMPLE,0,RBR_50,OFF_A,0,14,1040353,126.99,255,255,2
SAMPLE,0,RBR_50,OFF_A,0,15,999278,121.98,255,255,3
SAMPLE,0,RBR_50,OFF_A,0,16,997941,121.81,255,255,3
SAMPLE,0,RBR_50,OFF_A,0,17,998600,121.89,255,255,3
SAMPLE,0,RBR_50,OFF_A,0,18,1000490,122.13,255,255,3
SAMPLE,0,RBR_50,OFF_A,0,19,1000695,122.15,255,255,3
SAMPLE,0,RBR_50,OFF_A,0,20,1036223,126.49,255,255,4
SAMPLE,0,RBR_50,OFF_A,0,21,1035803,126.44,255,255,4
SAMPLE,0,RBR_50,OFF_A,0,22,1036379,126.51,255,255,4
SAMPLE,0,RBR_50,OFF_A,0,23,1034869,126.32,255,255,4
SAMPLE,0,RBR_50,OFF_A,0,24,1035908,126.45,255,255,4
SAMPLE,0,RBR_50,ON_A,1,0,1067613,130.32,255,255,5
SAMPLE,0,RBR_50,ON_A,1,1,1069045,130.49,255,255,5
SAMPLE,0,RBR_50,ON_A,1,2,1062779,129.73,255,255,5
SAMPLE,0,RBR_50,ON_A,1,3,1075324,131.26,255,255,5
SAMPLE,0,RBR_50,ON_A,1,4,1073207,131.00,255,255,5
SAMPLE,0,RBR_50,ON_A,1,5,1105865,134.99,255,255,6
SAMPLE,0,RBR_50,ON_A,1,6,1107502,135.19,255,255,6
SAMPLE,0,RBR_50,ON_A,1,7,1097914,134.02,255,255,6
SAMPLE,0,RBR_50,ON_A,1,8,1108719,135.34,255,255,6
SAMPLE,0,RBR_50,ON_A,1,9,1107322,135.17,255,255,6
SAMPLE,0,RBR_50,ON_A,1,10,1073855,131.08,255,255,7
SAMPLE,0,RBR_50,ON_A,1,11,1073386,131.02,255,255,7
SAMPLE,0,RBR_50,ON_A,1,12,1071330,130.77,255,255,7
SAMPLE,0,RBR_50,ON_A,1,13,1068391,130.41,255,255,7
SAMPLE,0,RBR_50,ON_A,1,14,1069556,130.56,255,255,7
SAMPLE,0,RBR_50,ON_A,1,15,1073468,131.03,255,255,8
SAMPLE,0,RBR_50,ON_A,1,16,1070223,130.64,255,255,8
SAMPLE,0,RBR_50,ON_A,1,17,1075328,131.26,255,255,8
SAMPLE,0,RBR_50,ON_A,1,18,1075494,131.28,255,255,8
SAMPLE,0,RBR_50,ON_A,1,19,1074729,131.19,255,255,8
SAMPLE,0,RBR_50,ON_A,1,20,1094027,133.54,255,255,9
SAMPLE,0,RBR_50,ON_A,1,21,1097245,133.94,255,255,9
SAMPLE,0,RBR_50,ON_A,1,22,1099291,134.19,255,255,9
SAMPLE,0,RBR_50,ON_A,1,23,1097184,133.93,255,255,9
SAMPLE,0,RBR_50,ON_A,1,24,1097778,134.00,255,255,9
SAMPLE,0,RBR_50,OFF_B,0,0,986010,120.36,255,255,10
SAMPLE,0,RBR_50,OFF_B,0,1,986245,120.39,255,255,10
SAMPLE,0,RBR_50,OFF_B,0,2,989247,120.75,255,255,10
SAMPLE,0,RBR_50,OFF_B,0,3,987572,120.55,255,255,10
SAMPLE,0,RBR_50,OFF_B,0,4,986499,120.42,255,255,10
SAMPLE,0,RBR_50,OFF_B,0,5,965836,117.89,255,255,11
SAMPLE,0,RBR_50,OFF_B,0,6,964898,117.78,255,255,11
SAMPLE,0,RBR_50,OFF_B,0,7,964324,117.71,255,255,11
SAMPLE,0,RBR_50,OFF_B,0,8,967944,118.15,255,255,11
SAMPLE,0,RBR_50,OFF_B,0,9,967758,118.13,255,255,11
SAMPLE,0,RBR_50,OFF_B,0,10,965119,117.81,255,255,12
SAMPLE,0,RBR_50,OFF_B,0,11,966348,117.96,255,255,12
SAMPLE,0,RBR_50,OFF_B,0,12,964473,117.73,255,255,12
SAMPLE,0,RBR_50,OFF_B,0,13,966077,117.92,255,255,12
SAMPLE,0,RBR_50,OFF_B,0,14,967120,118.05,255,255,12
SAMPLE,0,RBR_50,OFF_B,0,15,1035092,126.35,255,255,13
SAMPLE,0,RBR_50,OFF_B,0,16,1032504,126.03,255,255,13
SAMPLE,0,RBR_50,OFF_B,0,17,1035980,126.46,255,255,13
SAMPLE,0,RBR_50,OFF_B,0,18,1033846,126.20,255,255,13
SAMPLE,0,RBR_50,OFF_B,0,19,1034447,126.27,255,255,13
SAMPLE,0,RBR_50,OFF_B,0,20,973166,118.79,255,255,14
SAMPLE,0,RBR_50,OFF_B,0,21,972668,118.73,255,255,14
SAMPLE,0,RBR_50,OFF_B,0,22,970708,118.49,255,255,14
SAMPLE,0,RBR_50,OFF_B,0,23,970894,118.51,255,255,14
SAMPLE,0,RBR_50,OFF_B,0,24,991643,121.05,255,255,15
SAMPLE,0,RBR_50,ON_B,1,0,1107481,135.19,255,255,16
SAMPLE,0,RBR_50,ON_B,1,1,1108156,135.27,255,255,16
SAMPLE,0,RBR_50,ON_B,1,2,1104869,134.87,255,255,16
SAMPLE,0,RBR_50,ON_B,1,3,1107358,135.17,255,255,16
SAMPLE,0,RBR_50,ON_B,1,4,1109192,135.39,255,255,16
SAMPLE,0,RBR_50,ON_B,1,5,1096818,133.88,255,255,17
SAMPLE,0,RBR_50,ON_B,1,6,1097322,133.95,255,255,17
SAMPLE,0,RBR_50,ON_B,1,7,1101416,134.45,255,255,17
SAMPLE,0,RBR_50,ON_B,1,8,1098913,134.14,255,255,17
SAMPLE,0,RBR_50,ON_B,1,9,1098367,134.07,255,255,17
SAMPLE,0,RBR_50,ON_B,1,10,1098983,134.15,255,255,18
SAMPLE,0,RBR_50,ON_B,1,11,1100626,134.35,255,255,18
SAMPLE,0,RBR_50,ON_B,1,12,1107019,135.13,255,255,18
SAMPLE,0,RBR_50,ON_B,1,13,1103422,134.69,255,255,18
SAMPLE,0,RBR_50,ON_B,1,14,1102097,134.53,255,255,18
SAMPLE,0,RBR_50,ON_B,1,15,1103134,134.65,255,255,19
SAMPLE,0,RBR_50,ON_B,1,16,1107757,135.22,255,255,19
SAMPLE,0,RBR_50,ON_B,1,17,1104290,134.80,255,255,19
SAMPLE,0,RBR_50,ON_B,1,18,1103927,134.75,255,255,19
SAMPLE,0,RBR_50,ON_B,1,19,1101307,134.43,255,255,19
SAMPLE,0,RBR_50,ON_B,1,20,1095573,133.73,255,255,20
SAMPLE,0,RBR_50,ON_B,1,21,1098094,134.04,255,255,20
SAMPLE,0,RBR_50,ON_B,1,22,1102358,134.56,255,255,20
SAMPLE,0,RBR_50,ON_B,1,23,1100861,134.38,255,255,20
SAMPLE,0,RBR_50,ON_B,1,24,1100376,134.32,255,255,20
SAMPLE,1,RBR_50,OFF_A,0,0,1045839,127.66,255,255,21
SAMPLE,1,RBR_50,OFF_A,0,1,1045374,127.60,255,255,21
SAMPLE,1,RBR_50,OFF_A,0,2,1044098,127.45,255,255,21
SAMPLE,1,RBR_50,OFF_A,0,3,1045366,127.60,255,255,21
SAMPLE,1,RBR_50,OFF_A,0,4,1045015,127.56,255,255,21
SAMPLE,1,RBR_50,OFF_A,0,5,1008092,123.05,255,255,22
SAMPLE,1,RBR_50,OFF_A,0,6,1007097,122.93,255,255,22
SAMPLE,1,RBR_50,OFF_A,0,7,1006475,122.86,255,255,22
SAMPLE,1,RBR_50,OFF_A,0,8,1006921,122.91,255,255,22
SAMPLE,1,RBR_50,OFF_A,0,9,1008015,123.04,255,255,22
SAMPLE,1,RBR_50,OFF_A,0,10,1007052,122.93,255,255,23
SAMPLE,1,RBR_50,OFF_A,0,11,1004323,122.59,255,255,23
SAMPLE,1,RBR_50,OFF_A,0,12,1002448,122.36,255,255,23
SAMPLE,1,RBR_50,OFF_A,0,13,1004555,122.62,255,255,23
SAMPLE,1,RBR_50,OFF_A,0,14,1004526,122.62,255,255,23
SAMPLE,1,RBR_50,OFF_A,0,15,1001931,122.30,255,255,24
SAMPLE,1,RBR_50,OFF_A,0,16,1005885,122.78,255,255,24
SAMPLE,1,RBR_50,OFF_A,0,17,1003771,122.53,255,255,24
SAMPLE,1,RBR_50,OFF_A,0,18,1003323,122.47,255,255,24
SAMPLE,1,RBR_50,OFF_A,0,19,1003556,122.50,255,255,24
SAMPLE,1,RBR_50,OFF_A,0,20,1047006,127.80,255,255,25
SAMPLE,1,RBR_50,OFF_A,0,21,1045353,127.60,255,255,25
SAMPLE,1,RBR_50,OFF_A,0,22,1046487,127.74,255,255,25
SAMPLE,1,RBR_50,OFF_A,0,23,1046966,127.80,255,255,25
SAMPLE,1,RBR_50,OFF_A,0,24,967027,118.04,255,255,26
SAMPLE,1,RBR_50,ON_A,1,0,1107028,135.13,255,255,27
SAMPLE,1,RBR_50,ON_A,1,1,1109401,135.42,255,255,27
SAMPLE,1,RBR_50,ON_A,1,2,1106641,135.08,255,255,27
SAMPLE,1,RBR_50,ON_A,1,3,1110312,135.53,255,255,27
SAMPLE,1,RBR_50,ON_A,1,4,1108716,135.34,255,255,27
SAMPLE,1,RBR_50,ON_A,1,5,1073837,131.08,255,255,28
SAMPLE,1,RBR_50,ON_A,1,6,1080779,131.93,255,255,28
SAMPLE,1,RBR_50,ON_A,1,7,1073310,131.01,255,255,28
SAMPLE,1,RBR_50,ON_A,1,8,1073526,131.04,255,255,28
SAMPLE,1,RBR_50,ON_A,1,9,1073854,131.08,255,255,28
SAMPLE,1,RBR_50,ON_A,1,10,1101606,134.47,255,255,29
SAMPLE,1,RBR_50,ON_A,1,11,1102279,134.55,255,255,29
SAMPLE,1,RBR_50,ON_A,1,12,1096434,133.84,255,255,29
SAMPLE,1,RBR_50,ON_A,1,13,1099220,134.18,255,255,29
SAMPLE,1,RBR_50,ON_A,1,14,1099096,134.16,255,255,29
SAMPLE,1,RBR_50,ON_A,1,15,1082780,132.17,255,255,30
SAMPLE,1,RBR_50,ON_A,1,16,1087314,132.72,255,255,30
SAMPLE,1,RBR_50,ON_A,1,17,1083813,132.30,255,255,30
SAMPLE,1,RBR_50,ON_A,1,18,1083465,132.25,255,255,30
SAMPLE,1,RBR_50,ON_A,1,19,1088932,132.92,255,255,30
SAMPLE,1,RBR_50,ON_A,1,20,1063128,129.77,255,255,31
SAMPLE,1,RBR_50,ON_A,1,21,1058180,129.17,255,255,31
SAMPLE,1,RBR_50,ON_A,1,22,1060919,129.50,255,255,31
SAMPLE,1,RBR_50,ON_A,1,23,1060396,129.44,255,255,31
SAMPLE,1,RBR_50,ON_A,1,24,1057231,129.05,255,255,31
SAMPLE,1,RBR_50,OFF_B,0,0,968398,118.21,255,255,32
SAMPLE,1,RBR_50,OFF_B,0,1,968887,118.27,255,255,32
SAMPLE,1,RBR_50,OFF_B,0,2,967999,118.16,255,255,32
SAMPLE,1,RBR_50,OFF_B,0,3,969048,118.29,255,255,32
SAMPLE,1,RBR_50,OFF_B,0,4,967100,118.05,255,255,32
SAMPLE,1,RBR_50,OFF_B,0,5,1035961,126.46,255,255,33
SAMPLE,1,RBR_50,OFF_B,0,6,1034697,126.30,255,255,33
SAMPLE,1,RBR_50,OFF_B,0,7,1035131,126.35,255,255,33
SAMPLE,1,RBR_50,OFF_B,0,8,1034832,126.32,255,255,33
SAMPLE,1,RBR_50,OFF_B,0,9,996479,121.64,255,255,34
SAMPLE,1,RBR_50,OFF_B,0,10,993966,121.33,255,255,34
SAMPLE,1,RBR_50,OFF_B,0,11,993466,121.27,255,255,34
SAMPLE,1,RBR_50,OFF_B,0,12,994947,121.45,255,255,34
SAMPLE,1,RBR_50,OFF_B,0,13,992937,121.20,255,255,34
SAMPLE,1,RBR_50,OFF_B,0,14,1018062,124.27,255,255,35
SAMPLE,1,RBR_50,OFF_B,0,15,1018151,124.28,255,255,35
SAMPLE,1,RBR_50,OFF_B,0,16,1018964,124.38,255,255,35
SAMPLE,1,RBR_50,OFF_B,0,17,1019481,124.44,255,255,35
SAMPLE,1,RBR_50,OFF_B,0,18,1016919,124.13,255,255,35
SAMPLE,1,RBR_50,OFF_B,0,19,995245,121.48,255,255,36
SAMPLE,1,RBR_50,OFF_B,0,20,997499,121.76,255,255,36
SAMPLE,1,RBR_50,OFF_B,0,21,996696,121.66,255,255,36
SAMPLE,1,RBR_50,OFF_B,0,22,997034,121.70,255,255,36
SAMPLE,1,RBR_50,OFF_B,0,23,994528,121.40,255,255,36
SAMPLE,1,RBR_50,OFF_B,0,24,996645,121.66,255,255,37
SAMPLE,1,RBR_50,ON_B,1,0,1087723,132.77,255,255,38
SAMPLE,1,RBR_50,ON_B,1,1,1089319,132.97,255,255,38
SAMPLE,1,RBR_50,ON_B,1,2,1087989,132.81,255,255,38
SAMPLE,1,RBR_50,ON_B,1,3,1091523,133.24,255,255,38
SAMPLE,1,RBR_50,ON_B,1,4,1091149,133.19,255,255,38
SAMPLE,1,RBR_50,ON_B,1,5,1080911,131.94,255,255,39
SAMPLE,1,RBR_50,ON_B,1,6,1078559,131.66,255,255,39
SAMPLE,1,RBR_50,ON_B,1,7,1077454,131.52,255,255,39
SAMPLE,1,RBR_50,ON_B,1,8,1077477,131.52,255,255,39
SAMPLE,1,RBR_50,ON_B,1,9,1076619,131.42,255,255,39
SAMPLE,1,RBR_50,ON_B,1,10,1112434,135.79,255,255,40
SAMPLE,1,RBR_50,ON_B,1,11,1105253,134.91,255,255,40
SAMPLE,1,RBR_50,ON_B,1,12,1110603,135.57,255,255,40
SAMPLE,1,RBR_50,ON_B,1,13,1114417,136.03,255,255,40
SAMPLE,1,RBR_50,ON_B,1,14,1111019,135.62,255,255,40
SAMPLE,1,RBR_50,ON_B,1,15,1062586,129.71,255,255,41
SAMPLE,1,RBR_50,ON_B,1,16,1070656,130.69,255,255,41
SAMPLE,1,RBR_50,ON_B,1,17,1074499,131.16,255,255,41
SAMPLE,1,RBR_50,ON_B,1,18,1071658,130.81,255,255,41
SAMPLE,1,RBR_50,ON_B,1,19,1070061,130.62,255,255,41
SAMPLE,1,RBR_50,ON_B,1,20,1075499,131.28,255,255,42
SAMPLE,1,RBR_50,ON_B,1,21,1068363,130.41,255,255,42
SAMPLE,1,RBR_50,ON_B,1,22,1072274,130.89,255,255,42
SAMPLE,1,RBR_50,ON_B,1,23,1076031,131.35,255,255,42
SAMPLE,1,RBR_50,ON_B,1,24,1069861,130.59,255,255,42
SAMPLE,2,RBR_50,OFF_A,0,0,971627,118.60,255,255,43
SAMPLE,2,RBR_50,OFF_A,0,1,969884,118.39,255,255,43
SAMPLE,2,RBR_50,OFF_A,0,2,970142,118.42,255,255,43
SAMPLE,2,RBR_50,OFF_A,0,3,970430,118.46,255,255,43
SAMPLE,2,RBR_50,OFF_A,0,4,970493,118.46,255,255,43
SAMPLE,2,RBR_50,OFF_A,0,5,1042263,127.22,255,255,44
SAMPLE,2,RBR_50,OFF_A,0,6,1039475,126.88,255,255,44
SAMPLE,2,RBR_50,OFF_A,0,7,1042411,127.24,255,255,44
SAMPLE,2,RBR_50,OFF_A,0,8,1041869,127.18,255,255,44
SAMPLE,2,RBR_50,OFF_A,0,9,1041255,127.10,255,255,44
SAMPLE,2,RBR_50,OFF_A,0,10,1039268,126.86,255,255,45
SAMPLE,2,RBR_50,OFF_A,0,11,1039995,126.95,255,255,45
SAMPLE,2,RBR_50,OFF_A,0,12,1039483,126.89,255,255,45
SAMPLE,2,RBR_50,OFF_A,0,13,1039328,126.87,255,255,45
SAMPLE,2,RBR_50,OFF_A,0,14,1040873,127.05,255,255,45
SAMPLE,2,RBR_50,OFF_A,0,15,1042390,127.24,255,255,46
SAMPLE,2,RBR_50,OFF_A,0,16,1039759,126.92,255,255,46
SAMPLE,2,RBR_50,OFF_A,0,17,1040756,127.04,255,255,46
SAMPLE,2,RBR_50,OFF_A,0,18,1040107,126.96,255,255,46
SAMPLE,2,RBR_50,OFF_A,0,19,999378,121.99,255,255,47
SAMPLE,2,RBR_50,OFF_A,0,20,1000455,122.12,255,255,47
SAMPLE,2,RBR_50,OFF_A,0,21,999307,121.98,255,255,47
SAMPLE,2,RBR_50,OFF_A,0,22,998289,121.86,255,255,47
SAMPLE,2,RBR_50,OFF_A,0,23,997358,121.74,255,255,47
SAMPLE,2,RBR_50,OFF_A,0,24,1028293,125.52,255,255,48
SAMPLE,2,RBR_50,ON_A,1,0,1104538,134.83,255,255,49
SAMPLE,2,RBR_50,ON_A,1,1,1109162,135.39,255,255,49
SAMPLE,2,RBR_50,ON_A,1,2,1102849,134.62,255,255,49
SAMPLE,2,RBR_50,ON_A,1,3,1106428,135.06,255,255,49
SAMPLE,2,RBR_50,ON_A,1,4,1107890,135.24,255,255,49
SAMPLE,2,RBR_50,ON_A,1,5,1098054,134.03,255,255,50
SAMPLE,2,RBR_50,ON_A,1,6,1099614,134.23,255,255,50
SAMPLE,2,RBR_50,ON_A,1,7,1104214,134.79,255,255,50
SAMPLE,2,RBR_50,ON_A,1,8,1101942,134.51,255,255,50
SAMPLE,2,RBR_50,ON_A,1,9,1102982,134.64,255,255,50
SAMPLE,2,RBR_50,ON_A,1,10,1068713,130.45,255,255,51
SAMPLE,2,RBR_50,ON_A,1,11,1071164,130.75,255,255,51
SAMPLE,2,RBR_50,ON_A,1,12,1068258,130.40,255,255,51
SAMPLE,2,RBR_50,ON_A,1,13,1067536,130.31,255,255,51
SAMPLE,2,RBR_50,ON_A,1,14,1064863,129.98,255,255,51
SAMPLE,2,RBR_50,ON_A,1,15,1070733,130.70,255,255,52
SAMPLE,2,RBR_50,ON_A,1,16,1072855,130.96,255,255,52
SAMPLE,2,RBR_50,ON_A,1,17,1065684,130.08,255,255,52
SAMPLE,2,RBR_50,ON_A,1,18,1066507,130.18,255,255,52
SAMPLE,2,RBR_50,ON_A,1,19,1073211,131.00,255,255,52
SAMPLE,2,RBR_50,ON_A,1,20,1104584,134.83,255,255,53
SAMPLE,2,RBR_50,ON_A,1,21,1109206,135.40,255,255,53
SAMPLE,2,RBR_50,ON_A,1,22,1110924,135.61,255,255,53
SAMPLE,2,RBR_50,ON_A,1,23,1107147,135.14,255,255,53
SAMPLE,2,RBR_50,ON_A,1,24,1107100,135.14,255,255,53
SAMPLE,2,RBR_50,OFF_B,0,0,1018754,124.35,255,255,54
SAMPLE,2,RBR_50,OFF_B,0,1,1018398,124.31,255,255,54
SAMPLE,2,RBR_50,OFF_B,0,2,1016472,124.08,255,255,54
SAMPLE,2,RBR_50,OFF_B,0,3,1016647,124.10,255,255,54
SAMPLE,2,RBR_50,OFF_B,0,4,1017022,124.14,255,255,54
SAMPLE,2,RBR_50,OFF_B,0,5,967277,118.07,255,255,55
SAMPLE,2,RBR_50,OFF_B,0,6,966397,117.96,255,255,55
SAMPLE,2,RBR_50,OFF_B,0,7,967765,118.13,255,255,55
SAMPLE,2,RBR_50,OFF_B,0,8,967225,118.06,255,255,55
SAMPLE,2,RBR_50,OFF_B,0,9,970624,118.48,255,255,56
SAMPLE,2,RBR_50,OFF_B,0,10,970127,118.42,255,255,56
SAMPLE,2,RBR_50,OFF_B,0,11,970535,118.47,255,255,56
SAMPLE,2,RBR_50,OFF_B,0,12,970407,118.45,255,255,56
SAMPLE,2,RBR_50,OFF_B,0,13,970373,118.45,255,255,56
SAMPLE,2,RBR_50,OFF_B,0,14,994174,121.35,255,255,57
SAMPLE,2,RBR_50,OFF_B,0,15,998329,121.86,255,255,57
SAMPLE,2,RBR_50,OFF_B,0,16,995792,121.55,255,255,57
SAMPLE,2,RBR_50,OFF_B,0,17,995411,121.51,255,255,57
SAMPLE,2,RBR_50,OFF_B,0,18,993594,121.28,255,255,57
SAMPLE,2,RBR_50,OFF_B,0,19,1046358,127.72,255,255,58
SAMPLE,2,RBR_50,OFF_B,0,20,1046291,127.72,255,255,58
SAMPLE,2,RBR_50,OFF_B,0,21,1046395,127.73,255,255,58
SAMPLE,2,RBR_50,OFF_B,0,22,1045625,127.63,255,255,58
SAMPLE,2,RBR_50,OFF_B,0,23,1045964,127.68,255,255,58
SAMPLE,2,RBR_50,OFF_B,0,24,985304,120.27,255,255,59
SAMPLE,2,RBR_50,ON_B,1,0,1070496,130.67,255,255,60
SAMPLE,2,RBR_50,ON_B,1,1,1068403,130.42,255,255,60
SAMPLE,2,RBR_50,ON_B,1,2,1069308,130.53,255,255,60
SAMPLE,2,RBR_50,ON_B,1,3,1069504,130.55,255,255,60
SAMPLE,2,RBR_50,ON_B,1,4,1071234,130.76,255,255,60
SAMPLE,2,RBR_50,ON_B,1,5,1104633,134.84,255,255,61
SAMPLE,2,RBR_50,ON_B,1,6,1096352,133.83,255,255,61
SAMPLE,2,RBR_50,ON_B,1,7,1101426,134.45,255,255,61
SAMPLE,2,RBR_50,ON_B,1,8,1103726,134.73,255,255,61
SAMPLE,2,RBR_50,ON_B,1,9,1099980,134.27,255,255,61
SAMPLE,2,RBR_50,ON_B,1,10,1097185,133.93,255,255,62
SAMPLE,2,RBR_50,ON_B,1,11,1100316,134.31,255,255,62
SAMPLE,2,RBR_50,ON_B,1,12,1109809,135.47,255,255,62
SAMPLE,2,RBR_50,ON_B,1,13,1107160,135.15,255,255,62
SAMPLE,2,RBR_50,ON_B,1,14,1106455,135.06,255,255,62
SAMPLE,2,RBR_50,ON_B,1,15,1095660,133.74,255,255,63
SAMPLE,2,RBR_50,ON_B,1,16,1101380,134.44,255,255,63
SAMPLE,2,RBR_50,ON_B,1,17,1102652,134.60,255,255,63
SAMPLE,2,RBR_50,ON_B,1,18,1101100,134.41,255,255,63
SAMPLE,2,RBR_50,ON_B,1,19,1099702,134.24,255,255,63
SAMPLE,2,RBR_50,ON_B,1,20,1107167,135.15,255,255,64
SAMPLE,2,RBR_50,ON_B,1,21,1103583,134.71,255,255,64
SAMPLE,2,RBR_50,ON_B,1,22,1113169,135.88,255,255,64
SAMPLE,2,RBR_50,ON_B,1,23,1097263,133.94,255,255,64
SAMPLE,2,RBR_50,ON_B,1,24,1097563,133.97,255,255,64
MODE_END,RBR_50
MODE_BEGIN,RBR_67
SAMPLE,0,RBR_67,OFF_A,0,0,1081127,131.97,255,255,0
SAMPLE,0,RBR_67,OFF_A,0,1,1079454,131.76,255,255,0
SAMPLE,0,RBR_67,OFF_A,0,2,1078978,131.71,255,255,0
SAMPLE,0,RBR_67,OFF_A,0,3,1079413,131.76,255,255,0
SAMPLE,0,RBR_67,OFF_A,0,4,1131915,138.17,255,255,1
SAMPLE,0,RBR_67,OFF_A,0,5,1125018,137.33,255,255,1
SAMPLE,0,RBR_67,OFF_A,0,6,1125107,137.34,255,255,1
SAMPLE,0,RBR_67,OFF_A,0,7,1123344,137.12,255,255,2
SAMPLE,0,RBR_67,OFF_A,0,8,1122015,136.96,255,255,2
SAMPLE,0,RBR_67,OFF_A,0,9,1122597,137.03,255,255,2
SAMPLE,0,RBR_67,OFF_A,0,10,1121698,136.92,255,255,2
SAMPLE,0,RBR_67,OFF_A,0,11,1087058,132.69,255,255,3
SAMPLE,0,RBR_67,OFF_A,0,12,1088636,132.89,255,255,3
SAMPLE,0,RBR_67,OFF_A,0,13,1087314,132.72,255,255,3
SAMPLE,0,RBR_67,OFF_A,0,14,1123448,137.13,255,255,4
SAMPLE,0,RBR_67,OFF_A,0,15,1121746,136.93,255,255,4
SAMPLE,0,RBR_67,OFF_A,0,16,1122957,137.07,255,255,4
SAMPLE,0,RBR_67,OFF_A,0,17,1122184,136.98,255,255,4
SAMPLE,0,RBR_67,OFF_A,0,18,1083132,132.21,255,255,5
SAMPLE,0,RBR_67,OFF_A,0,19,1079018,131.71,255,255,5
SAMPLE,0,RBR_67,OFF_A,0,20,1079851,131.81,255,255,5
SAMPLE,0,RBR_67,OFF_A,0,21,1085891,132.55,255,255,6
SAMPLE,0,RBR_67,OFF_A,0,22,1114245,136.01,255,255,6
SAMPLE,0,RBR_67,OFF_A,0,23,1116383,136.27,255,255,6
SAMPLE,0,RBR_67,OFF_A,0,24,1114124,136.00,255,255,6
SAMPLE,0,RBR_67,ON_A,1,0,1249363,152.51,255,255,7
SAMPLE,0,RBR_67,ON_A,1,1,1258673,153.64,255,255,7
SAMPLE,0,RBR_67,ON_A,1,2,1253580,153.02,255,255,7
SAMPLE,0,RBR_67,ON_A,1,3,1260817,153.90,255,255,7
SAMPLE,0,RBR_67,ON_A,1,4,1257644,153.52,255,255,8
SAMPLE,0,RBR_67,ON_A,1,5,1253688,153.03,255,255,8
SAMPLE,0,RBR_67,ON_A,1,6,1256419,153.37,255,255,8
SAMPLE,0,RBR_67,ON_A,1,7,1250848,152.69,255,255,9
SAMPLE,0,RBR_67,ON_A,1,8,1261249,153.96,255,255,9
SAMPLE,0,RBR_67,ON_A,1,9,1248686,152.42,255,255,9
SAMPLE,0,RBR_67,ON_A,1,10,1252936,152.94,255,255,9
SAMPLE,0,RBR_67,ON_A,1,11,1255782,153.29,255,255,10
SAMPLE,0,RBR_67,ON_A,1,12,1257143,153.45,255,255,10
SAMPLE,0,RBR_67,ON_A,1,13,1267029,154.66,255,255,10
SAMPLE,0,RBR_67,ON_A,1,14,1258558,153.63,255,255,11
SAMPLE,0,RBR_67,ON_A,1,15,1266163,154.56,255,255,11
SAMPLE,0,RBR_67,ON_A,1,16,1258245,153.59,255,255,11
SAMPLE,0,RBR_67,ON_A,1,17,1253386,153.00,255,255,12
SAMPLE,0,RBR_67,ON_A,1,18,1255851,153.30,255,255,12
SAMPLE,0,RBR_67,ON_A,1,19,1253180,152.97,255,255,12
SAMPLE,0,RBR_67,ON_A,1,20,1249121,152.48,255,255,13
SAMPLE,0,RBR_67,ON_A,1,21,1258061,153.57,255,255,13
SAMPLE,0,RBR_67,ON_A,1,22,1257557,153.51,255,255,13
SAMPLE,0,RBR_67,ON_A,1,23,1267314,154.70,255,255,14
SAMPLE,0,RBR_67,ON_A,1,24,1254939,153.19,255,255,14
SAMPLE,0,RBR_67,OFF_B,0,0,1095598,133.73,255,255,15
SAMPLE,0,RBR_67,OFF_B,0,1,1081241,131.98,255,255,15
SAMPLE,0,RBR_67,OFF_B,0,2,1083767,132.29,255,255,15
SAMPLE,0,RBR_67,OFF_B,0,3,1079677,131.79,255,255,15
SAMPLE,0,RBR_67,OFF_B,0,4,1085865,132.55,255,255,16
SAMPLE,0,RBR_67,OFF_B,0,5,1086759,132.66,255,255,16
SAMPLE,0,RBR_67,OFF_B,0,6,1085005,132.44,255,255,16
SAMPLE,0,RBR_67,OFF_B,0,7,1085568,132.51,255,255,17
SAMPLE,0,RBR_67,OFF_B,0,8,1085453,132.50,255,255,17
SAMPLE,0,RBR_67,OFF_B,0,9,1087060,132.69,255,255,17
SAMPLE,0,RBR_67,OFF_B,0,10,1086408,132.61,255,255,17
SAMPLE,0,RBR_67,OFF_B,0,11,1163806,142.06,255,255,18
SAMPLE,0,RBR_67,OFF_B,0,12,1160725,141.69,255,255,18
SAMPLE,0,RBR_67,OFF_B,0,13,1125718,137.41,255,255,18
SAMPLE,0,RBR_67,OFF_B,0,14,1111608,135.69,255,255,19
SAMPLE,0,RBR_67,OFF_B,0,15,1115745,136.19,255,255,19
SAMPLE,0,RBR_67,OFF_B,0,16,1114061,135.99,255,255,19
SAMPLE,0,RBR_67,OFF_B,0,17,1114774,136.08,255,255,19
SAMPLE,0,RBR_67,OFF_B,0,18,1084120,132.33,255,255,20
SAMPLE,0,RBR_67,OFF_B,0,19,1083259,132.23,255,255,20
SAMPLE,0,RBR_67,OFF_B,0,20,1084025,132.32,255,255,20
SAMPLE,0,RBR_67,OFF_B,0,21,1079183,131.73,255,255,21
SAMPLE,0,RBR_67,OFF_B,0,22,1112675,135.82,255,255,21
SAMPLE,0,RBR_67,OFF_B,0,23,1113750,135.95,255,255,21
SAMPLE,0,RBR_67,OFF_B,0,24,1115290,136.14,255,255,21
SAMPLE,0,RBR_67,ON_B,1,0,1249544,152.53,255,255,22
SAMPLE,0,RBR_67,ON_B,1,1,1263333,154.21,255,255,22
SAMPLE,0,RBR_67,ON_B,1,2,1255588,153.27,255,255,22
SAMPLE,0,RBR_67,ON_B,1,3,1264143,154.31,255,255,22
SAMPLE,0,RBR_67,ON_B,1,4,1262467,154.10,255,255,23
SAMPLE,0,RBR_67,ON_B,1,5,1267949,154.77,255,255,23
SAMPLE,0,RBR_67,ON_B,1,6,1250332,152.62,255,255,23
SAMPLE,0,RBR_67,ON_B,1,7,1248983,152.46,255,255,24
SAMPLE,0,RBR_67,ON_B,1,8,1260993,153.92,255,255,24
SAMPLE,0,RBR_67,ON_B,1,9,1251566,152.77,255,255,24
SAMPLE,0,RBR_67,ON_B,1,10,1257414,153.49,255,255,24
SAMPLE,0,RBR_67,ON_B,1,11,1262541,154.11,255,255,25
SAMPLE,0,RBR_67,ON_B,1,12,1264844,154.39,255,255,25
SAMPLE,0,RBR_67,ON_B,1,13,1252793,152.92,255,255,25
SAMPLE,0,RBR_67,ON_B,1,14,1248296,152.37,255,255,26
SAMPLE,0,RBR_67,ON_B,1,15,1267664,154.74,255,255,26
SAMPLE,0,RBR_67,ON_B,1,16,1247292,152.25,255,255,26
SAMPLE,0,RBR_67,ON_B,1,17,1257332,153.48,255,255,27
SAMPLE,0,RBR_67,ON_B,1,18,1274737,155.60,255,255,27
SAMPLE,0,RBR_67,ON_B,1,19,1248631,152.42,255,255,27
SAMPLE,0,RBR_67,ON_B,1,20,1253141,152.97,255,255,28
SAMPLE,0,RBR_67,ON_B,1,21,1262815,154.15,255,255,28
SAMPLE,0,RBR_67,ON_B,1,22,1262991,154.17,255,255,28
SAMPLE,0,RBR_67,ON_B,1,23,1257207,153.46,255,255,29
SAMPLE,0,RBR_67,ON_B,1,24,1249274,152.49,255,255,29
SAMPLE,1,RBR_67,OFF_A,0,0,1080857,131.94,255,255,30
SAMPLE,1,RBR_67,OFF_A,0,1,1081326,131.99,255,255,30
SAMPLE,1,RBR_67,OFF_A,0,2,1081021,131.96,255,255,30
SAMPLE,1,RBR_67,OFF_A,0,3,1080987,131.95,255,255,30
SAMPLE,1,RBR_67,OFF_A,0,4,1154416,140.91,255,255,31
SAMPLE,1,RBR_67,OFF_A,0,5,1163622,142.04,255,255,31
SAMPLE,1,RBR_67,OFF_A,0,6,1161565,141.79,255,255,31
SAMPLE,1,RBR_67,OFF_A,0,7,1216705,148.52,255,255,32
SAMPLE,1,RBR_67,OFF_A,0,8,1215051,148.32,255,255,32
SAMPLE,1,RBR_67,OFF_A,0,9,1214120,148.20,255,255,32
SAMPLE,1,RBR_67,OFF_A,0,10,1214156,148.21,255,255,32
SAMPLE,1,RBR_67,OFF_A,0,11,1123763,137.17,255,255,33
SAMPLE,1,RBR_67,OFF_A,0,12,1119492,136.65,255,255,33
SAMPLE,1,RBR_67,OFF_A,0,13,1122763,137.05,255,255,33
SAMPLE,1,RBR_67,OFF_A,0,14,1162979,141.96,255,255,34
SAMPLE,1,RBR_67,OFF_A,0,15,1159543,141.54,255,255,34
SAMPLE,1,RBR_67,OFF_A,0,16,1159525,141.54,255,255,34
SAMPLE,1,RBR_67,OFF_A,0,17,1161051,141.72,255,255,34
SAMPLE,1,RBR_67,OFF_A,0,18,1128951,137.81,255,255,35
SAMPLE,1,RBR_67,OFF_A,0,19,1121435,136.89,255,255,35
SAMPLE,1,RBR_67,OFF_A,0,20,1121979,136.96,255,255,35
SAMPLE,1,RBR_67,OFF_A,0,21,1089300,132.97,255,255,36
SAMPLE,1,RBR_67,OFF_A,0,22,1086065,132.57,255,255,36
SAMPLE,1,RBR_67,OFF_A,0,23,1088684,132.89,255,255,36
SAMPLE,1,RBR_67,OFF_A,0,24,1087140,132.70,255,255,36
SAMPLE,1,RBR_67,ON_A,1,0,1253982,153.07,255,255,37
SAMPLE,1,RBR_67,ON_A,1,1,1251747,152.80,255,255,37
SAMPLE,1,RBR_67,ON_A,1,2,1254931,153.18,255,255,37
SAMPLE,1,RBR_67,ON_A,1,3,1260385,153.85,255,255,37
SAMPLE,1,RBR_67,ON_A,1,4,1263604,154.24,255,255,38
SAMPLE,1,RBR_67,ON_A,1,5,1253349,152.99,255,255,38
SAMPLE,1,RBR_67,ON_A,1,6,1255502,153.25,255,255,38
SAMPLE,1,RBR_67,ON_A,1,7,1258279,153.59,255,255,39
SAMPLE,1,RBR_67,ON_A,1,8,1253680,153.03,255,255,39
SAMPLE,1,RBR_67,ON_A,1,9,1255548,153.26,255,255,39
SAMPLE,1,RBR_67,ON_A,1,10,1269573,154.97,255,255,39
SAMPLE,1,RBR_67,ON_A,1,11,1258480,153.62,255,255,40
SAMPLE,1,RBR_67,ON_A,1,12,1257688,153.52,255,255,40
SAMPLE,1,RBR_67,ON_A,1,13,1252598,152.90,255,255,40
SAMPLE,1,RBR_67,ON_A,1,14,1242770,151.70,255,255,41
SAMPLE,1,RBR_67,ON_A,1,15,1251819,152.80,255,255,41
SAMPLE,1,RBR_67,ON_A,1,16,1259087,153.69,255,255,41
SAMPLE,1,RBR_67,ON_A,1,17,1253199,152.97,255,255,42
SAMPLE,1,RBR_67,ON_A,1,18,1268397,154.83,255,255,42
SAMPLE,1,RBR_67,ON_A,1,19,1251629,152.78,255,255,42
SAMPLE,1,RBR_67,ON_A,1,20,1262931,154.16,255,255,43
SAMPLE,1,RBR_67,ON_A,1,21,1254362,153.12,255,255,43

SAMPLE,1,RBR_67,ON_A,1,22,1253509,153.01,255,255,43
SAMPLE,1,RBR_67,ON_A,1,23,1256653,153.40,255,255,44
SAMPLE,1,RBR_67,ON_A,1,24,1257790,153.53,255,255,44
SAMPLE,1,RBR_67,OFF_B,0,0,1214351,148.23,255,255,45
SAMPLE,1,RBR_67,OFF_B,0,1,1215853,148.41,255,255,45
SAMPLE,1,RBR_67,OFF_B,0,2,1215902,148.42,255,255,45
SAMPLE,1,RBR_67,OFF_B,0,3,1216859,148.54,255,255,45
SAMPLE,1,RBR_67,OFF_B,0,4,1160484,141.66,255,255,46
SAMPLE,1,RBR_67,OFF_B,0,5,1162116,141.85,255,255,46
SAMPLE,1,RBR_67,OFF_B,0,6,1160794,141.69,255,255,46
SAMPLE,1,RBR_67,OFF_B,0,7,1165954,142.32,255,255,47
SAMPLE,1,RBR_67,OFF_B,0,8,1158805,141.45,255,255,47
SAMPLE,1,RBR_67,OFF_B,0,9,1157070,141.24,255,255,47
SAMPLE,1,RBR_67,OFF_B,0,10,1158919,141.46,255,255,47
SAMPLE,1,RBR_67,OFF_B,0,11,1161699,141.80,255,255,48
SAMPLE,1,RBR_67,OFF_B,0,12,1162044,141.85,255,255,48
SAMPLE,1,RBR_67,OFF_B,0,13,1161756,141.81,255,255,48
SAMPLE,1,RBR_67,OFF_B,0,14,1161857,141.82,255,255,49
SAMPLE,1,RBR_67,OFF_B,0,15,1161879,141.83,255,255,49
SAMPLE,1,RBR_67,OFF_B,0,16,1162795,141.94,255,255,49
SAMPLE,1,RBR_67,OFF_B,0,17,1164834,142.19,255,255,49
SAMPLE,1,RBR_67,OFF_B,0,18,1217087,148.57,255,255,50
SAMPLE,1,RBR_67,OFF_B,0,19,1214793,148.29,255,255,50
SAMPLE,1,RBR_67,OFF_B,0,20,1218833,148.78,255,255,50
SAMPLE,1,RBR_67,OFF_B,0,21,1162654,141.92,255,255,51
SAMPLE,1,RBR_67,OFF_B,0,22,1162385,141.89,255,255,51
SAMPLE,1,RBR_67,OFF_B,0,23,1162488,141.90,255,255,51
SAMPLE,1,RBR_67,OFF_B,0,24,1160474,141.65,255,255,51
SAMPLE,1,RBR_67,ON_B,1,0,1254389,153.12,255,255,52
SAMPLE,1,RBR_67,ON_B,1,1,1265272,154.45,255,255,52
SAMPLE,1,RBR_67,ON_B,1,2,1258185,153.58,255,255,52
SAMPLE,1,RBR_67,ON_B,1,3,1253378,153.00,255,255,52
SAMPLE,1,RBR_67,ON_B,1,4,1263994,154.29,255,255,53
SAMPLE,1,RBR_67,ON_B,1,5,1273235,155.42,255,255,53
SAMPLE,1,RBR_67,ON_B,1,6,1255096,153.20,255,255,53
SAMPLE,1,RBR_67,ON_B,1,7,1259499,153.74,255,255,54
SAMPLE,1,RBR_67,ON_B,1,8,1255364,153.24,255,255,54
SAMPLE,1,RBR_67,ON_B,1,9,1260600,153.88,255,255,54
SAMPLE,1,RBR_67,ON_B,1,10,1256874,153.42,255,255,54
SAMPLE,1,RBR_67,ON_B,1,11,1269753,154.99,255,255,55
SAMPLE,1,RBR_67,ON_B,1,12,1262995,154.17,255,255,55
SAMPLE,1,RBR_67,ON_B,1,13,1263006,154.17,255,255,55
SAMPLE,1,RBR_67,ON_B,1,14,1252401,152.88,255,255,56
SAMPLE,1,RBR_67,ON_B,1,15,1269280,154.94,255,255,56
SAMPLE,1,RBR_67,ON_B,1,16,1259599,153.75,255,255,56
SAMPLE,1,RBR_67,ON_B,1,17,1258945,153.67,255,255,57
SAMPLE,1,RBR_67,ON_B,1,18,1258995,153.68,255,255,57
SAMPLE,1,RBR_67,ON_B,1,19,1255080,153.20,255,255,57
SAMPLE,1,RBR_67,ON_B,1,20,1254403,153.12,255,255,58
SAMPLE,1,RBR_67,ON_B,1,21,1262923,154.16,255,255,58
SAMPLE,1,RBR_67,ON_B,1,22,1257310,153.48,255,255,58
SAMPLE,1,RBR_67,ON_B,1,23,1260274,153.84,255,255,59
SAMPLE,1,RBR_67,ON_B,1,24,1251141,152.72,255,255,59
SAMPLE,2,RBR_67,OFF_A,0,0,1107339,135.17,255,255,60
SAMPLE,2,RBR_67,OFF_A,0,1,1115292,136.14,255,255,60
SAMPLE,2,RBR_67,OFF_A,0,2,1115471,136.16,255,255,60
SAMPLE,2,RBR_67,OFF_A,0,3,1113014,135.86,255,255,60
SAMPLE,2,RBR_67,OFF_A,0,4,1082942,132.19,255,255,61
SAMPLE,2,RBR_67,OFF_A,0,5,1081800,132.05,255,255,61
SAMPLE,2,RBR_67,OFF_A,0,6,1081047,131.96,255,255,61
SAMPLE,2,RBR_67,OFF_A,0,7,1115518,136.17,255,255,62
SAMPLE,2,RBR_67,OFF_A,0,8,1113984,135.98,255,255,62
SAMPLE,2,RBR_67,OFF_A,0,9,1116971,136.34,255,255,62
SAMPLE,2,RBR_67,OFF_A,0,10,1112530,135.80,255,255,62
SAMPLE,2,RBR_67,OFF_A,0,11,1081826,132.05,255,255,63
SAMPLE,2,RBR_67,OFF_A,0,12,1083702,132.28,255,255,63
SAMPLE,2,RBR_67,OFF_A,0,13,1084416,132.37,255,255,63
SAMPLE,2,RBR_67,OFF_A,0,14,1123252,137.11,255,255,64
SAMPLE,2,RBR_67,OFF_A,0,15,1123883,137.19,255,255,64
SAMPLE,2,RBR_67,OFF_A,0,16,1123627,137.16,255,255,64
SAMPLE,2,RBR_67,OFF_A,0,17,1122164,136.98,255,255,64
SAMPLE,2,RBR_67,OFF_A,0,18,1164057,142.09,255,255,65
SAMPLE,2,RBR_67,OFF_A,0,19,1159887,141.58,255,255,65
SAMPLE,2,RBR_67,OFF_A,0,20,1131666,138.14,255,255,65
SAMPLE,2,RBR_67,OFF_A,0,21,1158589,141.42,255,255,66
SAMPLE,2,RBR_67,OFF_A,0,22,1160650,141.68,255,255,66
SAMPLE,2,RBR_67,OFF_A,0,23,1204743,147.06,255,255,66
SAMPLE,2,RBR_67,OFF_A,0,24,1087168,132.71,255,255,67
SAMPLE,2,RBR_67,ON_A,1,0,1250791,152.68,255,255,68
SAMPLE,2,RBR_67,ON_A,1,1,1260471,153.86,255,255,68
SAMPLE,2,RBR_67,ON_A,1,2,1255621,153.27,255,255,68
SAMPLE,2,RBR_67,ON_A,1,3,1257269,153.47,255,255,68
SAMPLE,2,RBR_67,ON_A,1,4,1262689,154.13,255,255,69
SAMPLE,2,RBR_67,ON_A,1,5,1253914,153.06,255,255,69
SAMPLE,2,RBR_67,ON_A,1,6,1245653,152.05,255,255,69
SAMPLE,2,RBR_67,ON_A,1,7,1251457,152.76,255,255,70
SAMPLE,2,RBR_67,ON_A,1,8,1258065,153.57,255,255,70
SAMPLE,2,RBR_67,ON_A,1,9,1254624,153.15,255,255,70
SAMPLE,2,RBR_67,ON_A,1,10,1253450,153.00,255,255,70
SAMPLE,2,RBR_67,ON_A,1,11,1261897,154.04,255,255,71
SAMPLE,2,RBR_67,ON_A,1,12,1264322,154.33,255,255,71
SAMPLE,2,RBR_67,ON_A,1,13,1259501,153.74,255,255,71
SAMPLE,2,RBR_67,ON_A,1,14,1256435,153.37,255,255,72
SAMPLE,2,RBR_67,ON_A,1,15,1254129,153.09,255,255,72
SAMPLE,2,RBR_67,ON_A,1,16,1258646,153.64,255,255,72
SAMPLE,2,RBR_67,ON_A,1,17,1261003,153.93,255,255,73
SAMPLE,2,RBR_67,ON_A,1,18,1257125,153.45,255,255,73
SAMPLE,2,RBR_67,ON_A,1,19,1253297,152.99,255,255,73
SAMPLE,2,RBR_67,ON_A,1,20,1261112,153.94,255,255,74
SAMPLE,2,RBR_67,ON_A,1,21,1259693,153.77,255,255,74
SAMPLE,2,RBR_67,ON_A,1,22,1246895,152.20,255,255,74
SAMPLE,2,RBR_67,ON_A,1,23,1259239,153.71,255,255,75
SAMPLE,2,RBR_67,ON_A,1,24,1269084,154.91,255,255,75
SAMPLE,2,RBR_67,OFF_B,0,0,1217515,148.62,255,255,76
SAMPLE,2,RBR_67,OFF_B,0,1,1216792,148.53,255,255,76
SAMPLE,2,RBR_67,OFF_B,0,2,1215188,148.33,255,255,76
SAMPLE,2,RBR_67,OFF_B,0,3,1212415,147.99,255,255,76
SAMPLE,2,RBR_67,OFF_B,0,4,1085776,132.54,255,255,77
SAMPLE,2,RBR_67,OFF_B,0,5,1087232,132.71,255,255,77
SAMPLE,2,RBR_67,OFF_B,0,6,1086077,132.57,255,255,77
SAMPLE,2,RBR_67,OFF_B,0,7,1215069,148.32,255,255,78
SAMPLE,2,RBR_67,OFF_B,0,8,1214597,148.26,255,255,78
SAMPLE,2,RBR_67,OFF_B,0,9,1215735,148.40,255,255,78
SAMPLE,2,RBR_67,OFF_B,0,10,1217641,148.63,255,255,78
SAMPLE,2,RBR_67,OFF_B,0,11,1087534,132.75,255,255,79
SAMPLE,2,RBR_67,OFF_B,0,12,1085195,132.47,255,255,79
SAMPLE,2,RBR_67,OFF_B,0,13,1086566,132.63,255,255,79
SAMPLE,2,RBR_67,OFF_B,0,14,1089351,132.97,255,255,80
SAMPLE,2,RBR_67,OFF_B,0,15,1087253,132.72,255,255,80
SAMPLE,2,RBR_67,OFF_B,0,16,1087571,132.76,255,255,80
SAMPLE,2,RBR_67,OFF_B,0,17,1087796,132.78,255,255,80
SAMPLE,2,RBR_67,OFF_B,0,18,1114421,136.03,255,255,81
SAMPLE,2,RBR_67,OFF_B,0,19,1114077,135.99,255,255,81
SAMPLE,2,RBR_67,OFF_B,0,20,1112845,135.84,255,255,81
SAMPLE,2,RBR_67,OFF_B,0,21,1158148,141.37,255,255,82
SAMPLE,2,RBR_67,OFF_B,0,22,1158655,141.43,255,255,82
SAMPLE,2,RBR_67,OFF_B,0,23,1157472,141.29,255,255,82
SAMPLE,2,RBR_67,OFF_B,0,24,1156930,141.22,255,255,82
SAMPLE,2,RBR_67,ON_B,1,0,1245516,152.04,255,255,83
SAMPLE,2,RBR_67,ON_B,1,1,1256978,153.43,255,255,83
SAMPLE,2,RBR_67,ON_B,1,2,1261067,153.93,255,255,83
SAMPLE,2,RBR_67,ON_B,1,3,1257765,153.53,255,255,83
SAMPLE,2,RBR_67,ON_B,1,4,1248958,152.46,255,255,84
SAMPLE,2,RBR_67,ON_B,1,5,1268002,154.78,255,255,84
SAMPLE,2,RBR_67,ON_B,1,6,1251851,152.81,255,255,84
SAMPLE,2,RBR_67,ON_B,1,7,1259207,153.71,255,255,85
SAMPLE,2,RBR_67,ON_B,1,8,1258416,153.61,255,255,85
SAMPLE,2,RBR_67,ON_B,1,9,1250951,152.70,255,255,85
SAMPLE,2,RBR_67,ON_B,1,10,1253214,152.98,255,255,85
SAMPLE,2,RBR_67,ON_B,1,11,1254002,153.07,255,255,86
SAMPLE,2,RBR_67,ON_B,1,12,1253218,152.98,255,255,86
SAMPLE,2,RBR_67,ON_B,1,13,1254708,153.16,255,255,86
SAMPLE,2,RBR_67,ON_B,1,14,1247932,152.33,255,255,87
SAMPLE,2,RBR_67,ON_B,1,15,1259864,153.79,255,255,87
SAMPLE,2,RBR_67,ON_B,1,16,1267278,154.69,255,255,87
SAMPLE,2,RBR_67,ON_B,1,17,1251054,152.71,255,255,88
SAMPLE,2,RBR_67,ON_B,1,18,1255211,153.22,255,255,88
SAMPLE,2,RBR_67,ON_B,1,19,1257766,153.53,255,255,88
SAMPLE,2,RBR_67,ON_B,1,20,1253850,153.05,255,255,89
SAMPLE,2,RBR_67,ON_B,1,21,1251553,152.77,255,255,89
SAMPLE,2,RBR_67,ON_B,1,22,1263257,154.20,255,255,89
SAMPLE,2,RBR_67,ON_B,1,23,1254584,153.14,255,255,90
SAMPLE,2,RBR_67,ON_B,1,24,1258264,153.59,255,255,90
MODE_END,RBR_67
MODE_BEGIN,RBR_80
SAMPLE,0,RBR_80,OFF_A,0,0,1179002,143.92,255,255,0
SAMPLE,0,RBR_80,OFF_A,0,1,1183060,144.41,255,255,0
SAMPLE,0,RBR_80,OFF_A,0,2,1182148,144.30,255,255,0
SAMPLE,0,RBR_80,OFF_A,0,3,1182317,144.32,255,255,1
SAMPLE,0,RBR_80,OFF_A,0,4,1179975,144.03,255,255,1
SAMPLE,0,RBR_80,OFF_A,0,5,1180240,144.07,255,255,1
SAMPLE,0,RBR_80,OFF_A,0,6,1181988,144.28,255,255,2
SAMPLE,0,RBR_80,OFF_A,0,7,1183372,144.45,255,255,2
SAMPLE,0,RBR_80,OFF_A,0,8,1184147,144.54,255,255,2
SAMPLE,0,RBR_80,OFF_A,0,9,1180460,144.09,255,255,3
SAMPLE,0,RBR_80,OFF_A,0,10,1182282,144.32,255,255,3
SAMPLE,0,RBR_80,OFF_A,0,11,1184666,144.61,255,255,3
SAMPLE,0,RBR_80,OFF_A,0,12,1184463,144.58,255,255,4
SAMPLE,0,RBR_80,OFF_A,0,13,1182762,144.38,255,255,4
SAMPLE,0,RBR_80,OFF_A,0,14,1182167,144.30,255,255,4
SAMPLE,0,RBR_80,OFF_A,0,15,1186604,144.84,255,255,5
SAMPLE,0,RBR_80,OFF_A,0,16,1183295,144.44,255,255,5
SAMPLE,0,RBR_80,OFF_A,0,17,1179573,143.99,255,255,5
SAMPLE,0,RBR_80,OFF_A,0,18,1180746,144.13,255,255,6
SAMPLE,0,RBR_80,OFF_A,0,19,1179653,144.00,255,255,6
SAMPLE,0,RBR_80,OFF_A,0,20,1183752,144.50,255,255,6
SAMPLE,0,RBR_80,OFF_A,0,21,1180999,144.16,255,255,7
SAMPLE,0,RBR_80,OFF_A,0,22,1182752,144.37,255,255,7
SAMPLE,0,RBR_80,OFF_A,0,23,1181730,144.25,255,255,7
SAMPLE,0,RBR_80,OFF_A,0,24,1183478,144.46,255,255,8
SAMPLE,0,RBR_80,ON_A,1,0,1449867,176.98,255,255,9
SAMPLE,0,RBR_80,ON_A,1,1,1454072,177.49,255,255,9
SAMPLE,0,RBR_80,ON_A,1,2,1449875,176.98,255,255,10
SAMPLE,0,RBR_80,ON_A,1,3,1452151,177.26,255,255,10
SAMPLE,0,RBR_80,ON_A,1,4,1446852,176.61,255,255,11
SAMPLE,0,RBR_80,ON_A,1,5,1447482,176.69,255,255,11
SAMPLE,0,RBR_80,ON_A,1,6,1447492,176.69,255,255,12
SAMPLE,0,RBR_80,ON_A,1,7,1449429,176.93,255,255,12
SAMPLE,0,RBR_80,ON_A,1,8,1448585,176.82,255,255,13
SAMPLE,0,RBR_80,ON_A,1,9,1454845,177.59,255,255,13
SAMPLE,0,RBR_80,ON_A,1,10,1447840,176.73,255,255,14
SAMPLE,0,RBR_80,ON_A,1,11,1453466,177.42,255,255,14
SAMPLE,0,RBR_80,ON_A,1,12,1446640,176.59,255,255,15
SAMPLE,0,RBR_80,ON_A,1,13,1445476,176.44,255,255,15
SAMPLE,0,RBR_80,ON_A,1,14,1447953,176.75,255,255,16
SAMPLE,0,RBR_80,ON_A,1,15,1453297,177.40,255,255,16
SAMPLE,0,RBR_80,ON_A,1,16,1442952,176.14,255,255,17
SAMPLE,0,RBR_80,ON_A,1,17,1450996,177.12,255,255,17
SAMPLE,0,RBR_80,ON_A,1,18,1448748,176.84,255,255,18
SAMPLE,0,RBR_80,ON_A,1,19,1446925,176.62,255,255,18
SAMPLE,0,RBR_80,ON_A,1,20,1449374,176.92,255,255,19
SAMPLE,0,RBR_80,ON_A,1,21,1450701,177.08,255,255,19
SAMPLE,0,RBR_80,ON_A,1,22,1453110,177.38,255,255,20
SAMPLE,0,RBR_80,ON_A,1,23,1451145,177.14,255,255,20
SAMPLE,0,RBR_80,ON_A,1,24,1451845,177.22,255,255,21
SAMPLE,0,RBR_80,OFF_B,0,0,1183619,144.48,255,255,22
SAMPLE,0,RBR_80,OFF_B,0,1,1184961,144.64,255,255,22
SAMPLE,0,RBR_80,OFF_B,0,2,1180957,144.15,255,255,22
SAMPLE,0,RBR_80,OFF_B,0,3,1184248,144.56,255,255,23
SAMPLE,0,RBR_80,OFF_B,0,4,1182641,144.36,255,255,23
SAMPLE,0,RBR_80,OFF_B,0,5,1183427,144.46,255,255,23
SAMPLE,0,RBR_80,OFF_B,0,6,1183668,144.49,255,255,24
SAMPLE,0,RBR_80,OFF_B,0,7,1185050,144.65,255,255,24
SAMPLE,0,RBR_80,OFF_B,0,8,1181583,144.23,255,255,24
SAMPLE,0,RBR_80,OFF_B,0,9,1182317,144.32,255,255,25
SAMPLE,0,RBR_80,OFF_B,0,10,1183653,144.48,255,255,25
SAMPLE,0,RBR_80,OFF_B,0,11,1186734,144.86,255,255,25
SAMPLE,0,RBR_80,OFF_B,0,12,1184586,144.60,255,255,26
SAMPLE,0,RBR_80,OFF_B,0,13,1182212,144.31,255,255,26
SAMPLE,0,RBR_80,OFF_B,0,14,1182378,144.33,255,255,26
SAMPLE,0,RBR_80,OFF_B,0,15,1183609,144.48,255,255,27
SAMPLE,0,RBR_80,OFF_B,0,16,1184735,144.62,255,255,27
SAMPLE,0,RBR_80,OFF_B,0,17,1182372,144.33,255,255,27
SAMPLE,0,RBR_80,OFF_B,0,18,1182784,144.38,255,255,28
SAMPLE,0,RBR_80,OFF_B,0,19,1183761,144.50,255,255,28
SAMPLE,0,RBR_80,OFF_B,0,20,1180961,144.16,255,255,28
SAMPLE,0,RBR_80,OFF_B,0,21,1182910,144.39,255,255,29
SAMPLE,0,RBR_80,OFF_B,0,22,1183103,144.42,255,255,29
SAMPLE,0,RBR_80,OFF_B,0,23,1184972,144.64,255,255,29
SAMPLE,0,RBR_80,OFF_B,0,24,1181009,144.16,255,255,30
SAMPLE,0,RBR_80,ON_B,1,0,1448014,176.75,255,255,31
SAMPLE,0,RBR_80,ON_B,1,1,1452557,177.31,255,255,31
SAMPLE,0,RBR_80,ON_B,1,2,1447280,176.66,255,255,32
SAMPLE,0,RBR_80,ON_B,1,3,1447759,176.72,255,255,32
SAMPLE,0,RBR_80,ON_B,1,4,1450438,177.05,255,255,33
SAMPLE,0,RBR_80,ON_B,1,5,1450345,177.04,255,255,33
SAMPLE,0,RBR_80,ON_B,1,6,1449784,176.97,255,255,34
SAMPLE,0,RBR_80,ON_B,1,7,1448155,176.77,255,255,34
SAMPLE,0,RBR_80,ON_B,1,8,1450632,177.07,255,255,35
SAMPLE,0,RBR_80,ON_B,1,9,1453456,177.42,255,255,35
SAMPLE,0,RBR_80,ON_B,1,10,1454955,177.60,255,255,36
SAMPLE,0,RBR_80,ON_B,1,11,1450947,177.11,255,255,36
SAMPLE,0,RBR_80,ON_B,1,12,1453077,177.37,255,255,37
SAMPLE,0,RBR_80,ON_B,1,13,1453852,177.47,255,255,37
SAMPLE,0,RBR_80,ON_B,1,14,1448113,176.77,255,255,38
SAMPLE,0,RBR_80,ON_B,1,15,1449722,176.96,255,255,38
SAMPLE,0,RBR_80,ON_B,1,16,1455242,177.64,255,255,39
SAMPLE,0,RBR_80,ON_B,1,17,1445643,176.47,255,255,39
SAMPLE,0,RBR_80,ON_B,1,18,1451459,177.18,255,255,40
SAMPLE,0,RBR_80,ON_B,1,19,1450479,177.06,255,255,40
SAMPLE,0,RBR_80,ON_B,1,20,1454030,177.49,255,255,41
SAMPLE,0,RBR_80,ON_B,1,21,1451000,177.12,255,255,41
SAMPLE,0,RBR_80,ON_B,1,22,1454806,177.58,255,255,42
SAMPLE,0,RBR_80,ON_B,1,23,1454633,177.56,255,255,42
SAMPLE,0,RBR_80,ON_B,1,24,1449931,176.99,255,255,43
SAMPLE,1,RBR_80,OFF_A,0,0,1184913,144.64,255,255,44
SAMPLE,1,RBR_80,OFF_A,0,1,1183294,144.44,255,255,44
SAMPLE,1,RBR_80,OFF_A,0,2,1185031,144.65,255,255,44
SAMPLE,1,RBR_80,OFF_A,0,3,1175555,143.50,255,255,45
SAMPLE,1,RBR_80,OFF_A,0,4,1179067,143.92,255,255,45
SAMPLE,1,RBR_80,OFF_A,0,5,1184904,144.64,255,255,45
SAMPLE,1,RBR_80,OFF_A,0,6,1184777,144.62,255,255,46
SAMPLE,1,RBR_80,OFF_A,0,7,1184802,144.62,255,255,46
SAMPLE,1,RBR_80,OFF_A,0,8,1187175,144.91,255,255,46
SAMPLE,1,RBR_80,OFF_A,0,9,1187283,144.93,255,255,47
SAMPLE,1,RBR_80,OFF_A,0,10,1182381,144.33,255,255,47
SAMPLE,1,RBR_80,OFF_A,0,11,1184517,144.59,255,255,47
SAMPLE,1,RBR_80,OFF_A,0,12,1186535,144.84,255,255,48
SAMPLE,1,RBR_80,OFF_A,0,13,1181076,144.17,255,255,48
SAMPLE,1,RBR_80,OFF_A,0,14,1182550,144.35,255,255,48
SAMPLE,1,RBR_80,OFF_A,0,15,1183308,144.44,255,255,49
SAMPLE,1,RBR_80,OFF_A,0,16,1177879,143.78,255,255,49
SAMPLE,1,RBR_80,OFF_A,0,17,1183577,144.47,255,255,49
SAMPLE,1,RBR_80,OFF_A,0,18,1178792,143.89,255,255,50
SAMPLE,1,RBR_80,OFF_A,0,19,1184230,144.55,255,255,50
SAMPLE,1,RBR_80,OFF_A,0,20,1186793,144.87,255,255,50
SAMPLE,1,RBR_80,OFF_A,0,21,1182072,144.29,255,255,51
SAMPLE,1,RBR_80,OFF_A,0,22,1179677,144.00,255,255,51
SAMPLE,1,RBR_80,OFF_A,0,23,1186643,144.85,255,255,51
SAMPLE,1,RBR_80,OFF_A,0,24,1187431,144.95,255,255,52
SAMPLE,1,RBR_80,ON_A,1,0,1449422,176.93,255,255,53
SAMPLE,1,RBR_80,ON_A,1,1,1448751,176.84,255,255,53
SAMPLE,1,RBR_80,ON_A,1,2,1448533,176.82,255,255,54
SAMPLE,1,RBR_80,ON_A,1,3,1451493,177.18,255,255,54
SAMPLE,1,RBR_80,ON_A,1,4,1451647,177.20,255,255,55
SAMPLE,1,RBR_80,ON_A,1,5,1453764,177.46,255,255,55
SAMPLE,1,RBR_80,ON_A,1,6,1448078,176.76,255,255,56
SAMPLE,1,RBR_80,ON_A,1,7,1455110,177.62,255,255,56
SAMPLE,1,RBR_80,ON_A,1,8,1450547,177.06,255,255,57
SAMPLE,1,RBR_80,ON_A,1,9,1454002,177.49,255,255,57
SAMPLE,1,RBR_80,ON_A,1,10,1449646,176.95,255,255,58
SAMPLE,1,RBR_80,ON_A,1,11,1455499,177.67,255,255,58
SAMPLE,1,RBR_80,ON_A,1,12,1455426,177.66,255,255,59
SAMPLE,1,RBR_80,ON_A,1,13,1458777,178.07,255,255,59
SAMPLE,1,RBR_80,ON_A,1,14,1446023,176.51,255,255,60
SAMPLE,1,RBR_80,ON_A,1,15,1448248,176.78,255,255,60
SAMPLE,1,RBR_80,ON_A,1,16,1451250,177.15,255,255,61
SAMPLE,1,RBR_80,ON_A,1,17,1456533,177.79,255,255,61
SAMPLE,1,RBR_80,ON_A,1,18,1445180,176.41,255,255,62
SAMPLE,1,RBR_80,ON_A,1,19,1450322,177.04,255,255,62
SAMPLE,1,RBR_80,ON_A,1,20,1450094,177.01,255,255,63
SAMPLE,1,RBR_80,ON_A,1,21,1448599,176.83,255,255,63
SAMPLE,1,RBR_80,ON_A,1,22,1451337,177.16,255,255,64
SAMPLE,1,RBR_80,ON_A,1,23,1447001,176.63,255,255,64
SAMPLE,1,RBR_80,ON_A,1,24,1455069,177.62,255,255,65
SAMPLE,1,RBR_80,OFF_B,0,0,1183444,144.46,255,255,66
SAMPLE,1,RBR_80,OFF_B,0,1,1187283,144.93,255,255,66
SAMPLE,1,RBR_80,OFF_B,0,2,1180576,144.11,255,255,66
SAMPLE,1,RBR_80,OFF_B,0,3,1181010,144.16,255,255,67
SAMPLE,1,RBR_80,OFF_B,0,4,1182629,144.36,255,255,67
SAMPLE,1,RBR_80,OFF_B,0,5,1181399,144.21,255,255,67
SAMPLE,1,RBR_80,OFF_B,0,6,1181625,144.24,255,255,68
SAMPLE,1,RBR_80,OFF_B,0,7,1184720,144.61,255,255,68
SAMPLE,1,RBR_80,OFF_B,0,8,1182428,144.33,255,255,68
SAMPLE,1,RBR_80,OFF_B,0,9,1184286,144.56,255,255,69
SAMPLE,1,RBR_80,OFF_B,0,10,1184549,144.59,255,255,69
SAMPLE,1,RBR_80,OFF_B,0,11,1185776,144.74,255,255,69
SAMPLE,1,RBR_80,OFF_B,0,12,1184414,144.58,255,255,70
SAMPLE,1,RBR_80,OFF_B,0,13,1182725,144.37,255,255,70
SAMPLE,1,RBR_80,OFF_B,0,14,1184657,144.61,255,255,70
SAMPLE,1,RBR_80,OFF_B,0,15,1181578,144.23,255,255,71
SAMPLE,1,RBR_80,OFF_B,0,16,1181884,144.27,255,255,71
SAMPLE,1,RBR_80,OFF_B,0,17,1185883,144.76,255,255,71
SAMPLE,1,RBR_80,OFF_B,0,18,1182509,144.34,255,255,72
SAMPLE,1,RBR_80,OFF_B,0,19,1180731,144.13,255,255,72
SAMPLE,1,RBR_80,OFF_B,0,20,1182818,144.38,255,255,72
SAMPLE,1,RBR_80,OFF_B,0,21,1187507,144.95,255,255,73
SAMPLE,1,RBR_80,OFF_B,0,22,1184621,144.60,255,255,73
SAMPLE,1,RBR_80,OFF_B,0,23,1181347,144.20,255,255,73
SAMPLE,1,RBR_80,OFF_B,0,24,1183881,144.51,255,255,74
SAMPLE,1,RBR_80,ON_B,1,0,1452323,177.28,255,255,75
SAMPLE,1,RBR_80,ON_B,1,1,1452145,177.26,255,255,75
SAMPLE,1,RBR_80,ON_B,1,2,1443586,176.21,255,255,76
SAMPLE,1,RBR_80,ON_B,1,3,1446508,176.57,255,255,76
SAMPLE,1,RBR_80,ON_B,1,4,1451155,177.14,255,255,77
SAMPLE,1,RBR_80,ON_B,1,5,1454181,177.51,255,255,77
SAMPLE,1,RBR_80,ON_B,1,6,1446858,176.61,255,255,78
SAMPLE,1,RBR_80,ON_B,1,7,1453671,177.45,255,255,78
SAMPLE,1,RBR_80,ON_B,1,8,1448537,176.82,255,255,79
SAMPLE,1,RBR_80,ON_B,1,9,1452045,177.25,255,255,79
SAMPLE,1,RBR_80,ON_B,1,10,1451250,177.15,255,255,80
SAMPLE,1,RBR_80,ON_B,1,11,1453178,177.38,255,255,80
SAMPLE,1,RBR_80,ON_B,1,12,1449351,176.92,255,255,81
SAMPLE,1,RBR_80,ON_B,1,13,1455947,177.72,255,255,81
SAMPLE,1,RBR_80,ON_B,1,14,1451496,177.18,255,255,82
SAMPLE,1,RBR_80,ON_B,1,15,1451383,177.17,255,255,82
SAMPLE,1,RBR_80,ON_B,1,16,1448842,176.86,255,255,83
SAMPLE,1,RBR_80,ON_B,1,17,1451302,177.16,255,255,83
SAMPLE,1,RBR_80,ON_B,1,18,1451254,177.15,255,255,84
SAMPLE,1,RBR_80,ON_B,1,19,1444869,176.37,255,255,84
SAMPLE,1,RBR_80,ON_B,1,20,1447104,176.64,255,255,85
SAMPLE,1,RBR_80,ON_B,1,21,1453487,177.42,255,255,85
SAMPLE,1,RBR_80,ON_B,1,22,1455652,177.69,255,255,86
SAMPLE,1,RBR_80,ON_B,1,23,1452328,177.28,255,255,86
SAMPLE,1,RBR_80,ON_B,1,24,1451075,177.13,255,255,87
SAMPLE,2,RBR_80,OFF_A,0,0,1185304,144.69,255,255,88
SAMPLE,2,RBR_80,OFF_A,0,1,1187931,145.01,255,255,88
SAMPLE,2,RBR_80,OFF_A,0,2,1182296,144.32,255,255,88
SAMPLE,2,RBR_80,OFF_A,0,3,1184306,144.56,255,255,89
SAMPLE,2,RBR_80,OFF_A,0,4,1183407,144.45,255,255,89
SAMPLE,2,RBR_80,OFF_A,0,5,1180843,144.14,255,255,89
SAMPLE,2,RBR_80,OFF_A,0,6,1187843,145.00,255,255,90
SAMPLE,2,RBR_80,OFF_A,0,7,1185068,144.66,255,255,90
SAMPLE,2,RBR_80,OFF_A,0,8,1186672,144.85,255,255,90
SAMPLE,2,RBR_80,OFF_A,0,9,1186784,144.87,255,255,91
SAMPLE,2,RBR_80,OFF_A,0,10,1183086,144.41,255,255,91
SAMPLE,2,RBR_80,OFF_A,0,11,1179521,143.98,255,255,91
SAMPLE,2,RBR_80,OFF_A,0,12,1181535,144.23,255,255,92
SAMPLE,2,RBR_80,OFF_A,0,13,1177943,143.79,255,255,92
SAMPLE,2,RBR_80,OFF_A,0,14,1184642,144.60,255,255,92
SAMPLE,2,RBR_80,OFF_A,0,15,1187500,144.95,255,255,93
SAMPLE,2,RBR_80,OFF_A,0,16,1176776,143.64,255,255,93
SAMPLE,2,RBR_80,OFF_A,0,17,1179602,143.99,255,255,93
SAMPLE,2,RBR_80,OFF_A,0,18,1183888,144.51,255,255,94
SAMPLE,2,RBR_80,OFF_A,0,19,1180947,144.15,255,255,94
SAMPLE,2,RBR_80,OFF_A,0,20,1184493,144.59,255,255,94
SAMPLE,2,RBR_80,OFF_A,0,21,1184721,144.61,255,255,95
SAMPLE,2,RBR_80,OFF_A,0,22,1187504,144.95,255,255,95
SAMPLE,2,RBR_80,OFF_A,0,23,1181344,144.20,255,255,95
SAMPLE,2,RBR_80,OFF_A,0,24,1182624,144.36,255,255,96
SAMPLE,2,RBR_80,ON_A,1,0,1449175,176.90,255,255,97
SAMPLE,2,RBR_80,ON_A,1,1,1453436,177.42,255,255,97
SAMPLE,2,RBR_80,ON_A,1,2,1452638,177.32,255,255,98
SAMPLE,2,RBR_80,ON_A,1,3,1449342,176.92,255,255,98
SAMPLE,2,RBR_80,ON_A,1,4,1451251,177.15,255,255,99
SAMPLE,2,RBR_80,ON_A,1,5,1450052,177.00,255,255,99
SAMPLE,2,RBR_80,ON_A,1,6,1454249,177.52,255,255,100
SAMPLE,2,RBR_80,ON_A,1,7,1454843,177.59,255,255,100
SAMPLE,2,RBR_80,ON_A,1,8,1448931,176.87,255,255,101
SAMPLE,2,RBR_80,ON_A,1,9,1448752,176.84,255,255,101
SAMPLE,2,RBR_80,ON_A,1,10,1448030,176.76,255,255,102
SAMPLE,2,RBR_80,ON_A,1,11,1455848,177.71,255,255,102
SAMPLE,2,RBR_80,ON_A,1,12,1453285,177.40,255,255,103
SAMPLE,2,RBR_80,ON_A,1,13,1449063,176.88,255,255,103
SAMPLE,2,RBR_80,ON_A,1,14,1449253,176.91,255,255,104
SAMPLE,2,RBR_80,ON_A,1,15,1449680,176.96,255,255,104
SAMPLE,2,RBR_80,ON_A,1,16,1448923,176.87,255,255,105
SAMPLE,2,RBR_80,ON_A,1,17,1451053,177.13,255,255,105
SAMPLE,2,RBR_80,ON_A,1,18,1447025,176.63,255,255,106
SAMPLE,2,RBR_80,ON_A,1,19,1455775,177.70,255,255,106
SAMPLE,2,RBR_80,ON_A,1,20,1445575,176.46,255,255,107
SAMPLE,2,RBR_80,ON_A,1,21,1449555,176.94,255,255,107
SAMPLE,2,RBR_80,ON_A,1,22,1448621,176.83,255,255,108
SAMPLE,2,RBR_80,ON_A,1,23,1451719,177.21,255,255,108
SAMPLE,2,RBR_80,ON_A,1,24,1455994,177.73,255,255,109
SAMPLE,2,RBR_80,OFF_B,0,0,1181662,144.24,255,255,110
SAMPLE,2,RBR_80,OFF_B,0,1,1177956,143.79,255,255,110
SAMPLE,2,RBR_80,OFF_B,0,2,1182338,144.32,255,255,110
SAMPLE,2,RBR_80,OFF_B,0,3,1182763,144.38,255,255,111
SAMPLE,2,RBR_80,OFF_B,0,4,1184191,144.55,255,255,111
SAMPLE,2,RBR_80,OFF_B,0,5,1181882,144.27,255,255,111
SAMPLE,2,RBR_80,OFF_B,0,6,1186467,144.83,255,255,112
SAMPLE,2,RBR_80,OFF_B,0,7,1184260,144.56,255,255,112
SAMPLE,2,RBR_80,OFF_B,0,8,1180832,144.14,255,255,112
SAMPLE,2,RBR_80,OFF_B,0,9,1180500,144.10,255,255,113
SAMPLE,2,RBR_80,OFF_B,0,10,1182431,144.33,255,255,113
SAMPLE,2,RBR_80,OFF_B,0,11,1184518,144.59,255,255,113
SAMPLE,2,RBR_80,OFF_B,0,12,1183075,144.41,255,255,114
SAMPLE,2,RBR_80,OFF_B,0,13,1184885,144.63,255,255,114
SAMPLE,2,RBR_80,OFF_B,0,14,1185183,144.67,255,255,114
SAMPLE,2,RBR_80,OFF_B,0,15,1186202,144.80,255,255,115
SAMPLE,2,RBR_80,OFF_B,0,16,1183281,144.44,255,255,115
SAMPLE,2,RBR_80,OFF_B,0,17,1185512,144.71,255,255,115
SAMPLE,2,RBR_80,OFF_B,0,18,1182100,144.29,255,255,116
SAMPLE,2,RBR_80,OFF_B,0,19,1185495,144.71,255,255,116
SAMPLE,2,RBR_80,OFF_B,0,20,1179402,143.96,255,255,116
SAMPLE,2,RBR_80,OFF_B,0,21,1181772,144.25,255,255,117
SAMPLE,2,RBR_80,OFF_B,0,22,1186593,144.84,255,255,117
SAMPLE,2,RBR_80,OFF_B,0,23,1184158,144.55,255,255,117
SAMPLE,2,RBR_80,OFF_B,0,24,1183860,144.51,255,255,118
SAMPLE,2,RBR_80,ON_B,1,0,1446358,176.55,255,255,119
SAMPLE,2,RBR_80,ON_B,1,1,1452732,177.33,255,255,119
SAMPLE,2,RBR_80,ON_B,1,2,1447280,176.66,255,255,120
SAMPLE,2,RBR_80,ON_B,1,3,1451344,177.16,255,255,120
SAMPLE,2,RBR_80,ON_B,1,4,1447367,176.68,255,255,121
SAMPLE,2,RBR_80,ON_B,1,5,1449654,176.95,255,255,121
SAMPLE,2,RBR_80,ON_B,1,6,1448606,176.83,255,255,122
SAMPLE,2,RBR_80,ON_B,1,7,1448580,176.82,255,255,122
SAMPLE,2,RBR_80,ON_B,1,8,1450742,177.09,255,255,123
SAMPLE,2,RBR_80,ON_B,1,9,1448679,176.84,255,255,123
SAMPLE,2,RBR_80,ON_B,1,10,1448238,176.78,255,255,124
SAMPLE,2,RBR_80,ON_B,1,11,1449011,176.88,255,255,124
SAMPLE,2,RBR_80,ON_B,1,12,1445691,176.47,255,255,125
SAMPLE,2,RBR_80,ON_B,1,13,1448536,176.82,255,255,125
SAMPLE,2,RBR_80,ON_B,1,14,1449756,176.97,255,255,126
SAMPLE,2,RBR_80,ON_B,1,15,1453835,177.47,255,255,126
SAMPLE,2,RBR_80,ON_B,1,16,1445466,176.44,255,255,127
SAMPLE,2,RBR_80,ON_B,1,17,1449279,176.91,255,255,127
SAMPLE,2,RBR_80,ON_B,1,18,1450573,177.07,255,255,128
SAMPLE,2,RBR_80,ON_B,1,19,1453876,177.47,255,255,128
SAMPLE,2,RBR_80,ON_B,1,20,1452616,177.32,255,255,129
SAMPLE,2,RBR_80,ON_B,1,21,1453095,177.37,255,255,129
SAMPLE,2,RBR_80,ON_B,1,22,1449109,176.89,255,255,130
SAMPLE,2,RBR_80,ON_B,1,23,1448768,176.85,255,255,130
SAMPLE,2,RBR_80,ON_B,1,24,1452278,177.28,255,255,131
MODE_END,RBR_80
MODE_BEGIN,ADAPTIVE
SAMPLE,0,ADAPTIVE,OFF_A,0,0,1082272,132.11,1,1,0
SAMPLE,0,ADAPTIVE,OFF_A,0,1,1082610,132.15,1,1,0
SAMPLE,0,ADAPTIVE,OFF_A,0,2,1083523,132.26,1,1,0
SAMPLE,0,ADAPTIVE,OFF_A,0,3,1081304,131.99,1,1,0
SAMPLE,0,ADAPTIVE,OFF_A,0,4,1130488,137.99,1,1,1
SAMPLE,0,ADAPTIVE,OFF_A,0,5,1109814,135.47,1,1,1
SAMPLE,0,ADAPTIVE,OFF_A,0,6,1086880,132.67,1,1,1
SAMPLE,0,ADAPTIVE,OFF_A,0,7,1085583,132.51,1,1,1
SAMPLE,0,ADAPTIVE,OFF_A,0,8,1194808,145.85,1,1,2
SAMPLE,0,ADAPTIVE,OFF_A,0,9,1215419,148.36,1,0,2
SAMPLE,0,ADAPTIVE,OFF_A,0,10,964538,117.74,0,0,2
SAMPLE,0,ADAPTIVE,OFF_A,0,11,965707,117.88,0,0,2
SAMPLE,0,ADAPTIVE,OFF_A,0,12,966136,117.93,0,0,2
SAMPLE,0,ADAPTIVE,OFF_A,0,13,1036270,126.49,0,0,3
SAMPLE,0,ADAPTIVE,OFF_A,0,14,1036499,126.52,0,0,3
SAMPLE,0,ADAPTIVE,OFF_A,0,15,1035297,126.37,0,0,3
SAMPLE,0,ADAPTIVE,OFF_A,0,16,1033949,126.21,0,0,3
SAMPLE,0,ADAPTIVE,OFF_A,0,17,1033854,126.20,0,0,3
SAMPLE,0,ADAPTIVE,OFF_A,0,18,968790,118.26,0,0,4
SAMPLE,0,ADAPTIVE,OFF_A,0,19,968959,118.28,0,0,4
SAMPLE,0,ADAPTIVE,OFF_A,0,20,968083,118.17,0,1,4
SAMPLE,0,ADAPTIVE,OFF_A,0,21,1162089,141.85,1,1,4
SAMPLE,0,ADAPTIVE,OFF_A,0,22,1164244,142.11,1,1,5
SAMPLE,0,ADAPTIVE,OFF_A,0,23,1162169,141.86,1,1,5
SAMPLE,0,ADAPTIVE,OFF_A,0,24,1163992,142.08,1,1,5
SAMPLE,0,ADAPTIVE,ON_A,1,0,1255052,153.20,1,1,6
SAMPLE,0,ADAPTIVE,ON_A,1,1,1258424,153.61,1,0,6
SAMPLE,0,ADAPTIVE,ON_A,1,2,1105205,134.91,0,0,6
SAMPLE,0,ADAPTIVE,ON_A,1,3,1109575,135.44,0,0,6
SAMPLE,0,ADAPTIVE,ON_A,1,4,1071487,130.79,0,0,7
SAMPLE,0,ADAPTIVE,ON_A,1,5,1070240,130.64,0,0,7
SAMPLE,0,ADAPTIVE,ON_A,1,6,1074005,131.10,0,0,7
SAMPLE,0,ADAPTIVE,ON_A,1,7,1071478,130.79,0,0,7
SAMPLE,0,ADAPTIVE,ON_A,1,8,1073984,131.10,0,0,7
SAMPLE,0,ADAPTIVE,ON_A,1,9,1071386,130.78,0,0,8
SAMPLE,0,ADAPTIVE,ON_A,1,10,1067917,130.36,0,0,8
SAMPLE,0,ADAPTIVE,ON_A,1,11,1066616,130.20,0,0,8
SAMPLE,0,ADAPTIVE,ON_A,1,12,1066486,130.18,0,0,8
SAMPLE,0,ADAPTIVE,ON_A,1,13,1063844,129.86,0,0,8
SAMPLE,0,ADAPTIVE,ON_A,1,14,1097538,133.97,0,0,9
SAMPLE,0,ADAPTIVE,ON_A,1,15,1094987,133.66,0,0,9
SAMPLE,0,ADAPTIVE,ON_A,1,16,1101526,134.46,0,0,9
SAMPLE,0,ADAPTIVE,ON_A,1,17,1100641,134.35,0,0,9
SAMPLE,0,ADAPTIVE,ON_A,1,18,1100414,134.32,0,0,9
SAMPLE,0,ADAPTIVE,ON_A,1,19,1114142,136.00,0,0,10
SAMPLE,0,ADAPTIVE,ON_A,1,20,1107098,135.14,0,0,10
SAMPLE,0,ADAPTIVE,ON_A,1,21,1107451,135.18,0,0,10
SAMPLE,0,ADAPTIVE,ON_A,1,22,1107717,135.21,0,0,10
SAMPLE,0,ADAPTIVE,ON_A,1,23,1105294,134.92,0,0,10
SAMPLE,0,ADAPTIVE,ON_A,1,24,1093788,133.51,0,0,11
SAMPLE,0,ADAPTIVE,OFF_B,0,0,997767,121.79,0,0,12
SAMPLE,0,ADAPTIVE,OFF_B,0,1,997544,121.77,0,0,12
SAMPLE,0,ADAPTIVE,OFF_B,0,2,995880,121.56,0,1,12
SAMPLE,0,ADAPTIVE,OFF_B,0,3,1210231,147.73,1,1,12
SAMPLE,0,ADAPTIVE,OFF_B,0,4,1082735,132.16,1,1,13
SAMPLE,0,ADAPTIVE,OFF_B,0,5,1081825,132.05,1,1,13
SAMPLE,0,ADAPTIVE,OFF_B,0,6,1081063,131.96,1,1,13
SAMPLE,0,ADAPTIVE,OFF_B,0,7,1078777,131.68,1,1,13
SAMPLE,0,ADAPTIVE,OFF_B,0,8,1090298,133.09,1,1,14
SAMPLE,0,ADAPTIVE,OFF_B,0,9,1085884,132.55,1,1,14
SAMPLE,0,ADAPTIVE,OFF_B,0,10,1086368,132.61,1,1,14
SAMPLE,0,ADAPTIVE,OFF_B,0,11,1083054,132.20,1,1,14
SAMPLE,0,ADAPTIVE,OFF_B,0,12,1213838,148.17,1,1,15
SAMPLE,0,ADAPTIVE,OFF_B,0,13,1214962,148.31,1,0,15
SAMPLE,0,ADAPTIVE,OFF_B,0,14,997577,121.77,0,0,15
SAMPLE,0,ADAPTIVE,OFF_B,0,15,997553,121.77,0,0,15
SAMPLE,0,ADAPTIVE,OFF_B,0,16,1048655,128.00,0,0,16
SAMPLE,0,ADAPTIVE,OFF_B,0,17,1046697,127.77,0,0,16
SAMPLE,0,ADAPTIVE,OFF_B,0,18,1047527,127.87,0,0,16
SAMPLE,0,ADAPTIVE,OFF_B,0,19,1047821,127.90,0,0,16
SAMPLE,0,ADAPTIVE,OFF_B,0,20,1046913,127.79,0,0,16
SAMPLE,0,ADAPTIVE,OFF_B,0,21,1035101,126.35,0,0,17
SAMPLE,0,ADAPTIVE,OFF_B,0,22,1035406,126.39,0,0,17
SAMPLE,0,ADAPTIVE,OFF_B,0,23,1034947,126.33,0,0,17
SAMPLE,0,ADAPTIVE,OFF_B,0,24,1035916,126.45,0,0,17
SAMPLE,0,ADAPTIVE,ON_B,1,0,1097031,133.91,0,0,18
SAMPLE,0,ADAPTIVE,ON_B,1,1,1102608,134.59,0,0,18
SAMPLE,0,ADAPTIVE,ON_B,1,2,1101536,134.46,0,0,18
SAMPLE,0,ADAPTIVE,ON_B,1,3,1097542,133.97,0,0,18
SAMPLE,0,ADAPTIVE,ON_B,1,4,1097442,133.96,0,0,18
SAMPLE,0,ADAPTIVE,ON_B,1,5,1107338,135.17,0,0,19
SAMPLE,0,ADAPTIVE,ON_B,1,6,1106815,135.10,0,0,19
SAMPLE,0,ADAPTIVE,ON_B,1,7,1107727,135.22,0,0,19
SAMPLE,0,ADAPTIVE,ON_B,1,8,1106074,135.01,0,0,19
SAMPLE,0,ADAPTIVE,ON_B,1,9,1106215,135.03,0,0,19
SAMPLE,0,ADAPTIVE,ON_B,1,10,1099242,134.18,0,0,20
SAMPLE,0,ADAPTIVE,ON_B,1,11,1104459,134.82,0,0,20
SAMPLE,0,ADAPTIVE,ON_B,1,12,1101892,134.50,0,0,20
SAMPLE,0,ADAPTIVE,ON_B,1,13,1096458,133.84,0,0,20
SAMPLE,0,ADAPTIVE,ON_B,1,14,1101887,134.50,0,0,20
SAMPLE,0,ADAPTIVE,ON_B,1,15,1108706,135.34,0,0,21
SAMPLE,0,ADAPTIVE,ON_B,1,16,1104421,134.81,0,0,21
SAMPLE,0,ADAPTIVE,ON_B,1,17,1110616,135.57,0,0,21

SAMPLE,0,ADAPTIVE,ON_B,1,18,1105697,134.97,0,0,21
SAMPLE,0,ADAPTIVE,ON_B,1,19,1107260,135.16,0,0,21
SAMPLE,0,ADAPTIVE,ON_B,1,20,1102066,134.52,0,0,22
SAMPLE,0,ADAPTIVE,ON_B,1,21,1108146,135.27,0,0,22
SAMPLE,0,ADAPTIVE,ON_B,1,22,1107883,135.23,0,0,22
SAMPLE,0,ADAPTIVE,ON_B,1,23,1111949,135.73,0,0,22
SAMPLE,0,ADAPTIVE,ON_B,1,24,1108868,135.35,0,0,22
SAMPLE,1,ADAPTIVE,OFF_A,0,0,1114924,136.09,1,1,23
SAMPLE,1,ADAPTIVE,OFF_A,0,1,1114000,135.98,1,1,23
SAMPLE,1,ADAPTIVE,OFF_A,0,2,1114173,136.00,1,1,23
SAMPLE,1,ADAPTIVE,OFF_A,0,3,1115453,136.16,1,1,23
SAMPLE,1,ADAPTIVE,OFF_A,0,4,1128159,137.71,1,1,24
SAMPLE,1,ADAPTIVE,OFF_A,0,5,1160780,141.69,1,1,24
SAMPLE,1,ADAPTIVE,OFF_A,0,6,1161726,141.81,1,1,24
SAMPLE,1,ADAPTIVE,OFF_A,0,7,1163594,142.04,1,1,24
SAMPLE,1,ADAPTIVE,OFF_A,0,8,1082718,132.16,1,1,25
SAMPLE,1,ADAPTIVE,OFF_A,0,9,1079684,131.79,1,1,25
SAMPLE,1,ADAPTIVE,OFF_A,0,10,1080111,131.84,1,1,25
SAMPLE,1,ADAPTIVE,OFF_A,0,11,1079765,131.80,1,1,25
SAMPLE,1,ADAPTIVE,OFF_A,0,12,1121767,136.93,1,1,26
SAMPLE,1,ADAPTIVE,OFF_A,0,13,1121241,136.87,1,1,26
SAMPLE,1,ADAPTIVE,OFF_A,0,14,1119476,136.65,1,1,26
SAMPLE,1,ADAPTIVE,OFF_A,0,15,1122393,137.01,1,1,26
SAMPLE,1,ADAPTIVE,OFF_A,0,16,1083031,132.20,1,1,27
SAMPLE,1,ADAPTIVE,OFF_A,0,17,1079694,131.79,1,1,27
SAMPLE,1,ADAPTIVE,OFF_A,0,18,1084057,132.33,1,1,27
SAMPLE,1,ADAPTIVE,OFF_A,0,19,1115510,136.17,1,1,28
SAMPLE,1,ADAPTIVE,OFF_A,0,20,1114686,136.07,1,1,28
SAMPLE,1,ADAPTIVE,OFF_A,0,21,1114135,136.00,1,1,28
SAMPLE,1,ADAPTIVE,OFF_A,0,22,1112956,135.85,1,1,28
SAMPLE,1,ADAPTIVE,OFF_A,0,23,1083071,132.21,1,1,29
SAMPLE,1,ADAPTIVE,OFF_A,0,24,1087371,132.73,1,1,29
SAMPLE,1,ADAPTIVE,ON_A,1,0,1259748,153.77,1,1,30
SAMPLE,1,ADAPTIVE,ON_A,1,1,1258328,153.60,1,0,30
SAMPLE,1,ADAPTIVE,ON_A,1,2,1073583,131.05,0,0,30
SAMPLE,1,ADAPTIVE,ON_A,1,3,1078898,131.70,0,0,30
SAMPLE,1,ADAPTIVE,ON_A,1,4,1082741,132.17,0,0,31
SAMPLE,1,ADAPTIVE,ON_A,1,5,1088633,132.88,0,0,31
SAMPLE,1,ADAPTIVE,ON_A,1,6,1087452,132.74,0,0,31
SAMPLE,1,ADAPTIVE,ON_A,1,7,1091861,133.28,0,0,31
SAMPLE,1,ADAPTIVE,ON_A,1,8,1089936,133.04,0,0,31
SAMPLE,1,ADAPTIVE,ON_A,1,9,1097858,134.01,0,0,32
SAMPLE,1,ADAPTIVE,ON_A,1,10,1104175,134.78,0,0,32
SAMPLE,1,ADAPTIVE,ON_A,1,11,1098018,134.03,0,0,32
SAMPLE,1,ADAPTIVE,ON_A,1,12,1108792,135.35,0,0,32
SAMPLE,1,ADAPTIVE,ON_A,1,13,1104914,134.87,0,0,32
SAMPLE,1,ADAPTIVE,ON_A,1,14,1075784,131.32,0,0,33
SAMPLE,1,ADAPTIVE,ON_A,1,15,1068776,130.46,0,0,33
SAMPLE,1,ADAPTIVE,ON_A,1,16,1070149,130.63,0,0,33
SAMPLE,1,ADAPTIVE,ON_A,1,17,1077173,131.49,0,0,33
SAMPLE,1,ADAPTIVE,ON_A,1,18,1068261,130.40,0,0,33
SAMPLE,1,ADAPTIVE,ON_A,1,19,1072839,130.96,0,0,34
SAMPLE,1,ADAPTIVE,ON_A,1,20,1072009,130.86,0,0,34
SAMPLE,1,ADAPTIVE,ON_A,1,21,1061908,129.62,0,0,34
SAMPLE,1,ADAPTIVE,ON_A,1,22,1071480,130.79,0,0,34

SAMPLE,1,ADAPTIVE,ON_A,1,23,1070115,130.62,0,0,34
SAMPLE,1,ADAPTIVE,ON_A,1,24,1083655,132.28,0,0,35
SAMPLE,1,ADAPTIVE,OFF_B,0,0,995072,121.46,0,0,36
SAMPLE,1,ADAPTIVE,OFF_B,0,1,996799,121.67,0,0,36
SAMPLE,1,ADAPTIVE,OFF_B,0,2,993493,121.27,0,1,36
SAMPLE,1,ADAPTIVE,OFF_B,0,3,1088429,132.86,1,1,36
SAMPLE,1,ADAPTIVE,OFF_B,0,4,1114781,136.08,1,1,37
SAMPLE,1,ADAPTIVE,OFF_B,0,5,1115286,136.14,1,1,37
SAMPLE,1,ADAPTIVE,OFF_B,0,6,1114823,136.08,1,1,37
SAMPLE,1,ADAPTIVE,OFF_B,0,7,1114074,135.99,1,1,37
SAMPLE,1,ADAPTIVE,OFF_B,0,8,1084216,132.35,1,1,38
SAMPLE,1,ADAPTIVE,OFF_B,0,9,1081259,131.98,1,1,38
SAMPLE,1,ADAPTIVE,OFF_B,0,10,1080402,131.88,1,1,38
SAMPLE,1,ADAPTIVE,OFF_B,0,11,1080539,131.90,1,1,38
SAMPLE,1,ADAPTIVE,OFF_B,0,12,1084125,132.33,1,1,39
SAMPLE,1,ADAPTIVE,OFF_B,0,13,1081809,132.05,1,1,39
SAMPLE,1,ADAPTIVE,OFF_B,0,14,1082524,132.14,1,1,39
SAMPLE,1,ADAPTIVE,OFF_B,0,15,1081240,131.98,1,1,39
SAMPLE,1,ADAPTIVE,OFF_B,0,16,1211121,147.84,1,1,40
SAMPLE,1,ADAPTIVE,OFF_B,0,17,1216856,148.54,1,0,40
SAMPLE,1,ADAPTIVE,OFF_B,0,18,1039543,126.89,0,0,40
SAMPLE,1,ADAPTIVE,OFF_B,0,19,1039544,126.89,0,0,40
SAMPLE,1,ADAPTIVE,OFF_B,0,20,1041553,127.14,0,0,41
SAMPLE,1,ADAPTIVE,OFF_B,0,21,1038574,126.77,0,0,41
SAMPLE,1,ADAPTIVE,OFF_B,0,22,1039713,126.91,0,0,41
SAMPLE,1,ADAPTIVE,OFF_B,0,23,1039387,126.87,0,0,41
SAMPLE,1,ADAPTIVE,OFF_B,0,24,1041164,127.09,0,0,41
SAMPLE,1,ADAPTIVE,ON_B,1,0,1105518,134.95,0,0,42
SAMPLE,1,ADAPTIVE,ON_B,1,1,1107824,135.23,0,0,42
SAMPLE,1,ADAPTIVE,ON_B,1,2,1101542,134.46,0,0,42
SAMPLE,1,ADAPTIVE,ON_B,1,3,1105351,134.93,0,0,42
SAMPLE,1,ADAPTIVE,ON_B,1,4,1107070,135.14,0,0,42
SAMPLE,1,ADAPTIVE,ON_B,1,5,1103846,134.74,0,0,43
SAMPLE,1,ADAPTIVE,ON_B,1,6,1108697,135.33,0,0,43
SAMPLE,1,ADAPTIVE,ON_B,1,7,1108578,135.32,0,0,43
SAMPLE,1,ADAPTIVE,ON_B,1,8,1107303,135.16,0,0,43
SAMPLE,1,ADAPTIVE,ON_B,1,9,1105520,134.95,0,0,43
SAMPLE,1,ADAPTIVE,ON_B,1,10,1103758,134.73,0,0,44
SAMPLE,1,ADAPTIVE,ON_B,1,11,1101196,134.42,0,0,44
SAMPLE,1,ADAPTIVE,ON_B,1,12,1106335,135.05,0,0,44
SAMPLE,1,ADAPTIVE,ON_B,1,13,1100649,134.35,0,0,44
SAMPLE,1,ADAPTIVE,ON_B,1,14,1105457,134.94,0,0,44
SAMPLE,1,ADAPTIVE,ON_B,1,15,1089268,132.96,0,0,45
SAMPLE,1,ADAPTIVE,ON_B,1,16,1091855,133.28,0,0,45
SAMPLE,1,ADAPTIVE,ON_B,1,17,1093643,133.50,0,0,45
SAMPLE,1,ADAPTIVE,ON_B,1,18,1088177,132.83,0,0,45
SAMPLE,1,ADAPTIVE,ON_B,1,19,1085291,132.48,0,0,45
SAMPLE,1,ADAPTIVE,ON_B,1,20,1108340,135.29,0,0,46
SAMPLE,1,ADAPTIVE,ON_B,1,21,1104063,134.77,0,0,46
SAMPLE,1,ADAPTIVE,ON_B,1,22,1108167,135.27,0,0,46
SAMPLE,1,ADAPTIVE,ON_B,1,23,1106978,135.12,0,0,46
SAMPLE,1,ADAPTIVE,ON_B,1,24,1102936,134.63,0,0,46
SAMPLE,2,ADAPTIVE,OFF_A,0,0,1215076,148.32,1,1,47
SAMPLE,2,ADAPTIVE,OFF_A,0,1,1215784,148.41,1,0,47
SAMPLE,2,ADAPTIVE,OFF_A,0,2,1025641,125.20,0,0,47
SAMPLE,2,ADAPTIVE,OFF_A,0,3,1028407,125.53,0,0,47
SAMPLE,2,ADAPTIVE,OFF_A,0,4,998629,121.90,0,0,48
SAMPLE,2,ADAPTIVE,OFF_A,0,5,996843,121.68,0,0,48
SAMPLE,2,ADAPTIVE,OFF_A,0,6,996823,121.68,0,0,48
SAMPLE,2,ADAPTIVE,OFF_A,0,7,994735,121.42,0,0,48
SAMPLE,2,ADAPTIVE,OFF_A,0,8,997022,121.70,0,1,48
SAMPLE,2,ADAPTIVE,OFF_A,0,9,1115135,136.12,1,1,49
SAMPLE,2,ADAPTIVE,OFF_A,0,10,1114818,136.08,1,1,49
SAMPLE,2,ADAPTIVE,OFF_A,0,11,1112472,135.79,1,1,49
SAMPLE,2,ADAPTIVE,OFF_A,0,12,1115658,136.18,1,1,49
SAMPLE,2,ADAPTIVE,OFF_A,0,13,1079784,131.80,1,1,50
SAMPLE,2,ADAPTIVE,OFF_A,0,14,1082861,132.18,1,1,50
SAMPLE,2,ADAPTIVE,OFF_A,0,15,1082043,132.08,1,1,50
SAMPLE,2,ADAPTIVE,OFF_A,0,16,1156323,141.15,1,1,51
SAMPLE,2,ADAPTIVE,OFF_A,0,17,1163404,142.01,1,1,51
SAMPLE,2,ADAPTIVE,OFF_A,0,18,1161331,141.76,1,1,51
SAMPLE,2,ADAPTIVE,OFF_A,0,19,1161645,141.80,1,1,51
SAMPLE,2,ADAPTIVE,OFF_A,0,20,1158149,141.37,1,1,52
SAMPLE,2,ADAPTIVE,OFF_A,0,21,1160004,141.60,1,1,52
SAMPLE,2,ADAPTIVE,OFF_A,0,22,1159185,141.50,1,1,52
SAMPLE,2,ADAPTIVE,OFF_A,0,23,1088366,132.85,1,1,53
SAMPLE,2,ADAPTIVE,OFF_A,0,24,1086724,132.65,1,1,53

SAMPLE,2,ADAPTIVE,ON_A,1,0,1248300,152.38,1,1,54
SAMPLE,2,ADAPTIVE,ON_A,1,1,1261896,154.04,1,0,54
SAMPLE,2,ADAPTIVE,ON_A,1,2,1093941,133.53,0,0,54
SAMPLE,2,ADAPTIVE,ON_A,1,3,1097826,134.01,0,0,54
SAMPLE,2,ADAPTIVE,ON_A,1,4,1067205,130.27,0,0,55
SAMPLE,2,ADAPTIVE,ON_A,1,5,1069571,130.56,0,0,55
SAMPLE,2,ADAPTIVE,ON_A,1,6,1066108,130.14,0,0,55
SAMPLE,2,ADAPTIVE,ON_A,1,7,1073352,131.02,0,0,55
SAMPLE,2,ADAPTIVE,ON_A,1,8,1067207,130.27,0,0,55
SAMPLE,2,ADAPTIVE,ON_A,1,9,1111440,135.67,0,0,56
SAMPLE,2,ADAPTIVE,ON_A,1,10,1106046,135.01,0,0,56
SAMPLE,2,ADAPTIVE,ON_A,1,11,1106077,135.01,0,0,56
SAMPLE,2,ADAPTIVE,ON_A,1,12,1106259,135.04,0,0,56
SAMPLE,2,ADAPTIVE,ON_A,1,13,1100441,134.33,0,0,56
SAMPLE,2,ADAPTIVE,ON_A,1,14,1101880,134.50,0,0,57
SAMPLE,2,ADAPTIVE,ON_A,1,15,1099565,134.22,0,0,57
SAMPLE,2,ADAPTIVE,ON_A,1,16,1103028,134.64,0,0,57
SAMPLE,2,ADAPTIVE,ON_A,1,17,1099130,134.17,0,0,57
SAMPLE,2,ADAPTIVE,ON_A,1,18,1104882,134.87,0,0,57
SAMPLE,2,ADAPTIVE,ON_A,1,19,1100023,134.28,0,0,58
SAMPLE,2,ADAPTIVE,ON_A,1,20,1099189,134.17,0,0,58
SAMPLE,2,ADAPTIVE,ON_A,1,21,1103892,134.75,0,0,58
SAMPLE,2,ADAPTIVE,ON_A,1,22,1100019,134.27,0,0,58
SAMPLE,2,ADAPTIVE,ON_A,1,23,1095563,133.73,0,0,58
SAMPLE,2,ADAPTIVE,ON_A,1,24,1104051,134.77,0,0,59
SAMPLE,2,ADAPTIVE,OFF_B,0,0,982683,119.95,0,0,60
SAMPLE,2,ADAPTIVE,OFF_B,0,1,980623,119.70,0,0,60
SAMPLE,2,ADAPTIVE,OFF_B,0,2,982826,119.97,0,1,60
SAMPLE,2,ADAPTIVE,OFF_B,0,3,1157545,141.30,1,1,60
SAMPLE,2,ADAPTIVE,OFF_B,0,4,1079363,131.75,1,1,61
SAMPLE,2,ADAPTIVE,OFF_B,0,5,1078277,131.62,1,1,61
SAMPLE,2,ADAPTIVE,OFF_B,0,6,1092668,133.38,1,1,61
SAMPLE,2,ADAPTIVE,OFF_B,0,7,1114068,135.99,1,1,61
SAMPLE,2,ADAPTIVE,OFF_B,0,8,1078025,131.59,1,1,62
SAMPLE,2,ADAPTIVE,OFF_B,0,9,1080360,131.87,1,1,62
SAMPLE,2,ADAPTIVE,OFF_B,0,10,1080698,131.92,1,1,62
SAMPLE,2,ADAPTIVE,OFF_B,0,11,1080783,131.93,1,1,62
SAMPLE,2,ADAPTIVE,OFF_B,0,12,1079633,131.79,1,1,63
SAMPLE,2,ADAPTIVE,OFF_B,0,13,1078511,131.65,1,1,63
SAMPLE,2,ADAPTIVE,OFF_B,0,14,1080444,131.89,1,1,63
SAMPLE,2,ADAPTIVE,OFF_B,0,15,1078979,131.71,1,1,63
SAMPLE,2,ADAPTIVE,OFF_B,0,16,1114324,136.02,1,1,64
SAMPLE,2,ADAPTIVE,OFF_B,0,17,1113820,135.96,1,1,64
SAMPLE,2,ADAPTIVE,OFF_B,0,18,1114237,136.01,1,1,64
SAMPLE,2,ADAPTIVE,OFF_B,0,19,1215950,148.43,1,1,65
SAMPLE,2,ADAPTIVE,OFF_B,0,20,1213919,148.18,1,0,65
SAMPLE,2,ADAPTIVE,OFF_B,0,21,1017778,124.24,0,0,65
SAMPLE,2,ADAPTIVE,OFF_B,0,22,1017369,124.19,0,0,65
SAMPLE,2,ADAPTIVE,OFF_B,0,23,1041626,127.15,0,0,66
SAMPLE,2,ADAPTIVE,OFF_B,0,24,1039397,126.87,0,0,66
SAMPLE,2,ADAPTIVE,ON_B,1,0,1102498,134.58,0,0,67
SAMPLE,2,ADAPTIVE,ON_B,1,1,1100818,134.37,0,0,67
SAMPLE,2,ADAPTIVE,ON_B,1,2,1099273,134.18,0,0,67
SAMPLE,2,ADAPTIVE,ON_B,1,3,1103154,134.66,0,0,67
SAMPLE,2,ADAPTIVE,ON_B,1,4,1098804,134.13,0,0,67
SAMPLE,2,ADAPTIVE,ON_B,1,5,1104886,134.87,0,0,68
SAMPLE,2,ADAPTIVE,ON_B,1,6,1104500,134.82,0,0,68
SAMPLE,2,ADAPTIVE,ON_B,1,7,1106811,135.10,0,0,68
SAMPLE,2,ADAPTIVE,ON_B,1,8,1108326,135.29,0,0,68
SAMPLE,2,ADAPTIVE,ON_B,1,9,1108726,135.34,0,0,68
SAMPLE,2,ADAPTIVE,ON_B,1,10,1112605,135.81,0,0,69
SAMPLE,2,ADAPTIVE,ON_B,1,11,1105071,134.89,0,0,69
SAMPLE,2,ADAPTIVE,ON_B,1,12,1106316,135.04,0,0,69
SAMPLE,2,ADAPTIVE,ON_B,1,13,1111352,135.66,0,0,69
SAMPLE,2,ADAPTIVE,ON_B,1,14,1105406,134.93,0,0,69
SAMPLE,2,ADAPTIVE,ON_B,1,15,1098999,134.15,0,0,70
SAMPLE,2,ADAPTIVE,ON_B,1,16,1091417,133.22,0,0,70
SAMPLE,2,ADAPTIVE,ON_B,1,17,1096875,133.89,0,0,70
SAMPLE,2,ADAPTIVE,ON_B,1,18,1093722,133.51,0,0,70
SAMPLE,2,ADAPTIVE,ON_B,1,19,1105699,134.97,0,0,70
SAMPLE,2,ADAPTIVE,ON_B,1,20,1095522,133.73,0,0,71
SAMPLE,2,ADAPTIVE,ON_B,1,21,1093070,133.43,0,0,71
SAMPLE,2,ADAPTIVE,ON_B,1,22,1098559,134.10,0,0,71
SAMPLE,2,ADAPTIVE,ON_B,1,23,1093378,133.46,0,0,71
SAMPLE,2,ADAPTIVE,ON_B,1,24,1101730,134.48,0,0,71
MODE_END,ADAPTIVE
PHASE_SUMMARY_HEADER,mode,phase,load,min,mean,p95,max,violations
PHASE_SUMMARY,CPU_ONLY,OFF_A,0,94.97,95.04,95.11,95.11,0
PHASE_SUMMARY,CPU_ONLY,ON_A,1,97.17,97.53,97.76,97.78,0
PHASE_SUMMARY,CPU_ONLY,OFF_B,0,94.98,95.04,95.10,95.12,0
PHASE_SUMMARY,CPU_ONLY,ON_B,1,97.18,97.52,97.75,97.79,0
PHASE_SUMMARY,FIXED_MAX,OFF_A,0,217.20,218.43,219.29,219.34,75
PHASE_SUMMARY,FIXED_MAX,ON_A,1,240.57,241.60,242.30,242.79,75
PHASE_SUMMARY,FIXED_MAX,OFF_B,0,217.50,218.42,219.30,219.66,75
PHASE_SUMMARY,FIXED_MAX,ON_B,1,240.57,241.64,242.39,243.01,75
PHASE_SUMMARY,STATIC_B8,OFF_A,0,140.05,140.43,140.73,140.78,0
PHASE_SUMMARY,STATIC_B8,ON_A,1,157.56,158.37,158.93,159.07,75
PHASE_SUMMARY,STATIC_B8,OFF_B,0,139.95,140.45,140.77,141.01,0
PHASE_SUMMARY,STATIC_B8,ON_B,1,157.21,158.27,158.90,159.12,75
PHASE_SUMMARY,RBR_50,OFF_A,0,118.04,124.19,127.66,127.80,0
PHASE_SUMMARY,RBR_50,ON_A,1,129.05,132.63,135.40,135.61,0
PHASE_SUMMARY,RBR_50,OFF_B,0,117.71,121.52,127.68,127.73,0
PHASE_SUMMARY,RBR_50,ON_B,1,129.71,133.55,135.62,136.03,0
PHASE_SUMMARY,RBR_67,OFF_A,0,131.71,136.67,148.20,148.52,5
PHASE_SUMMARY,RBR_67,ON_A,1,151.70,153.40,154.70,154.97,75
PHASE_SUMMARY,RBR_67,OFF_B,0,131.73,139.17,148.57,148.78,15
PHASE_SUMMARY,RBR_67,ON_B,1,152.04,153.52,154.94,155.60,75
PHASE_SUMMARY,RBR_80,OFF_A,0,143.50,144.40,144.95,145.01,75
PHASE_SUMMARY,RBR_80,ON_A,1,176.14,177.06,177.71,178.07,75
PHASE_SUMMARY,RBR_80,OFF_B,0,143.79,144.44,144.84,144.95,75
PHASE_SUMMARY,RBR_80,ON_B,1,176.21,177.05,177.60,177.72,75
PHASE_SUMMARY,ADAPTIVE,OFF_A,0,117.74,133.46,145.85,148.41,4
PHASE_SUMMARY,ADAPTIVE,ON_A,1,129.62,134.53,153.60,154.04,6
PHASE_SUMMARY,ADAPTIVE,OFF_B,0,119.70,131.12,148.18,148.54,7
PHASE_SUMMARY,ADAPTIVE,ON_B,1,132.48,134.62,135.57,135.81,0
PHASE_DMA_HEADER,mode,phase,load,commands,dma_MiB_per_s,dma_cycles,r_wait,w_wait,r_windows,w_windows
PHASE_DMA,CPU_ONLY,OFF_A,0,0,0.00,0,0,0,0,0
PHASE_DMA,CPU_ONLY,ON_A,1,0,0.00,0,0,0,0,0
PHASE_DMA,CPU_ONLY,OFF_B,0,0,0.00,0,0,0,0,0
PHASE_DMA,CPU_ONLY,ON_B,1,0,0.00,0,0,0,0,0
PHASE_DMA,FIXED_MAX,OFF_A,0,41,723.59,45329291,0,0,0,0
PHASE_DMA,FIXED_MAX,ON_A,1,75,672.62,89203329,0,0,0,0
PHASE_DMA,FIXED_MAX,OFF_B,0,40,723.79,44211328,0,0,0,0
PHASE_DMA,FIXED_MAX,ON_B,1,75,672.62,89202280,0,0,0,0
PHASE_DMA,STATIC_B8,OFF_A,0,27,578.42,37342531,0,0,0,0
PHASE_DMA,STATIC_B8,ON_A,1,27,545.84,39571634,0,0,0,0
PHASE_DMA,STATIC_B8,OFF_B,0,27,578.40,37344353,0,0,0,0
PHASE_DMA,STATIC_B8,ON_B,1,27,545.86,39570367,0,0,0,0
PHASE_DMA,RBR_50,OFF_A,0,17,381.46,35651721,17825526,17825509,557056,557056
PHASE_DMA,RBR_50,ON_A,1,15,381.46,31457425,15727816,15727801,491520,491520
PHASE_DMA,RBR_50,OFF_B,0,18,381.46,37748885,18874116,18874098,589824,589824
PHASE_DMA,RBR_50,ON_B,1,15,381.46,31457424,15727797,15727782,491520,491520
PHASE_DMA,RBR_67,OFF_A,0,22,508.61,34603552,11534261,11534261,720896,720896
PHASE_DMA,RBR_67,ON_A,1,24,508.31,37771982,12519288,12519288,786432,786432
PHASE_DMA,RBR_67,OFF_B,0,21,508.61,33030661,11009966,11009966,688128,688128
PHASE_DMA,RBR_67,ON_B,1,24,508.30,37772536,12519807,12519807,786432,786432
PHASE_DMA,RBR_80,OFF_A,0,27,609.12,35460466,6965057,6965057,884736,884736
PHASE_DMA,RBR_80,ON_A,1,39,605.00,51569486,9590179,9590176,1277952,1277952
PHASE_DMA,RBR_80,OFF_B,0,27,609.16,35458318,6965035,6965035,884736,884736
PHASE_DMA,RBR_80,ON_B,1,39,605.06,51564725,9587559,9587552,1277952,1277952
PHASE_DMA,ADAPTIVE,OFF_A,0,20,480.89,33270972,12298902,12298899,655360,655360
PHASE_DMA,ADAPTIVE,ON_A,1,18,389.44,36975699,18094413,18094395,589824,589824
PHASE_DMA,ADAPTIVE,OFF_B,0,19,454.15,33468901,13545436,13545429,622592,622592
PHASE_DMA,ADAPTIVE,ON_B,1,15,381.46,31457419,15727824,15727809,491520,491520
SUMMARY_HEADER,mode,min,mean,p95,p99,max,violations,dma_commands,dma_MiB_per_s,dma_cycles,r_wait,w_wait,r_windows,w_windows,transitions
SUMMARY,CPU_ONLY,94.97,96.28,97.74,97.76,97.79,0,0,0.00,0,0,0,0,0,0

SUMMARY,FIXED_MAX,217.20,230.02,242.18,242.56,243.01,300,231,689.69,267946228,0,0,0,0,0
SUMMARY,STATIC_B8,139.95,149.38,158.76,158.98,159.12,150,108,561.66,153828885,0,0,0,0,0
SUMMARY,RBR_50,117.71,127.97,135.24,135.62,136.03,0,65,381.46,136315455,68155255,68155190,2129920,2129920,0
SUMMARY,RBR_67,131.71,145.69,154.39,154.97,155.60,170,91,508.45,143178731,47583322,47583322,2981888,2981888,0
SUMMARY,RBR_80,143.50,160.74,177.58,177.72,178.07,300,132,606.71,174052995,33107830,33107820,4325376,4325376,0
SUMMARY,ADAPTIVE,117.74,133.43,147.73,153.60,154.04,17,72,426.12,135172991,59666575,59666532,2359296,2359296,13
LEVEL_HITS,L0=196,L1=104,L2=0,L3=0,up=1,down=1
CPU1,passes=19,checksum=0x00064000
PASS: final adaptive benchmark complete, sink=0
