Final Adaptive DMA benchmark
Waiting for CPU1 load generator...
CPU1 load generator ready
CONFIG,repeats=3,phases=4,samples_per_phase=25,dma_bytes=8388608
SAMPLE_HEADER,repeat,mode,phase,load,sample,cpu_ticks,cpu_cycles,level_before,level_after,dma_command
MODE_BEGIN,CPU_ONLY
SAMPLE,0,CPU_ONLY,OFF_A,0,0,824426,100.63,255,255,0
SAMPLE,0,CPU_ONLY,OFF_A,0,1,824359,100.62,255,255,0
SAMPLE,0,CPU_ONLY,OFF_A,0,2,824433,100.63,255,255,0
SAMPLE,0,CPU_ONLY,OFF_A,0,3,824561,100.65,255,255,0
SAMPLE,0,CPU_ONLY,OFF_A,0,4,824449,100.64,255,255,0
SAMPLE,0,CPU_ONLY,OFF_A,0,5,824336,100.62,255,255,0
SAMPLE,0,CPU_ONLY,OFF_A,0,6,824469,100.64,255,255,0
SAMPLE,0,CPU_ONLY,OFF_A,0,7,824500,100.64,255,255,0
SAMPLE,0,CPU_ONLY,OFF_A,0,8,824377,100.63,255,255,0
SAMPLE,0,CPU_ONLY,OFF_A,0,9,824513,100.64,255,255,0
SAMPLE,0,CPU_ONLY,OFF_A,0,10,824460,100.64,255,255,0
SAMPLE,0,CPU_ONLY,OFF_A,0,11,824362,100.63,255,255,0
SAMPLE,0,CPU_ONLY,OFF_A,0,12,824414,100.63,255,255,0
SAMPLE,0,CPU_ONLY,OFF_A,0,13,824472,100.64,255,255,0
SAMPLE,0,CPU_ONLY,OFF_A,0,14,824437,100.63,255,255,0

SAMPLE,0,CPU_ONLY,OFF_A,0,15,824471,100.64,255,255,0
SAMPLE,0,CPU_ONLY,OFF_A,0,16,824460,100.64,255,255,0
SAMPLE,0,CPU_ONLY,OFF_A,0,17,824330,100.62,255,255,0
SAMPLE,0,CPU_ONLY,OFF_A,0,18,824476,100.64,255,255,0
SAMPLE,0,CPU_ONLY,OFF_A,0,19,824376,100.63,255,255,0
SAMPLE,0,CPU_ONLY,OFF_A,0,20,824490,100.64,255,255,0
SAMPLE,0,CPU_ONLY,OFF_A,0,21,824301,100.62,255,255,0
SAMPLE,0,CPU_ONLY,OFF_A,0,22,824398,100.63,255,255,0
SAMPLE,0,CPU_ONLY,OFF_A,0,23,824373,100.63,255,255,0
SAMPLE,0,CPU_ONLY,OFF_A,0,24,824509,100.64,255,255,0
SAMPLE,0,CPU_ONLY,ON_A,1,0,843977,103.02,255,255,0
SAMPLE,0,CPU_ONLY,ON_A,1,1,847124,103.40,255,255,0
SAMPLE,0,CPU_ONLY,ON_A,1,2,846061,103.27,255,255,0
SAMPLE,0,CPU_ONLY,ON_A,1,3,846556,103.33,255,255,0
SAMPLE,0,CPU_ONLY,ON_A,1,4,845657,103.22,255,255,0
SAMPLE,0,CPU_ONLY,ON_A,1,5,846011,103.27,255,255,0
SAMPLE,0,CPU_ONLY,ON_A,1,6,846329,103.31,255,255,0
SAMPLE,0,CPU_ONLY,ON_A,1,7,845936,103.26,255,255,0
SAMPLE,0,CPU_ONLY,ON_A,1,8,845668,103.23,255,255,0
SAMPLE,0,CPU_ONLY,ON_A,1,9,845661,103.23,255,255,0
SAMPLE,0,CPU_ONLY,ON_A,1,10,846060,103.27,255,255,0
SAMPLE,0,CPU_ONLY,ON_A,1,11,845909,103.26,255,255,0
SAMPLE,0,CPU_ONLY,ON_A,1,12,845448,103.20,255,255,0
SAMPLE,0,CPU_ONLY,ON_A,1,13,845368,103.19,255,255,0
SAMPLE,0,CPU_ONLY,ON_A,1,14,846219,103.29,255,255,0
SAMPLE,0,CPU_ONLY,ON_A,1,15,844882,103.13,255,255,0
SAMPLE,0,CPU_ONLY,ON_A,1,16,842895,102.89,255,255,0
SAMPLE,0,CPU_ONLY,ON_A,1,17,842448,102.83,255,255,0
SAMPLE,0,CPU_ONLY,ON_A,1,18,845441,103.20,255,255,0
SAMPLE,0,CPU_ONLY,ON_A,1,19,845776,103.24,255,255,0
SAMPLE,0,CPU_ONLY,ON_A,1,20,845515,103.21,255,255,0
SAMPLE,0,CPU_ONLY,ON_A,1,21,846053,103.27,255,255,0
SAMPLE,0,CPU_ONLY,ON_A,1,22,846050,103.27,255,255,0
SAMPLE,0,CPU_ONLY,ON_A,1,23,845492,103.20,255,255,0
SAMPLE,0,CPU_ONLY,ON_A,1,24,846156,103.29,255,255,0
SAMPLE,0,CPU_ONLY,OFF_B,0,0,824555,100.65,255,255,0
SAMPLE,0,CPU_ONLY,OFF_B,0,1,824468,100.64,255,255,0
SAMPLE,0,CPU_ONLY,OFF_B,0,2,824425,100.63,255,255,0
SAMPLE,0,CPU_ONLY,OFF_B,0,3,824312,100.62,255,255,0
SAMPLE,0,CPU_ONLY,OFF_B,0,4,824438,100.63,255,255,0
SAMPLE,0,CPU_ONLY,OFF_B,0,5,824565,100.65,255,255,0
SAMPLE,0,CPU_ONLY,OFF_B,0,6,824438,100.63,255,255,0
SAMPLE,0,CPU_ONLY,OFF_B,0,7,824351,100.62,255,255,0
SAMPLE,0,CPU_ONLY,OFF_B,0,8,824457,100.64,255,255,0
SAMPLE,0,CPU_ONLY,OFF_B,0,9,824490,100.64,255,255,0
SAMPLE,0,CPU_ONLY,OFF_B,0,10,824385,100.63,255,255,0
SAMPLE,0,CPU_ONLY,OFF_B,0,11,824508,100.64,255,255,0
SAMPLE,0,CPU_ONLY,OFF_B,0,12,824411,100.63,255,255,0
SAMPLE,0,CPU_ONLY,OFF_B,0,13,824424,100.63,255,255,0
SAMPLE,0,CPU_ONLY,OFF_B,0,14,824428,100.63,255,255,0
SAMPLE,0,CPU_ONLY,OFF_B,0,15,824537,100.65,255,255,0
SAMPLE,0,CPU_ONLY,OFF_B,0,16,824369,100.63,255,255,0
SAMPLE,0,CPU_ONLY,OFF_B,0,17,824520,100.64,255,255,0
SAMPLE,0,CPU_ONLY,OFF_B,0,18,824408,100.63,255,255,0
SAMPLE,0,CPU_ONLY,OFF_B,0,19,824445,100.64,255,255,0
SAMPLE,0,CPU_ONLY,OFF_B,0,20,824366,100.63,255,255,0
SAMPLE,0,CPU_ONLY,OFF_B,0,21,824429,100.63,255,255,0
SAMPLE,0,CPU_ONLY,OFF_B,0,22,824345,100.62,255,255,0
SAMPLE,0,CPU_ONLY,OFF_B,0,23,824465,100.64,255,255,0
SAMPLE,0,CPU_ONLY,OFF_B,0,24,824366,100.63,255,255,0
SAMPLE,0,CPU_ONLY,ON_B,1,0,844456,103.08,255,255,0
SAMPLE,0,CPU_ONLY,ON_B,1,1,845882,103.25,255,255,0
SAMPLE,0,CPU_ONLY,ON_B,1,2,845284,103.18,255,255,0
SAMPLE,0,CPU_ONLY,ON_B,1,3,846221,103.29,255,255,0
SAMPLE,0,CPU_ONLY,ON_B,1,4,845907,103.26,255,255,0
SAMPLE,0,CPU_ONLY,ON_B,1,5,845794,103.24,255,255,0
SAMPLE,0,CPU_ONLY,ON_B,1,6,845710,103.23,255,255,0
SAMPLE,0,CPU_ONLY,ON_B,1,7,845687,103.23,255,255,0
SAMPLE,0,CPU_ONLY,ON_B,1,8,845162,103.16,255,255,0
SAMPLE,0,CPU_ONLY,ON_B,1,9,846497,103.33,255,255,0
SAMPLE,0,CPU_ONLY,ON_B,1,10,845748,103.24,255,255,0
SAMPLE,0,CPU_ONLY,ON_B,1,11,846107,103.28,255,255,0
SAMPLE,0,CPU_ONLY,ON_B,1,12,845382,103.19,255,255,0
SAMPLE,0,CPU_ONLY,ON_B,1,13,846016,103.27,255,255,0
SAMPLE,0,CPU_ONLY,ON_B,1,14,845714,103.23,255,255,0
SAMPLE,0,CPU_ONLY,ON_B,1,15,845036,103.15,255,255,0
SAMPLE,0,CPU_ONLY,ON_B,1,16,842467,102.84,255,255,0
SAMPLE,0,CPU_ONLY,ON_B,1,17,842735,102.87,255,255,0
SAMPLE,0,CPU_ONLY,ON_B,1,18,844281,103.06,255,255,0
SAMPLE,0,CPU_ONLY,ON_B,1,19,845325,103.18,255,255,0
SAMPLE,0,CPU_ONLY,ON_B,1,20,845229,103.17,255,255,0
SAMPLE,0,CPU_ONLY,ON_B,1,21,845783,103.24,255,255,0
SAMPLE,0,CPU_ONLY,ON_B,1,22,845208,103.17,255,255,0
SAMPLE,0,CPU_ONLY,ON_B,1,23,845587,103.22,255,255,0
SAMPLE,0,CPU_ONLY,ON_B,1,24,846679,103.35,255,255,0
SAMPLE,1,CPU_ONLY,OFF_A,0,0,824618,100.66,255,255,0
SAMPLE,1,CPU_ONLY,OFF_A,0,1,824575,100.65,255,255,0
SAMPLE,1,CPU_ONLY,OFF_A,0,2,824470,100.64,255,255,0
SAMPLE,1,CPU_ONLY,OFF_A,0,3,824415,100.63,255,255,0
SAMPLE,1,CPU_ONLY,OFF_A,0,4,824373,100.63,255,255,0
SAMPLE,1,CPU_ONLY,OFF_A,0,5,824523,100.64,255,255,0
SAMPLE,1,CPU_ONLY,OFF_A,0,6,824453,100.64,255,255,0
SAMPLE,1,CPU_ONLY,OFF_A,0,7,824390,100.63,255,255,0
SAMPLE,1,CPU_ONLY,OFF_A,0,8,824423,100.63,255,255,0
SAMPLE,1,CPU_ONLY,OFF_A,0,9,824479,100.64,255,255,0
SAMPLE,1,CPU_ONLY,OFF_A,0,10,824465,100.64,255,255,0
SAMPLE,1,CPU_ONLY,OFF_A,0,11,824488,100.64,255,255,0

SAMPLE,1,CPU_ONLY,OFF_A,0,12,824389,100.63,255,255,0
SAMPLE,1,CPU_ONLY,OFF_A,0,13,824456,100.64,255,255,0
SAMPLE,1,CPU_ONLY,OFF_A,0,14,824376,100.63,255,255,0
SAMPLE,1,CPU_ONLY,OFF_A,0,15,824410,100.63,255,255,0
SAMPLE,1,CPU_ONLY,OFF_A,0,16,824322,100.62,255,255,0
SAMPLE,1,CPU_ONLY,OFF_A,0,17,824509,100.64,255,255,0
SAMPLE,1,CPU_ONLY,OFF_A,0,18,824295,100.62,255,255,0
SAMPLE,1,CPU_ONLY,OFF_A,0,19,824487,100.64,255,255,0
SAMPLE,1,CPU_ONLY,OFF_A,0,20,824430,100.63,255,255,0
SAMPLE,1,CPU_ONLY,OFF_A,0,21,824566,100.65,255,255,0
SAMPLE,1,CPU_ONLY,OFF_A,0,22,824350,100.62,255,255,0
SAMPLE,1,CPU_ONLY,OFF_A,0,23,824459,100.64,255,255,0
SAMPLE,1,CPU_ONLY,OFF_A,0,24,824470,100.64,255,255,0
SAMPLE,1,CPU_ONLY,ON_A,1,0,843937,103.01,255,255,0
SAMPLE,1,CPU_ONLY,ON_A,1,1,846439,103.32,255,255,0
SAMPLE,1,CPU_ONLY,ON_A,1,2,846005,103.27,255,255,0
SAMPLE,1,CPU_ONLY,ON_A,1,3,845737,103.23,255,255,0
SAMPLE,1,CPU_ONLY,ON_A,1,4,846659,103.35,255,255,0
SAMPLE,1,CPU_ONLY,ON_A,1,5,845253,103.18,255,255,0
SAMPLE,1,CPU_ONLY,ON_A,1,6,845278,103.18,255,255,0
SAMPLE,1,CPU_ONLY,ON_A,1,7,844743,103.11,255,255,0
SAMPLE,1,CPU_ONLY,ON_A,1,8,846444,103.32,255,255,0
SAMPLE,1,CPU_ONLY,ON_A,1,9,845762,103.24,255,255,0
SAMPLE,1,CPU_ONLY,ON_A,1,10,845876,103.25,255,255,0
SAMPLE,1,CPU_ONLY,ON_A,1,11,846041,103.27,255,255,0
SAMPLE,1,CPU_ONLY,ON_A,1,12,845717,103.23,255,255,0
SAMPLE,1,CPU_ONLY,ON_A,1,13,845660,103.22,255,255,0
SAMPLE,1,CPU_ONLY,ON_A,1,14,845859,103.25,255,255,0
SAMPLE,1,CPU_ONLY,ON_A,1,15,844835,103.12,255,255,0
SAMPLE,1,CPU_ONLY,ON_A,1,16,843576,102.97,255,255,0
SAMPLE,1,CPU_ONLY,ON_A,1,17,842684,102.86,255,255,0
SAMPLE,1,CPU_ONLY,ON_A,1,18,843966,103.02,255,255,0
SAMPLE,1,CPU_ONLY,ON_A,1,19,845386,103.19,255,255,0
SAMPLE,1,CPU_ONLY,ON_A,1,20,846308,103.30,255,255,0
SAMPLE,1,CPU_ONLY,ON_A,1,21,845669,103.23,255,255,0
SAMPLE,1,CPU_ONLY,ON_A,1,22,845440,103.20,255,255,0
SAMPLE,1,CPU_ONLY,ON_A,1,23,846064,103.27,255,255,0
SAMPLE,1,CPU_ONLY,ON_A,1,24,845608,103.22,255,255,0
SAMPLE,1,CPU_ONLY,OFF_B,0,0,824530,100.65,255,255,0
SAMPLE,1,CPU_ONLY,OFF_B,0,1,824516,100.64,255,255,0
SAMPLE,1,CPU_ONLY,OFF_B,0,2,824463,100.64,255,255,0
SAMPLE,1,CPU_ONLY,OFF_B,0,3,824519,100.64,255,255,0
SAMPLE,1,CPU_ONLY,OFF_B,0,4,824387,100.63,255,255,0
SAMPLE,1,CPU_ONLY,OFF_B,0,5,824458,100.64,255,255,0
SAMPLE,1,CPU_ONLY,OFF_B,0,6,824454,100.64,255,255,0
SAMPLE,1,CPU_ONLY,OFF_B,0,7,824442,100.63,255,255,0
SAMPLE,1,CPU_ONLY,OFF_B,0,8,824462,100.64,255,255,0
SAMPLE,1,CPU_ONLY,OFF_B,0,9,824471,100.64,255,255,0
SAMPLE,1,CPU_ONLY,OFF_B,0,10,824456,100.64,255,255,0
SAMPLE,1,CPU_ONLY,OFF_B,0,11,824472,100.64,255,255,0
SAMPLE,1,CPU_ONLY,OFF_B,0,12,824438,100.63,255,255,0
SAMPLE,1,CPU_ONLY,OFF_B,0,13,824503,100.64,255,255,0
SAMPLE,1,CPU_ONLY,OFF_B,0,14,824548,100.65,255,255,0
SAMPLE,1,CPU_ONLY,OFF_B,0,15,824499,100.64,255,255,0
SAMPLE,1,CPU_ONLY,OFF_B,0,16,824548,100.65,255,255,0
SAMPLE,1,CPU_ONLY,OFF_B,0,17,824485,100.64,255,255,0
SAMPLE,1,CPU_ONLY,OFF_B,0,18,824403,100.63,255,255,0
SAMPLE,1,CPU_ONLY,OFF_B,0,19,824459,100.64,255,255,0
SAMPLE,1,CPU_ONLY,OFF_B,0,20,824421,100.63,255,255,0
SAMPLE,1,CPU_ONLY,OFF_B,0,21,824552,100.65,255,255,0
SAMPLE,1,CPU_ONLY,OFF_B,0,22,824405,100.63,255,255,0
SAMPLE,1,CPU_ONLY,OFF_B,0,23,824433,100.63,255,255,0
SAMPLE,1,CPU_ONLY,OFF_B,0,24,824358,100.62,255,255,0
SAMPLE,1,CPU_ONLY,ON_B,1,0,844583,103.09,255,255,0
SAMPLE,1,CPU_ONLY,ON_B,1,1,845545,103.21,255,255,0
SAMPLE,1,CPU_ONLY,ON_B,1,2,845833,103.25,255,255,0
SAMPLE,1,CPU_ONLY,ON_B,1,3,845614,103.22,255,255,0
SAMPLE,1,CPU_ONLY,ON_B,1,4,846422,103.32,255,255,0
SAMPLE,1,CPU_ONLY,ON_B,1,5,846440,103.32,255,255,0
SAMPLE,1,CPU_ONLY,ON_B,1,6,845129,103.16,255,255,0
SAMPLE,1,CPU_ONLY,ON_B,1,7,845935,103.26,255,255,0
SAMPLE,1,CPU_ONLY,ON_B,1,8,845514,103.21,255,255,0
SAMPLE,1,CPU_ONLY,ON_B,1,9,845807,103.24,255,255,0
SAMPLE,1,CPU_ONLY,ON_B,1,10,846326,103.31,255,255,0
SAMPLE,1,CPU_ONLY,ON_B,1,11,845927,103.26,255,255,0
SAMPLE,1,CPU_ONLY,ON_B,1,12,846654,103.35,255,255,0
SAMPLE,1,CPU_ONLY,ON_B,1,13,846313,103.30,255,255,0
SAMPLE,1,CPU_ONLY,ON_B,1,14,846065,103.27,255,255,0
SAMPLE,1,CPU_ONLY,ON_B,1,15,844689,103.11,255,255,0
SAMPLE,1,CPU_ONLY,ON_B,1,16,843567,102.97,255,255,0
SAMPLE,1,CPU_ONLY,ON_B,1,17,842857,102.88,255,255,0
SAMPLE,1,CPU_ONLY,ON_B,1,18,844615,103.10,255,255,0
SAMPLE,1,CPU_ONLY,ON_B,1,19,846151,103.28,255,255,0
SAMPLE,1,CPU_ONLY,ON_B,1,20,846080,103.28,255,255,0
SAMPLE,1,CPU_ONLY,ON_B,1,21,846073,103.28,255,255,0
SAMPLE,1,CPU_ONLY,ON_B,1,22,846026,103.27,255,255,0
SAMPLE,1,CPU_ONLY,ON_B,1,23,845513,103.21,255,255,0
SAMPLE,1,CPU_ONLY,ON_B,1,24,845529,103.21,255,255,0
SAMPLE,2,CPU_ONLY,OFF_A,0,0,824332,100.62,255,255,0
SAMPLE,2,CPU_ONLY,OFF_A,0,1,824357,100.62,255,255,0
SAMPLE,2,CPU_ONLY,OFF_A,0,2,824439,100.63,255,255,0
SAMPLE,2,CPU_ONLY,OFF_A,0,3,824524,100.64,255,255,0
SAMPLE,2,CPU_ONLY,OFF_A,0,4,824559,100.65,255,255,0
SAMPLE,2,CPU_ONLY,OFF_A,0,5,824363,100.63,255,255,0
SAMPLE,2,CPU_ONLY,OFF_A,0,6,824438,100.63,255,255,0
SAMPLE,2,CPU_ONLY,OFF_A,0,7,824468,100.64,255,255,0
SAMPLE,2,CPU_ONLY,OFF_A,0,8,824343,100.62,255,255,0
SAMPLE,2,CPU_ONLY,OFF_A,0,9,824467,100.64,255,255,0
SAMPLE,2,CPU_ONLY,OFF_A,0,10,824539,100.65,255,255,0
SAMPLE,2,CPU_ONLY,OFF_A,0,11,824346,100.62,255,255,0
SAMPLE,2,CPU_ONLY,OFF_A,0,12,824448,100.64,255,255,0
SAMPLE,2,CPU_ONLY,OFF_A,0,13,824435,100.63,255,255,0
SAMPLE,2,CPU_ONLY,OFF_A,0,14,824500,100.64,255,255,0
SAMPLE,2,CPU_ONLY,OFF_A,0,15,824441,100.63,255,255,0
SAMPLE,2,CPU_ONLY,OFF_A,0,16,824566,100.65,255,255,0
SAMPLE,2,CPU_ONLY,OFF_A,0,17,824407,100.63,255,255,0
SAMPLE,2,CPU_ONLY,OFF_A,0,18,824431,100.63,255,255,0
SAMPLE,2,CPU_ONLY,OFF_A,0,19,824356,100.62,255,255,0
SAMPLE,2,CPU_ONLY,OFF_A,0,20,824461,100.64,255,255,0
SAMPLE,2,CPU_ONLY,OFF_A,0,21,824326,100.62,255,255,0
SAMPLE,2,CPU_ONLY,OFF_A,0,22,824477,100.64,255,255,0
SAMPLE,2,CPU_ONLY,OFF_A,0,23,824388,100.63,255,255,0
SAMPLE,2,CPU_ONLY,OFF_A,0,24,824388,100.63,255,255,0
SAMPLE,2,CPU_ONLY,ON_A,1,0,844522,103.09,255,255,0
SAMPLE,2,CPU_ONLY,ON_A,1,1,845454,103.20,255,255,0
SAMPLE,2,CPU_ONLY,ON_A,1,2,845875,103.25,255,255,0
SAMPLE,2,CPU_ONLY,ON_A,1,3,845900,103.25,255,255,0
SAMPLE,2,CPU_ONLY,ON_A,1,4,845544,103.21,255,255,0
SAMPLE,2,CPU_ONLY,ON_A,1,5,845715,103.23,255,255,0
SAMPLE,2,CPU_ONLY,ON_A,1,6,846129,103.28,255,255,0
SAMPLE,2,CPU_ONLY,ON_A,1,7,845678,103.23,255,255,0
SAMPLE,2,CPU_ONLY,ON_A,1,8,845959,103.26,255,255,0
SAMPLE,2,CPU_ONLY,ON_A,1,9,845904,103.25,255,255,0
SAMPLE,2,CPU_ONLY,ON_A,1,10,846060,103.27,255,255,0
SAMPLE,2,CPU_ONLY,ON_A,1,11,845198,103.17,255,255,0
SAMPLE,2,CPU_ONLY,ON_A,1,12,845527,103.21,255,255,0
SAMPLE,2,CPU_ONLY,ON_A,1,13,845152,103.16,255,255,0
SAMPLE,2,CPU_ONLY,ON_A,1,14,845994,103.27,255,255,0
SAMPLE,2,CPU_ONLY,ON_A,1,15,844965,103.14,255,255,0
SAMPLE,2,CPU_ONLY,ON_A,1,16,842820,102.88,255,255,0
SAMPLE,2,CPU_ONLY,ON_A,1,17,842406,102.83,255,255,0
SAMPLE,2,CPU_ONLY,ON_A,1,18,844301,103.06,255,255,0
SAMPLE,2,CPU_ONLY,ON_A,1,19,845044,103.15,255,255,0
SAMPLE,2,CPU_ONLY,ON_A,1,20,846550,103.33,255,255,0
SAMPLE,2,CPU_ONLY,ON_A,1,21,846418,103.32,255,255,0

SAMPLE,2,CPU_ONLY,ON_A,1,22,845131,103.16,255,255,0
SAMPLE,2,CPU_ONLY,ON_A,1,23,845062,103.15,255,255,0
SAMPLE,2,CPU_ONLY,ON_A,1,24,846424,103.32,255,255,0
SAMPLE,2,CPU_ONLY,OFF_B,0,0,824530,100.65,255,255,0
SAMPLE,2,CPU_ONLY,OFF_B,0,1,824408,100.63,255,255,0
SAMPLE,2,CPU_ONLY,OFF_B,0,2,824465,100.64,255,255,0
SAMPLE,2,CPU_ONLY,OFF_B,0,3,824506,100.64,255,255,0
SAMPLE,2,CPU_ONLY,OFF_B,0,4,824539,100.65,255,255,0
SAMPLE,2,CPU_ONLY,OFF_B,0,5,824366,100.63,255,255,0
SAMPLE,2,CPU_ONLY,OFF_B,0,6,824438,100.63,255,255,0
SAMPLE,2,CPU_ONLY,OFF_B,0,7,824456,100.64,255,255,0
SAMPLE,2,CPU_ONLY,OFF_B,0,8,824345,100.62,255,255,0
SAMPLE,2,CPU_ONLY,OFF_B,0,9,824482,100.64,255,255,0
SAMPLE,2,CPU_ONLY,OFF_B,0,10,824403,100.63,255,255,0
SAMPLE,2,CPU_ONLY,OFF_B,0,11,824355,100.62,255,255,0
SAMPLE,2,CPU_ONLY,OFF_B,0,12,824430,100.63,255,255,0
SAMPLE,2,CPU_ONLY,OFF_B,0,13,824321,100.62,255,255,0
SAMPLE,2,CPU_ONLY,OFF_B,0,14,824440,100.63,255,255,0
SAMPLE,2,CPU_ONLY,OFF_B,0,15,824397,100.63,255,255,0
SAMPLE,2,CPU_ONLY,OFF_B,0,16,824471,100.64,255,255,0
SAMPLE,2,CPU_ONLY,OFF_B,0,17,824442,100.63,255,255,0
SAMPLE,2,CPU_ONLY,OFF_B,0,18,824513,100.64,255,255,0
SAMPLE,2,CPU_ONLY,OFF_B,0,19,824338,100.62,255,255,0
SAMPLE,2,CPU_ONLY,OFF_B,0,20,824444,100.64,255,255,0
SAMPLE,2,CPU_ONLY,OFF_B,0,21,824568,100.65,255,255,0
SAMPLE,2,CPU_ONLY,OFF_B,0,22,824432,100.63,255,255,0
SAMPLE,2,CPU_ONLY,OFF_B,0,23,824377,100.63,255,255,0
SAMPLE,2,CPU_ONLY,OFF_B,0,24,824475,100.64,255,255,0
SAMPLE,2,CPU_ONLY,ON_B,1,0,844221,103.05,255,255,0
SAMPLE,2,CPU_ONLY,ON_B,1,1,846208,103.29,255,255,0
SAMPLE,2,CPU_ONLY,ON_B,1,2,844811,103.12,255,255,0
SAMPLE,2,CPU_ONLY,ON_B,1,3,845145,103.16,255,255,0
SAMPLE,2,CPU_ONLY,ON_B,1,4,845643,103.22,255,255,0
SAMPLE,2,CPU_ONLY,ON_B,1,5,846907,103.38,255,255,0
SAMPLE,2,CPU_ONLY,ON_B,1,6,846022,103.27,255,255,0
SAMPLE,2,CPU_ONLY,ON_B,1,7,845544,103.21,255,255,0
SAMPLE,2,CPU_ONLY,ON_B,1,8,845382,103.19,255,255,0
SAMPLE,2,CPU_ONLY,ON_B,1,9,845921,103.26,255,255,0
SAMPLE,2,CPU_ONLY,ON_B,1,10,845403,103.19,255,255,0
SAMPLE,2,CPU_ONLY,ON_B,1,11,846294,103.30,255,255,0
SAMPLE,2,CPU_ONLY,ON_B,1,12,846682,103.35,255,255,0
SAMPLE,2,CPU_ONLY,ON_B,1,13,846954,103.38,255,255,0
SAMPLE,2,CPU_ONLY,ON_B,1,14,845473,103.20,255,255,0
SAMPLE,2,CPU_ONLY,ON_B,1,15,844417,103.07,255,255,0
SAMPLE,2,CPU_ONLY,ON_B,1,16,842675,102.86,255,255,0

SAMPLE,2,CPU_ONLY,ON_B,1,17,842607,102.85,255,255,0
SAMPLE,2,CPU_ONLY,ON_B,1,18,844460,103.08,255,255,0
SAMPLE,2,CPU_ONLY,ON_B,1,19,846279,103.30,255,255,0
SAMPLE,2,CPU_ONLY,ON_B,1,20,845378,103.19,255,255,0
SAMPLE,2,CPU_ONLY,ON_B,1,21,846354,103.31,255,255,0
SAMPLE,2,CPU_ONLY,ON_B,1,22,846218,103.29,255,255,0
SAMPLE,2,CPU_ONLY,ON_B,1,23,845479,103.20,255,255,0
SAMPLE,2,CPU_ONLY,ON_B,1,24,846462,103.32,255,255,0
MODE_END,CPU_ONLY
LIMITS,baseline_off=100.63,baseline_on=103.19,low=130.81,high=150.94
MODE_BEGIN,FIXED_MAX
SAMPLE,0,FIXED_MAX,OFF_A,0,0,1793623,218.94,255,255,0
SAMPLE,0,FIXED_MAX,OFF_A,0,1,1788708,218.34,255,255,0
SAMPLE,0,FIXED_MAX,OFF_A,0,2,1794537,219.05,255,255,1
SAMPLE,0,FIXED_MAX,OFF_A,0,3,1785793,217.99,255,255,2
SAMPLE,0,FIXED_MAX,OFF_A,0,4,1784260,217.80,255,255,2
SAMPLE,0,FIXED_MAX,OFF_A,0,5,1790336,218.54,255,255,3
SAMPLE,0,FIXED_MAX,OFF_A,0,6,1782416,217.58,255,255,3
SAMPLE,0,FIXED_MAX,OFF_A,0,7,1785214,217.92,255,255,4
SAMPLE,0,FIXED_MAX,OFF_A,0,8,1790329,218.54,255,255,4
SAMPLE,0,FIXED_MAX,OFF_A,0,9,1791422,218.67,255,255,5
SAMPLE,0,FIXED_MAX,OFF_A,0,10,1785350,217.93,255,255,6
SAMPLE,0,FIXED_MAX,OFF_A,0,11,1792761,218.84,255,255,6
SAMPLE,0,FIXED_MAX,OFF_A,0,12,1784461,217.82,255,255,7
SAMPLE,0,FIXED_MAX,OFF_A,0,13,1796704,219.32,255,255,7
SAMPLE,0,FIXED_MAX,OFF_A,0,14,1798459,219.53,255,255,8
SAMPLE,0,FIXED_MAX,OFF_A,0,15,1786190,218.04,255,255,9
SAMPLE,0,FIXED_MAX,OFF_A,0,16,1784068,217.78,255,255,9
SAMPLE,0,FIXED_MAX,OFF_A,0,17,1792593,218.82,255,255,10
SAMPLE,0,FIXED_MAX,OFF_A,0,18,1788836,218.36,255,255,10
SAMPLE,0,FIXED_MAX,OFF_A,0,19,1789158,218.40,255,255,11
SAMPLE,0,FIXED_MAX,OFF_A,0,20,1784920,217.88,255,255,11
SAMPLE,0,FIXED_MAX,OFF_A,0,21,1787601,218.21,255,255,12
SAMPLE,0,FIXED_MAX,OFF_A,0,22,1794592,219.06,255,255,12
SAMPLE,0,FIXED_MAX,OFF_A,0,23,1787836,218.24,255,255,13
SAMPLE,0,FIXED_MAX,OFF_A,0,24,1791878,218.73,255,255,13
SAMPLE,0,FIXED_MAX,ON_A,1,0,1973920,240.95,255,255,14
SAMPLE,0,FIXED_MAX,ON_A,1,1,1972118,240.73,255,255,15
SAMPLE,0,FIXED_MAX,ON_A,1,2,1980077,241.70,255,255,16
SAMPLE,0,FIXED_MAX,ON_A,1,3,1978431,241.50,255,255,17
SAMPLE,0,FIXED_MAX,ON_A,1,4,1977586,241.40,255,255,18
SAMPLE,0,FIXED_MAX,ON_A,1,5,1973903,240.95,255,255,19
SAMPLE,0,FIXED_MAX,ON_A,1,6,1983210,242.09,255,255,20
SAMPLE,0,FIXED_MAX,ON_A,1,7,1974931,241.08,255,255,21
SAMPLE,0,FIXED_MAX,ON_A,1,8,1966852,240.09,255,255,22
SAMPLE,0,FIXED_MAX,ON_A,1,9,1976792,241.30,255,255,23
SAMPLE,0,FIXED_MAX,ON_A,1,10,1967322,240.15,255,255,24
SAMPLE,0,FIXED_MAX,ON_A,1,11,1980409,241.74,255,255,25
SAMPLE,0,FIXED_MAX,ON_A,1,12,1978446,241.50,255,255,26
SAMPLE,0,FIXED_MAX,ON_A,1,13,1979061,241.58,255,255,27
SAMPLE,0,FIXED_MAX,ON_A,1,14,1977029,241.33,255,255,28
SAMPLE,0,FIXED_MAX,ON_A,1,15,1978399,241.50,255,255,29
SAMPLE,0,FIXED_MAX,ON_A,1,16,1976993,241.33,255,255,30
SAMPLE,0,FIXED_MAX,ON_A,1,17,1973798,240.94,255,255,31
SAMPLE,0,FIXED_MAX,ON_A,1,18,1982887,242.05,255,255,32
SAMPLE,0,FIXED_MAX,ON_A,1,19,1976305,241.24,255,255,33
SAMPLE,0,FIXED_MAX,ON_A,1,20,1972621,240.79,255,255,34
SAMPLE,0,FIXED_MAX,ON_A,1,21,1980839,241.80,255,255,35
SAMPLE,0,FIXED_MAX,ON_A,1,22,1984764,242.28,255,255,36
SAMPLE,0,FIXED_MAX,ON_A,1,23,1971528,240.66,255,255,37
SAMPLE,0,FIXED_MAX,ON_A,1,24,1975741,241.17,255,255,38
SAMPLE,0,FIXED_MAX,OFF_B,0,0,1789909,218.49,255,255,39
SAMPLE,0,FIXED_MAX,OFF_B,0,1,1784655,217.85,255,255,39
SAMPLE,0,FIXED_MAX,OFF_B,0,2,1793227,218.89,255,255,40
SAMPLE,0,FIXED_MAX,OFF_B,0,3,1786316,218.05,255,255,40
SAMPLE,0,FIXED_MAX,OFF_B,0,4,1791325,218.66,255,255,41
SAMPLE,0,FIXED_MAX,OFF_B,0,5,1782956,217.64,255,255,41
SAMPLE,0,FIXED_MAX,OFF_B,0,6,1785492,217.95,255,255,42
SAMPLE,0,FIXED_MAX,OFF_B,0,7,1788607,218.33,255,255,42
SAMPLE,0,FIXED_MAX,OFF_B,0,8,1783723,217.73,255,255,43
SAMPLE,0,FIXED_MAX,OFF_B,0,9,1781662,217.48,255,255,43
SAMPLE,0,FIXED_MAX,OFF_B,0,10,1785033,217.89,255,255,44
SAMPLE,0,FIXED_MAX,OFF_B,0,11,1790935,218.61,255,255,44
SAMPLE,0,FIXED_MAX,OFF_B,0,12,1791874,218.73,255,255,45
SAMPLE,0,FIXED_MAX,OFF_B,0,13,1789363,218.42,255,255,45
SAMPLE,0,FIXED_MAX,OFF_B,0,14,1785561,217.96,255,255,46
SAMPLE,0,FIXED_MAX,OFF_B,0,15,1789751,218.47,255,255,46
SAMPLE,0,FIXED_MAX,OFF_B,0,16,1785797,217.99,255,255,47
SAMPLE,0,FIXED_MAX,OFF_B,0,17,1788098,218.27,255,255,47
SAMPLE,0,FIXED_MAX,OFF_B,0,18,1783307,217.68,255,255,48
SAMPLE,0,FIXED_MAX,OFF_B,0,19,1786208,218.04,255,255,48
SAMPLE,0,FIXED_MAX,OFF_B,0,20,1789398,218.43,255,255,49
SAMPLE,0,FIXED_MAX,OFF_B,0,21,1790335,218.54,255,255,49
SAMPLE,0,FIXED_MAX,OFF_B,0,22,1788320,218.30,255,255,50
SAMPLE,0,FIXED_MAX,OFF_B,0,23,1786475,218.07,255,255,50
SAMPLE,0,FIXED_MAX,OFF_B,0,24,1784103,217.78,255,255,51
SAMPLE,0,FIXED_MAX,ON_B,1,0,1978281,241.48,255,255,52
SAMPLE,0,FIXED_MAX,ON_B,1,1,1978734,241.54,255,255,53
SAMPLE,0,FIXED_MAX,ON_B,1,2,1978080,241.46,255,255,54
SAMPLE,0,FIXED_MAX,ON_B,1,3,1978054,241.46,255,255,55
SAMPLE,0,FIXED_MAX,ON_B,1,4,1976964,241.32,255,255,56
SAMPLE,0,FIXED_MAX,ON_B,1,5,1976630,241.28,255,255,57
SAMPLE,0,FIXED_MAX,ON_B,1,6,1976893,241.31,255,255,58
SAMPLE,0,FIXED_MAX,ON_B,1,7,1977314,241.37,255,255,59
SAMPLE,0,FIXED_MAX,ON_B,1,8,1974371,241.01,255,255,60
SAMPLE,0,FIXED_MAX,ON_B,1,9,1979890,241.68,255,255,61
SAMPLE,0,FIXED_MAX,ON_B,1,10,1973904,240.95,255,255,62
SAMPLE,0,FIXED_MAX,ON_B,1,11,1970631,240.55,255,255,63
SAMPLE,0,FIXED_MAX,ON_B,1,12,1978782,241.55,255,255,64
SAMPLE,0,FIXED_MAX,ON_B,1,13,1975999,241.21,255,255,65
SAMPLE,0,FIXED_MAX,ON_B,1,14,1980410,241.74,255,255,66
SAMPLE,0,FIXED_MAX,ON_B,1,15,1974330,241.00,255,255,67
SAMPLE,0,FIXED_MAX,ON_B,1,16,1974330,241.00,255,255,68

SAMPLE,0,FIXED_MAX,ON_B,1,17,1982919,242.05,255,255,69
SAMPLE,0,FIXED_MAX,ON_B,1,18,1980748,241.79,255,255,70
SAMPLE,0,FIXED_MAX,ON_B,1,19,1976512,241.27,255,255,71
SAMPLE,0,FIXED_MAX,ON_B,1,20,1982111,241.95,255,255,72
SAMPLE,0,FIXED_MAX,ON_B,1,21,1985704,242.39,255,255,73
SAMPLE,0,FIXED_MAX,ON_B,1,22,1979602,241.65,255,255,74
SAMPLE,0,FIXED_MAX,ON_B,1,23,1977097,241.34,255,255,75
SAMPLE,0,FIXED_MAX,ON_B,1,24,1978379,241.50,255,255,76
SAMPLE,1,FIXED_MAX,OFF_A,0,0,1784188,217.79,255,255,77
SAMPLE,1,FIXED_MAX,OFF_A,0,1,1787691,218.22,255,255,77
SAMPLE,1,FIXED_MAX,OFF_A,0,2,1789983,218.50,255,255,78
SAMPLE,1,FIXED_MAX,OFF_A,0,3,1791863,218.73,255,255,78
SAMPLE,1,FIXED_MAX,OFF_A,0,4,1792342,218.79,255,255,79
SAMPLE,1,FIXED_MAX,OFF_A,0,5,1788590,218.33,255,255,79
SAMPLE,1,FIXED_MAX,OFF_A,0,6,1795647,219.19,255,255,80
SAMPLE,1,FIXED_MAX,OFF_A,0,7,1782320,217.56,255,255,81
SAMPLE,1,FIXED_MAX,OFF_A,0,8,1787038,218.14,255,255,81
SAMPLE,1,FIXED_MAX,OFF_A,0,9,1788290,218.29,255,255,82
SAMPLE,1,FIXED_MAX,OFF_A,0,10,1783890,217.76,255,255,82
SAMPLE,1,FIXED_MAX,OFF_A,0,11,1788948,218.37,255,255,83
SAMPLE,1,FIXED_MAX,OFF_A,0,12,1793668,218.95,255,255,83
SAMPLE,1,FIXED_MAX,OFF_A,0,13,1783742,217.74,255,255,84
SAMPLE,1,FIXED_MAX,OFF_A,0,14,1790701,218.59,255,255,84
SAMPLE,1,FIXED_MAX,OFF_A,0,15,1785005,217.89,255,255,85
SAMPLE,1,FIXED_MAX,OFF_A,0,16,1785807,217.99,255,255,85
SAMPLE,1,FIXED_MAX,OFF_A,0,17,1791340,218.66,255,255,86
SAMPLE,1,FIXED_MAX,OFF_A,0,18,1788842,218.36,255,255,86
SAMPLE,1,FIXED_MAX,OFF_A,0,19,1782305,217.56,255,255,87
SAMPLE,1,FIXED_MAX,OFF_A,0,20,1794102,219.00,255,255,87
SAMPLE,1,FIXED_MAX,OFF_A,0,21,1793693,218.95,255,255,88
SAMPLE,1,FIXED_MAX,OFF_A,0,22,1786262,218.04,255,255,88
SAMPLE,1,FIXED_MAX,OFF_A,0,23,1784920,217.88,255,255,89
SAMPLE,1,FIXED_MAX,OFF_A,0,24,1794323,219.03,255,255,89
SAMPLE,1,FIXED_MAX,ON_A,1,0,1972136,240.73,255,255,90
SAMPLE,1,FIXED_MAX,ON_A,1,1,1969079,240.36,255,255,91
SAMPLE,1,FIXED_MAX,ON_A,1,2,1974260,240.99,255,255,92
SAMPLE,1,FIXED_MAX,ON_A,1,3,1982947,242.05,255,255,93
SAMPLE,1,FIXED_MAX,ON_A,1,4,1980668,241.78,255,255,94
SAMPLE,1,FIXED_MAX,ON_A,1,5,1979973,241.69,255,255,95
SAMPLE,1,FIXED_MAX,ON_A,1,6,1972382,240.76,255,255,96
SAMPLE,1,FIXED_MAX,ON_A,1,7,1979257,241.60,255,255,97
SAMPLE,1,FIXED_MAX,ON_A,1,8,1978814,241.55,255,255,98
SAMPLE,1,FIXED_MAX,ON_A,1,9,1975986,241.20,255,255,99
SAMPLE,1,FIXED_MAX,ON_A,1,10,1972759,240.81,255,255,100
SAMPLE,1,FIXED_MAX,ON_A,1,11,1979618,241.65,255,255,101
SAMPLE,1,FIXED_MAX,ON_A,1,12,1979573,241.64,255,255,102
SAMPLE,1,FIXED_MAX,ON_A,1,13,1973264,240.87,255,255,103
SAMPLE,1,FIXED_MAX,ON_A,1,14,1978256,241.48,255,255,104
SAMPLE,1,FIXED_MAX,ON_A,1,15,1976594,241.28,255,255,105
SAMPLE,1,FIXED_MAX,ON_A,1,16,1978813,241.55,255,255,106
SAMPLE,1,FIXED_MAX,ON_A,1,17,1974477,241.02,255,255,107
SAMPLE,1,FIXED_MAX,ON_A,1,18,1976164,241.23,255,255,108
SAMPLE,1,FIXED_MAX,ON_A,1,19,1977609,241.40,255,255,109
SAMPLE,1,FIXED_MAX,ON_A,1,20,1976240,241.24,255,255,110
SAMPLE,1,FIXED_MAX,ON_A,1,21,1978488,241.51,255,255,111
SAMPLE,1,FIXED_MAX,ON_A,1,22,1981642,241.89,255,255,112
SAMPLE,1,FIXED_MAX,ON_A,1,23,1978885,241.56,255,255,113
SAMPLE,1,FIXED_MAX,ON_A,1,24,1980763,241.79,255,255,114
SAMPLE,1,FIXED_MAX,OFF_B,0,0,1783333,217.69,255,255,115
SAMPLE,1,FIXED_MAX,OFF_B,0,1,1786302,218.05,255,255,115
SAMPLE,1,FIXED_MAX,OFF_B,0,2,1785173,217.91,255,255,116
SAMPLE,1,FIXED_MAX,OFF_B,0,3,1786412,218.06,255,255,116
SAMPLE,1,FIXED_MAX,OFF_B,0,4,1786659,218.09,255,255,117
SAMPLE,1,FIXED_MAX,OFF_B,0,5,1786163,218.03,255,255,117
SAMPLE,1,FIXED_MAX,OFF_B,0,6,1786047,218.02,255,255,118
SAMPLE,1,FIXED_MAX,OFF_B,0,7,1788536,218.32,255,255,118
SAMPLE,1,FIXED_MAX,OFF_B,0,8,1785092,217.90,255,255,119
SAMPLE,1,FIXED_MAX,OFF_B,0,9,1775608,216.74,255,255,119
SAMPLE,1,FIXED_MAX,OFF_B,0,10,1785894,218.00,255,255,120
SAMPLE,1,FIXED_MAX,OFF_B,0,11,1788494,218.32,255,255,120
SAMPLE,1,FIXED_MAX,OFF_B,0,12,1785317,217.93,255,255,121
SAMPLE,1,FIXED_MAX,OFF_B,0,13,1787801,218.23,255,255,121
SAMPLE,1,FIXED_MAX,OFF_B,0,14,1785286,217.93,255,255,122
SAMPLE,1,FIXED_MAX,OFF_B,0,15,1786406,218.06,255,255,122
SAMPLE,1,FIXED_MAX,OFF_B,0,16,1786647,218.09,255,255,123
SAMPLE,1,FIXED_MAX,OFF_B,0,17,1795109,219.12,255,255,123
SAMPLE,1,FIXED_MAX,OFF_B,0,18,1792102,218.76,255,255,124
SAMPLE,1,FIXED_MAX,OFF_B,0,19,1786821,218.11,255,255,124
SAMPLE,1,FIXED_MAX,OFF_B,0,20,1784217,217.79,255,255,125
SAMPLE,1,FIXED_MAX,OFF_B,0,21,1789492,218.44,255,255,125
SAMPLE,1,FIXED_MAX,OFF_B,0,22,1778681,217.12,255,255,126
SAMPLE,1,FIXED_MAX,OFF_B,0,23,1789398,218.43,255,255,126
SAMPLE,1,FIXED_MAX,OFF_B,0,24,1786099,218.02,255,255,127
SAMPLE,1,FIXED_MAX,ON_B,1,0,1970803,240.57,255,255,128
SAMPLE,1,FIXED_MAX,ON_B,1,1,1975843,241.19,255,255,129
SAMPLE,1,FIXED_MAX,ON_B,1,2,1977971,241.45,255,255,130
SAMPLE,1,FIXED_MAX,ON_B,1,3,1972033,240.72,255,255,131
SAMPLE,1,FIXED_MAX,ON_B,1,4,1980964,241.81,255,255,132
SAMPLE,1,FIXED_MAX,ON_B,1,5,1974951,241.08,255,255,133
SAMPLE,1,FIXED_MAX,ON_B,1,6,1975881,241.19,255,255,134
SAMPLE,1,FIXED_MAX,ON_B,1,7,1974295,241.00,255,255,135
SAMPLE,1,FIXED_MAX,ON_B,1,8,1976334,241.25,255,255,136
SAMPLE,1,FIXED_MAX,ON_B,1,9,1976119,241.22,255,255,137
SAMPLE,1,FIXED_MAX,ON_B,1,10,1981144,241.83,255,255,138
SAMPLE,1,FIXED_MAX,ON_B,1,11,1976921,241.32,255,255,139
SAMPLE,1,FIXED_MAX,ON_B,1,12,1981244,241.85,255,255,140
SAMPLE,1,FIXED_MAX,ON_B,1,13,1977290,241.36,255,255,141
SAMPLE,1,FIXED_MAX,ON_B,1,14,1980186,241.72,255,255,142
SAMPLE,1,FIXED_MAX,ON_B,1,15,1978032,241.45,255,255,143
SAMPLE,1,FIXED_MAX,ON_B,1,16,1976575,241.28,255,255,144
SAMPLE,1,FIXED_MAX,ON_B,1,17,1981349,241.86,255,255,145
SAMPLE,1,FIXED_MAX,ON_B,1,18,1978893,241.56,255,255,146
SAMPLE,1,FIXED_MAX,ON_B,1,19,1975621,241.16,255,255,147
SAMPLE,1,FIXED_MAX,ON_B,1,20,1983564,242.13,255,255,148
SAMPLE,1,FIXED_MAX,ON_B,1,21,1976237,241.23,255,255,149
SAMPLE,1,FIXED_MAX,ON_B,1,22,1984206,242.21,255,255,150
SAMPLE,1,FIXED_MAX,ON_B,1,23,1974649,241.04,255,255,151
SAMPLE,1,FIXED_MAX,ON_B,1,24,1974685,241.05,255,255,152
SAMPLE,2,FIXED_MAX,OFF_A,0,0,1790663,218.58,255,255,153
SAMPLE,2,FIXED_MAX,OFF_A,0,1,1791629,218.70,255,255,153
SAMPLE,2,FIXED_MAX,OFF_A,0,2,1789704,218.46,255,255,154
SAMPLE,2,FIXED_MAX,OFF_A,0,3,1783794,217.74,255,255,155
SAMPLE,2,FIXED_MAX,OFF_A,0,4,1783850,217.75,255,255,155
SAMPLE,2,FIXED_MAX,OFF_A,0,5,1794894,219.10,255,255,156
SAMPLE,2,FIXED_MAX,OFF_A,0,6,1785134,217.91,255,255,156
SAMPLE,2,FIXED_MAX,OFF_A,0,7,1786111,218.03,255,255,157
SAMPLE,2,FIXED_MAX,OFF_A,0,8,1786178,218.03,255,255,157
SAMPLE,2,FIXED_MAX,OFF_A,0,9,1784377,217.81,255,255,158
SAMPLE,2,FIXED_MAX,OFF_A,0,10,1788646,218.34,255,255,158
SAMPLE,2,FIXED_MAX,OFF_A,0,11,1794322,219.03,255,255,159
SAMPLE,2,FIXED_MAX,OFF_A,0,12,1791581,218.69,255,255,160
SAMPLE,2,FIXED_MAX,OFF_A,0,13,1782222,217.55,255,255,161
SAMPLE,2,FIXED_MAX,OFF_A,0,14,1789180,218.40,255,255,161
SAMPLE,2,FIXED_MAX,OFF_A,0,15,1784675,217.85,255,255,162
SAMPLE,2,FIXED_MAX,OFF_A,0,16,1792789,218.84,255,255,162
SAMPLE,2,FIXED_MAX,OFF_A,0,17,1780315,217.32,255,255,163
SAMPLE,2,FIXED_MAX,OFF_A,0,18,1785752,217.98,255,255,163
SAMPLE,2,FIXED_MAX,OFF_A,0,19,1790647,218.58,255,255,164
SAMPLE,2,FIXED_MAX,OFF_A,0,20,1786911,218.12,255,255,164
SAMPLE,2,FIXED_MAX,OFF_A,0,21,1791790,218.72,255,255,165
SAMPLE,2,FIXED_MAX,OFF_A,0,22,1790600,218.57,255,255,165
SAMPLE,2,FIXED_MAX,OFF_A,0,23,1783655,217.73,255,255,166
SAMPLE,2,FIXED_MAX,OFF_A,0,24,1783959,217.76,255,255,166
SAMPLE,2,FIXED_MAX,ON_A,1,0,1972463,240.77,255,255,167
SAMPLE,2,FIXED_MAX,ON_A,1,1,1978036,241.45,255,255,168
SAMPLE,2,FIXED_MAX,ON_A,1,2,1975847,241.19,255,255,169
SAMPLE,2,FIXED_MAX,ON_A,1,3,1977934,241.44,255,255,170
SAMPLE,2,FIXED_MAX,ON_A,1,4,1978005,241.45,255,255,171
SAMPLE,2,FIXED_MAX,ON_A,1,5,1970785,240.57,255,255,172
SAMPLE,2,FIXED_MAX,ON_A,1,6,1976046,241.21,255,255,173
SAMPLE,2,FIXED_MAX,ON_A,1,7,1979687,241.66,255,255,174
SAMPLE,2,FIXED_MAX,ON_A,1,8,1973994,240.96,255,255,175
SAMPLE,2,FIXED_MAX,ON_A,1,9,1977577,241.40,255,255,176
SAMPLE,2,FIXED_MAX,ON_A,1,10,1969566,240.42,255,255,177

SAMPLE,2,FIXED_MAX,ON_A,1,11,1972934,240.83,255,255,178
SAMPLE,2,FIXED_MAX,ON_A,1,12,1975280,241.12,255,255,179
SAMPLE,2,FIXED_MAX,ON_A,1,13,1979669,241.65,255,255,180
SAMPLE,2,FIXED_MAX,ON_A,1,14,1975316,241.12,255,255,181
SAMPLE,2,FIXED_MAX,ON_A,1,15,1972393,240.77,255,255,182
SAMPLE,2,FIXED_MAX,ON_A,1,16,1977026,241.33,255,255,183
SAMPLE,2,FIXED_MAX,ON_A,1,17,1976218,241.23,255,255,184
SAMPLE,2,FIXED_MAX,ON_A,1,18,1977883,241.44,255,255,185
SAMPLE,2,FIXED_MAX,ON_A,1,19,1983206,242.09,255,255,186
SAMPLE,2,FIXED_MAX,ON_A,1,20,1981619,241.89,255,255,187
SAMPLE,2,FIXED_MAX,ON_A,1,21,1979164,241.59,255,255,188
SAMPLE,2,FIXED_MAX,ON_A,1,22,1981329,241.86,255,255,189
SAMPLE,2,FIXED_MAX,ON_A,1,23,1980799,241.79,255,255,190
SAMPLE,2,FIXED_MAX,ON_A,1,24,1978634,241.53,255,255,191
SAMPLE,2,FIXED_MAX,OFF_B,0,0,1788931,218.37,255,255,192
SAMPLE,2,FIXED_MAX,OFF_B,0,1,1792508,218.81,255,255,192
SAMPLE,2,FIXED_MAX,OFF_B,0,2,1790343,218.54,255,255,193
SAMPLE,2,FIXED_MAX,OFF_B,0,3,1789059,218.39,255,255,193
SAMPLE,2,FIXED_MAX,OFF_B,0,4,1787914,218.25,255,255,194
SAMPLE,2,FIXED_MAX,OFF_B,0,5,1791398,218.67,255,255,194
SAMPLE,2,FIXED_MAX,OFF_B,0,6,1792754,218.84,255,255,195
SAMPLE,2,FIXED_MAX,OFF_B,0,7,1787181,218.16,255,255,195
SAMPLE,2,FIXED_MAX,OFF_B,0,8,1790238,218.53,255,255,196
SAMPLE,2,FIXED_MAX,OFF_B,0,9,1782413,217.57,255,255,196
SAMPLE,2,FIXED_MAX,OFF_B,0,10,1789039,218.38,255,255,197
SAMPLE,2,FIXED_MAX,OFF_B,0,11,1785098,217.90,255,255,197
SAMPLE,2,FIXED_MAX,OFF_B,0,12,1792463,218.80,255,255,198
SAMPLE,2,FIXED_MAX,OFF_B,0,13,1781515,217.47,255,255,198
SAMPLE,2,FIXED_MAX,OFF_B,0,14,1785374,217.94,255,255,199
SAMPLE,2,FIXED_MAX,OFF_B,0,15,1788141,218.27,255,255,199
SAMPLE,2,FIXED_MAX,OFF_B,0,16,1791667,218.70,255,255,200
SAMPLE,2,FIXED_MAX,OFF_B,0,17,1791972,218.74,255,255,201
SAMPLE,2,FIXED_MAX,OFF_B,0,18,1789302,218.42,255,255,201
SAMPLE,2,FIXED_MAX,OFF_B,0,19,1783852,217.75,255,255,202
SAMPLE,2,FIXED_MAX,OFF_B,0,20,1785641,217.97,255,255,202
SAMPLE,2,FIXED_MAX,OFF_B,0,21,1785800,217.99,255,255,203
SAMPLE,2,FIXED_MAX,OFF_B,0,22,1790723,218.59,255,255,203
SAMPLE,2,FIXED_MAX,OFF_B,0,23,1792603,218.82,255,255,204
SAMPLE,2,FIXED_MAX,OFF_B,0,24,1787376,218.18,255,255,204
SAMPLE,2,FIXED_MAX,ON_B,1,0,1973802,240.94,255,255,205
SAMPLE,2,FIXED_MAX,ON_B,1,1,1978202,241.47,255,255,206
SAMPLE,2,FIXED_MAX,ON_B,1,2,1983444,242.11,255,255,207
SAMPLE,2,FIXED_MAX,ON_B,1,3,1975659,241.16,255,255,208
SAMPLE,2,FIXED_MAX,ON_B,1,4,1981225,241.84,255,255,209
SAMPLE,2,FIXED_MAX,ON_B,1,5,1977939,241.44,255,255,210
SAMPLE,2,FIXED_MAX,ON_B,1,6,1981873,241.92,255,255,211
SAMPLE,2,FIXED_MAX,ON_B,1,7,1974329,241.00,255,255,212
SAMPLE,2,FIXED_MAX,ON_B,1,8,1973771,240.93,255,255,213
SAMPLE,2,FIXED_MAX,ON_B,1,9,1972930,240.83,255,255,214
SAMPLE,2,FIXED_MAX,ON_B,1,10,1972135,240.73,255,255,215
SAMPLE,2,FIXED_MAX,ON_B,1,11,1980261,241.73,255,255,216
SAMPLE,2,FIXED_MAX,ON_B,1,12,1977403,241.38,255,255,217
SAMPLE,2,FIXED_MAX,ON_B,1,13,1979100,241.58,255,255,218
SAMPLE,2,FIXED_MAX,ON_B,1,14,1977108,241.34,255,255,219
SAMPLE,2,FIXED_MAX,ON_B,1,15,1979129,241.59,255,255,220
SAMPLE,2,FIXED_MAX,ON_B,1,16,1979026,241.58,255,255,221
SAMPLE,2,FIXED_MAX,ON_B,1,17,1972717,240.81,255,255,222
SAMPLE,2,FIXED_MAX,ON_B,1,18,1976862,241.31,255,255,223
SAMPLE,2,FIXED_MAX,ON_B,1,19,1978405,241.50,255,255,224
SAMPLE,2,FIXED_MAX,ON_B,1,20,1978705,241.54,255,255,225
SAMPLE,2,FIXED_MAX,ON_B,1,21,1980366,241.74,255,255,226
SAMPLE,2,FIXED_MAX,ON_B,1,22,1976664,241.29,255,255,227
SAMPLE,2,FIXED_MAX,ON_B,1,23,1974227,240.99,255,255,228
SAMPLE,2,FIXED_MAX,ON_B,1,24,1975517,241.15,255,255,229
MODE_END,FIXED_MAX
MODE_BEGIN,STATIC_B8
SAMPLE,0,STATIC_B8,OFF_A,0,0,1163317,142.00,255,255,0
SAMPLE,0,STATIC_B8,OFF_A,0,1,1163031,141.97,255,255,0
SAMPLE,0,STATIC_B8,OFF_A,0,2,1163891,142.07,255,255,0
SAMPLE,0,STATIC_B8,OFF_A,0,3,1161430,141.77,255,255,1
SAMPLE,0,STATIC_B8,OFF_A,0,4,1160103,141.61,255,255,1
SAMPLE,0,STATIC_B8,OFF_A,0,5,1162368,141.89,255,255,1
SAMPLE,0,STATIC_B8,OFF_A,0,6,1161504,141.78,255,255,2
SAMPLE,0,STATIC_B8,OFF_A,0,7,1166825,142.43,255,255,2
SAMPLE,0,STATIC_B8,OFF_A,0,8,1161064,141.73,255,255,2
SAMPLE,0,STATIC_B8,OFF_A,0,9,1163522,142.03,255,255,3
SAMPLE,0,STATIC_B8,OFF_A,0,10,1161383,141.77,255,255,3
SAMPLE,0,STATIC_B8,OFF_A,0,11,1162230,141.87,255,255,3
SAMPLE,0,STATIC_B8,OFF_A,0,12,1162896,141.95,255,255,4
SAMPLE,0,STATIC_B8,OFF_A,0,13,1163532,142.03,255,255,4
SAMPLE,0,STATIC_B8,OFF_A,0,14,1165803,142.30,255,255,4
SAMPLE,0,STATIC_B8,OFF_A,0,15,1163462,142.02,255,255,5
SAMPLE,0,STATIC_B8,OFF_A,0,16,1159910,141.59,255,255,5
SAMPLE,0,STATIC_B8,OFF_A,0,17,1163230,141.99,255,255,5
SAMPLE,0,STATIC_B8,OFF_A,0,18,1163188,141.99,255,255,6
SAMPLE,0,STATIC_B8,OFF_A,0,19,1161354,141.76,255,255,6
SAMPLE,0,STATIC_B8,OFF_A,0,20,1163713,142.05,255,255,6
SAMPLE,0,STATIC_B8,OFF_A,0,21,1163738,142.05,255,255,7
SAMPLE,0,STATIC_B8,OFF_A,0,22,1163368,142.01,255,255,7
SAMPLE,0,STATIC_B8,OFF_A,0,23,1161787,141.81,255,255,7
SAMPLE,0,STATIC_B8,OFF_A,0,24,1160075,141.61,255,255,8
SAMPLE,0,STATIC_B8,ON_A,1,0,1292085,157.72,255,255,9
SAMPLE,0,STATIC_B8,ON_A,1,1,1294720,158.04,255,255,9
SAMPLE,0,STATIC_B8,ON_A,1,2,1295835,158.18,255,255,9
SAMPLE,0,STATIC_B8,ON_A,1,3,1293984,157.95,255,255,10
SAMPLE,0,STATIC_B8,ON_A,1,4,1300097,158.70,255,255,10
SAMPLE,0,STATIC_B8,ON_A,1,5,1296415,158.25,255,255,10
SAMPLE,0,STATIC_B8,ON_A,1,6,1296930,158.31,255,255,11
SAMPLE,0,STATIC_B8,ON_A,1,7,1295437,158.13,255,255,11
SAMPLE,0,STATIC_B8,ON_A,1,8,1297712,158.41,255,255,11
SAMPLE,0,STATIC_B8,ON_A,1,9,1297843,158.42,255,255,12
SAMPLE,0,STATIC_B8,ON_A,1,10,1295144,158.09,255,255,12
SAMPLE,0,STATIC_B8,ON_A,1,11,1299671,158.65,255,255,12
SAMPLE,0,STATIC_B8,ON_A,1,12,1296989,158.32,255,255,13
SAMPLE,0,STATIC_B8,ON_A,1,13,1296617,158.27,255,255,13
SAMPLE,0,STATIC_B8,ON_A,1,14,1295878,158.18,255,255,13
SAMPLE,0,STATIC_B8,ON_A,1,15,1295292,158.11,255,255,14
SAMPLE,0,STATIC_B8,ON_A,1,16,1296412,158.25,255,255,14

SAMPLE,0,STATIC_B8,ON_A,1,17,1298568,158.51,255,255,14
SAMPLE,0,STATIC_B8,ON_A,1,18,1298392,158.49,255,255,15
SAMPLE,0,STATIC_B8,ON_A,1,19,1296198,158.22,255,255,15
SAMPLE,0,STATIC_B8,ON_A,1,20,1296249,158.23,255,255,15
SAMPLE,0,STATIC_B8,ON_A,1,21,1295690,158.16,255,255,16
SAMPLE,0,STATIC_B8,ON_A,1,22,1299872,158.67,255,255,16
SAMPLE,0,STATIC_B8,ON_A,1,23,1295347,158.12,255,255,16
SAMPLE,0,STATIC_B8,ON_A,1,24,1296860,158.30,255,255,17
SAMPLE,0,STATIC_B8,OFF_B,0,0,1163479,142.02,255,255,18
SAMPLE,0,STATIC_B8,OFF_B,0,1,1161358,141.76,255,255,18
SAMPLE,0,STATIC_B8,OFF_B,0,2,1162066,141.85,255,255,18
SAMPLE,0,STATIC_B8,OFF_B,0,3,1160394,141.64,255,255,19
SAMPLE,0,STATIC_B8,OFF_B,0,4,1161263,141.75,255,255,19
SAMPLE,0,STATIC_B8,OFF_B,0,5,1162712,141.93,255,255,19
SAMPLE,0,STATIC_B8,OFF_B,0,6,1162785,141.94,255,255,20
SAMPLE,0,STATIC_B8,OFF_B,0,7,1161928,141.83,255,255,20
SAMPLE,0,STATIC_B8,OFF_B,0,8,1162408,141.89,255,255,20
SAMPLE,0,STATIC_B8,OFF_B,0,9,1162556,141.91,255,255,21
SAMPLE,0,STATIC_B8,OFF_B,0,10,1159373,141.52,255,255,21
SAMPLE,0,STATIC_B8,OFF_B,0,11,1159680,141.56,255,255,21
SAMPLE,0,STATIC_B8,OFF_B,0,12,1163719,142.05,255,255,22
SAMPLE,0,STATIC_B8,OFF_B,0,13,1163441,142.02,255,255,22
SAMPLE,0,STATIC_B8,OFF_B,0,14,1163946,142.08,255,255,22
SAMPLE,0,STATIC_B8,OFF_B,0,15,1161922,141.83,255,255,23
SAMPLE,0,STATIC_B8,OFF_B,0,16,1162837,141.94,255,255,23
SAMPLE,0,STATIC_B8,OFF_B,0,17,1161974,141.84,255,255,23
SAMPLE,0,STATIC_B8,OFF_B,0,18,1163140,141.98,255,255,24
SAMPLE,0,STATIC_B8,OFF_B,0,19,1161348,141.76,255,255,24
SAMPLE,0,STATIC_B8,OFF_B,0,20,1162382,141.89,255,255,24
SAMPLE,0,STATIC_B8,OFF_B,0,21,1160585,141.67,255,255,25
SAMPLE,0,STATIC_B8,OFF_B,0,22,1161623,141.79,255,255,25
SAMPLE,0,STATIC_B8,OFF_B,0,23,1163432,142.02,255,255,25
SAMPLE,0,STATIC_B8,OFF_B,0,24,1164768,142.18,255,255,26
SAMPLE,0,STATIC_B8,ON_B,1,0,1293944,157.95,255,255,27
SAMPLE,0,STATIC_B8,ON_B,1,1,1292943,157.82,255,255,27
SAMPLE,0,STATIC_B8,ON_B,1,2,1294989,158.07,255,255,27
SAMPLE,0,STATIC_B8,ON_B,1,3,1296521,158.26,255,255,28
SAMPLE,0,STATIC_B8,ON_B,1,4,1296361,158.24,255,255,28
SAMPLE,0,STATIC_B8,ON_B,1,5,1294414,158.00,255,255,28
SAMPLE,0,STATIC_B8,ON_B,1,6,1297949,158.44,255,255,29
SAMPLE,0,STATIC_B8,ON_B,1,7,1298424,158.49,255,255,29
SAMPLE,0,STATIC_B8,ON_B,1,8,1297288,158.36,255,255,29
SAMPLE,0,STATIC_B8,ON_B,1,9,1295631,158.15,255,255,30
SAMPLE,0,STATIC_B8,ON_B,1,10,1294660,158.03,255,255,30
SAMPLE,0,STATIC_B8,ON_B,1,11,1294343,158.00,255,255,30
SAMPLE,0,STATIC_B8,ON_B,1,12,1294973,158.07,255,255,31
SAMPLE,0,STATIC_B8,ON_B,1,13,1297691,158.40,255,255,31
SAMPLE,0,STATIC_B8,ON_B,1,14,1299763,158.66,255,255,31
SAMPLE,0,STATIC_B8,ON_B,1,15,1299598,158.64,255,255,32
SAMPLE,0,STATIC_B8,ON_B,1,16,1297921,158.43,255,255,32
SAMPLE,0,STATIC_B8,ON_B,1,17,1297184,158.34,255,255,32
SAMPLE,0,STATIC_B8,ON_B,1,18,1292338,157.75,255,255,33
SAMPLE,0,STATIC_B8,ON_B,1,19,1295147,158.09,255,255,33
SAMPLE,0,STATIC_B8,ON_B,1,20,1294434,158.01,255,255,33
SAMPLE,0,STATIC_B8,ON_B,1,21,1299895,158.67,255,255,34
SAMPLE,0,STATIC_B8,ON_B,1,22,1300048,158.69,255,255,34
SAMPLE,0,STATIC_B8,ON_B,1,23,1298304,158.48,255,255,34
SAMPLE,0,STATIC_B8,ON_B,1,24,1294711,158.04,255,255,35
SAMPLE,1,STATIC_B8,OFF_A,0,0,1162629,141.92,255,255,36
SAMPLE,1,STATIC_B8,OFF_A,0,1,1164829,142.19,255,255,36
SAMPLE,1,STATIC_B8,OFF_A,0,2,1163817,142.06,255,255,36
SAMPLE,1,STATIC_B8,OFF_A,0,3,1161776,141.81,255,255,37
SAMPLE,1,STATIC_B8,OFF_A,0,4,1160252,141.63,255,255,37
SAMPLE,1,STATIC_B8,OFF_A,0,5,1164423,142.14,255,255,37
SAMPLE,1,STATIC_B8,OFF_A,0,6,1163776,142.06,255,255,38
SAMPLE,1,STATIC_B8,OFF_A,0,7,1163602,142.04,255,255,38

SAMPLE,1,STATIC_B8,OFF_A,0,8,1163389,142.01,255,255,38
SAMPLE,1,STATIC_B8,OFF_A,0,9,1161569,141.79,255,255,39
SAMPLE,1,STATIC_B8,OFF_A,0,10,1161487,141.78,255,255,39
SAMPLE,1,STATIC_B8,OFF_A,0,11,1162095,141.85,255,255,39
SAMPLE,1,STATIC_B8,OFF_A,0,12,1162457,141.90,255,255,40
SAMPLE,1,STATIC_B8,OFF_A,0,13,1162451,141.90,255,255,40
SAMPLE,1,STATIC_B8,OFF_A,0,14,1162252,141.87,255,255,40
SAMPLE,1,STATIC_B8,OFF_A,0,15,1162049,141.85,255,255,41
SAMPLE,1,STATIC_B8,OFF_A,0,16,1163212,141.99,255,255,41
SAMPLE,1,STATIC_B8,OFF_A,0,17,1161106,141.73,255,255,41
SAMPLE,1,STATIC_B8,OFF_A,0,18,1161890,141.83,255,255,42
SAMPLE,1,STATIC_B8,OFF_A,0,19,1159643,141.55,255,255,42
SAMPLE,1,STATIC_B8,OFF_A,0,20,1161129,141.73,255,255,42
SAMPLE,1,STATIC_B8,OFF_A,0,21,1162248,141.87,255,255,43
SAMPLE,1,STATIC_B8,OFF_A,0,22,1162009,141.84,255,255,43
SAMPLE,1,STATIC_B8,OFF_A,0,23,1161933,141.83,255,255,43
SAMPLE,1,STATIC_B8,OFF_A,0,24,1164300,142.12,255,255,44
SAMPLE,1,STATIC_B8,ON_A,1,0,1294868,158.06,255,255,45
SAMPLE,1,STATIC_B8,ON_A,1,1,1294056,157.96,255,255,45
SAMPLE,1,STATIC_B8,ON_A,1,2,1294523,158.02,255,255,45
SAMPLE,1,STATIC_B8,ON_A,1,3,1296960,158.32,255,255,46
SAMPLE,1,STATIC_B8,ON_A,1,4,1298062,158.45,255,255,46
SAMPLE,1,STATIC_B8,ON_A,1,5,1296475,158.26,255,255,46
SAMPLE,1,STATIC_B8,ON_A,1,6,1295780,158.17,255,255,47
SAMPLE,1,STATIC_B8,ON_A,1,7,1296101,158.21,255,255,47
SAMPLE,1,STATIC_B8,ON_A,1,8,1298427,158.49,255,255,47
SAMPLE,1,STATIC_B8,ON_A,1,9,1297039,158.32,255,255,48
SAMPLE,1,STATIC_B8,ON_A,1,10,1294335,157.99,255,255,48
SAMPLE,1,STATIC_B8,ON_A,1,11,1296075,158.21,255,255,48
SAMPLE,1,STATIC_B8,ON_A,1,12,1297550,158.39,255,255,49
SAMPLE,1,STATIC_B8,ON_A,1,13,1300110,158.70,255,255,49
SAMPLE,1,STATIC_B8,ON_A,1,14,1292795,157.81,255,255,49
SAMPLE,1,STATIC_B8,ON_A,1,15,1298373,158.49,255,255,50
SAMPLE,1,STATIC_B8,ON_A,1,16,1296886,158.31,255,255,50
SAMPLE,1,STATIC_B8,ON_A,1,17,1295335,158.12,255,255,50
SAMPLE,1,STATIC_B8,ON_A,1,18,1298117,158.46,255,255,51
SAMPLE,1,STATIC_B8,ON_A,1,19,1294034,157.96,255,255,51
SAMPLE,1,STATIC_B8,ON_A,1,20,1296353,158.24,255,255,51
SAMPLE,1,STATIC_B8,ON_A,1,21,1294662,158.03,255,255,52
SAMPLE,1,STATIC_B8,ON_A,1,22,1299619,158.64,255,255,52
SAMPLE,1,STATIC_B8,ON_A,1,23,1298210,158.47,255,255,52
SAMPLE,1,STATIC_B8,ON_A,1,24,1294320,157.99,255,255,53
SAMPLE,1,STATIC_B8,OFF_B,0,0,1161602,141.79,255,255,54
SAMPLE,1,STATIC_B8,OFF_B,0,1,1161527,141.78,255,255,54
SAMPLE,1,STATIC_B8,OFF_B,0,2,1163229,141.99,255,255,54
SAMPLE,1,STATIC_B8,OFF_B,0,3,1163430,142.02,255,255,55
SAMPLE,1,STATIC_B8,OFF_B,0,4,1161112,141.73,255,255,55
SAMPLE,1,STATIC_B8,OFF_B,0,5,1163477,142.02,255,255,55
SAMPLE,1,STATIC_B8,OFF_B,0,6,1161034,141.72,255,255,56
SAMPLE,1,STATIC_B8,OFF_B,0,7,1160394,141.64,255,255,56
SAMPLE,1,STATIC_B8,OFF_B,0,8,1162631,141.92,255,255,56
SAMPLE,1,STATIC_B8,OFF_B,0,9,1162043,141.85,255,255,57
SAMPLE,1,STATIC_B8,OFF_B,0,10,1163553,142.03,255,255,57
SAMPLE,1,STATIC_B8,OFF_B,0,11,1160923,141.71,255,255,57
SAMPLE,1,STATIC_B8,OFF_B,0,12,1161524,141.78,255,255,58
SAMPLE,1,STATIC_B8,OFF_B,0,13,1162101,141.85,255,255,58
SAMPLE,1,STATIC_B8,OFF_B,0,14,1162822,141.94,255,255,58
SAMPLE,1,STATIC_B8,OFF_B,0,15,1159859,141.58,255,255,59
SAMPLE,1,STATIC_B8,OFF_B,0,16,1163694,142.05,255,255,59
SAMPLE,1,STATIC_B8,OFF_B,0,17,1162062,141.85,255,255,59
SAMPLE,1,STATIC_B8,OFF_B,0,18,1161649,141.80,255,255,60
SAMPLE,1,STATIC_B8,OFF_B,0,19,1164174,142.11,255,255,60
SAMPLE,1,STATIC_B8,OFF_B,0,20,1163762,142.06,255,255,60
SAMPLE,1,STATIC_B8,OFF_B,0,21,1161387,141.77,255,255,61
SAMPLE,1,STATIC_B8,OFF_B,0,22,1161367,141.76,255,255,61
SAMPLE,1,STATIC_B8,OFF_B,0,23,1164966,142.20,255,255,61
SAMPLE,1,STATIC_B8,OFF_B,0,24,1163830,142.06,255,255,62
SAMPLE,1,STATIC_B8,ON_B,1,0,1295433,158.13,255,255,63
SAMPLE,1,STATIC_B8,ON_B,1,1,1298895,158.55,255,255,63
SAMPLE,1,STATIC_B8,ON_B,1,2,1295896,158.19,255,255,63
SAMPLE,1,STATIC_B8,ON_B,1,3,1298281,158.48,255,255,64
SAMPLE,1,STATIC_B8,ON_B,1,4,1295797,158.17,255,255,64
SAMPLE,1,STATIC_B8,ON_B,1,5,1295499,158.14,255,255,64
SAMPLE,1,STATIC_B8,ON_B,1,6,1294578,158.02,255,255,65
SAMPLE,1,STATIC_B8,ON_B,1,7,1299574,158.63,255,255,65
SAMPLE,1,STATIC_B8,ON_B,1,8,1297530,158.38,255,255,65
SAMPLE,1,STATIC_B8,ON_B,1,9,1297622,158.40,255,255,66
SAMPLE,1,STATIC_B8,ON_B,1,10,1297255,158.35,255,255,66
SAMPLE,1,STATIC_B8,ON_B,1,11,1296399,158.25,255,255,66
SAMPLE,1,STATIC_B8,ON_B,1,12,1297297,158.36,255,255,67
SAMPLE,1,STATIC_B8,ON_B,1,13,1298433,158.50,255,255,67
SAMPLE,1,STATIC_B8,ON_B,1,14,1297243,158.35,255,255,67
SAMPLE,1,STATIC_B8,ON_B,1,15,1293821,157.93,255,255,68
SAMPLE,1,STATIC_B8,ON_B,1,16,1293511,157.89,255,255,68
SAMPLE,1,STATIC_B8,ON_B,1,17,1295639,158.15,255,255,68
SAMPLE,1,STATIC_B8,ON_B,1,18,1298614,158.52,255,255,69
SAMPLE,1,STATIC_B8,ON_B,1,19,1296862,158.30,255,255,69
SAMPLE,1,STATIC_B8,ON_B,1,20,1291916,157.70,255,255,69
SAMPLE,1,STATIC_B8,ON_B,1,21,1296558,158.27,255,255,70
SAMPLE,1,STATIC_B8,ON_B,1,22,1297440,158.37,255,255,70
SAMPLE,1,STATIC_B8,ON_B,1,23,1298902,158.55,255,255,70
SAMPLE,1,STATIC_B8,ON_B,1,24,1294905,158.06,255,255,71
SAMPLE,2,STATIC_B8,OFF_A,0,0,1162203,141.87,255,255,72
SAMPLE,2,STATIC_B8,OFF_A,0,1,1160905,141.71,255,255,72
SAMPLE,2,STATIC_B8,OFF_A,0,2,1162913,141.95,255,255,72
SAMPLE,2,STATIC_B8,OFF_A,0,3,1161356,141.76,255,255,73
SAMPLE,2,STATIC_B8,OFF_A,0,4,1165133,142.22,255,255,73
SAMPLE,2,STATIC_B8,OFF_A,0,5,1161864,141.82,255,255,73
SAMPLE,2,STATIC_B8,OFF_A,0,6,1164133,142.10,255,255,74
SAMPLE,2,STATIC_B8,OFF_A,0,7,1164057,142.09,255,255,74
SAMPLE,2,STATIC_B8,OFF_A,0,8,1160644,141.68,255,255,74
SAMPLE,2,STATIC_B8,OFF_A,0,9,1163324,142.00,255,255,75
SAMPLE,2,STATIC_B8,OFF_A,0,10,1160161,141.62,255,255,75
SAMPLE,2,STATIC_B8,OFF_A,0,11,1162353,141.88,255,255,75
SAMPLE,2,STATIC_B8,OFF_A,0,12,1162309,141.88,255,255,76
SAMPLE,2,STATIC_B8,OFF_A,0,13,1161752,141.81,255,255,76
SAMPLE,2,STATIC_B8,OFF_A,0,14,1166583,142.40,255,255,76
SAMPLE,2,STATIC_B8,OFF_A,0,15,1162049,141.85,255,255,77
SAMPLE,2,STATIC_B8,OFF_A,0,16,1160433,141.65,255,255,77
SAMPLE,2,STATIC_B8,OFF_A,0,17,1163545,142.03,255,255,77
SAMPLE,2,STATIC_B8,OFF_A,0,18,1162670,141.92,255,255,78
SAMPLE,2,STATIC_B8,OFF_A,0,19,1164832,142.19,255,255,78
SAMPLE,2,STATIC_B8,OFF_A,0,20,1165634,142.28,255,255,78
SAMPLE,2,STATIC_B8,OFF_A,0,21,1161621,141.79,255,255,79
SAMPLE,2,STATIC_B8,OFF_A,0,22,1162307,141.88,255,255,79
SAMPLE,2,STATIC_B8,OFF_A,0,23,1161809,141.82,255,255,79
SAMPLE,2,STATIC_B8,OFF_A,0,24,1162382,141.89,255,255,80
SAMPLE,2,STATIC_B8,ON_A,1,0,1298395,158.49,255,255,81
SAMPLE,2,STATIC_B8,ON_A,1,1,1295492,158.14,255,255,81
SAMPLE,2,STATIC_B8,ON_A,1,2,1295882,158.18,255,255,81
SAMPLE,2,STATIC_B8,ON_A,1,3,1294700,158.04,255,255,82
SAMPLE,2,STATIC_B8,ON_A,1,4,1299472,158.62,255,255,82
SAMPLE,2,STATIC_B8,ON_A,1,5,1299227,158.59,255,255,82
SAMPLE,2,STATIC_B8,ON_A,1,6,1299826,158.67,255,255,83
SAMPLE,2,STATIC_B8,ON_A,1,7,1296698,158.28,255,255,83
SAMPLE,2,STATIC_B8,ON_A,1,8,1293912,157.94,255,255,83
SAMPLE,2,STATIC_B8,ON_A,1,9,1297028,158.32,255,255,84
SAMPLE,2,STATIC_B8,ON_A,1,10,1296854,158.30,255,255,84
SAMPLE,2,STATIC_B8,ON_A,1,11,1296593,158.27,255,255,84
SAMPLE,2,STATIC_B8,ON_A,1,12,1297240,158.35,255,255,85
SAMPLE,2,STATIC_B8,ON_A,1,13,1298063,158.45,255,255,85
SAMPLE,2,STATIC_B8,ON_A,1,14,1295510,158.14,255,255,85
SAMPLE,2,STATIC_B8,ON_A,1,15,1293931,157.95,255,255,86
SAMPLE,2,STATIC_B8,ON_A,1,16,1299446,158.62,255,255,86
SAMPLE,2,STATIC_B8,ON_A,1,17,1296299,158.23,255,255,86
SAMPLE,2,STATIC_B8,ON_A,1,18,1295165,158.10,255,255,87
SAMPLE,2,STATIC_B8,ON_A,1,19,1293233,157.86,255,255,87
SAMPLE,2,STATIC_B8,ON_A,1,20,1298599,158.52,255,255,87
SAMPLE,2,STATIC_B8,ON_A,1,21,1296602,158.27,255,255,88
SAMPLE,2,STATIC_B8,ON_A,1,22,1299330,158.60,255,255,88
SAMPLE,2,STATIC_B8,ON_A,1,23,1298116,158.46,255,255,88
SAMPLE,2,STATIC_B8,ON_A,1,24,1295188,158.10,255,255,89
SAMPLE,2,STATIC_B8,OFF_B,0,0,1163646,142.04,255,255,90
SAMPLE,2,STATIC_B8,OFF_B,0,1,1162760,141.93,255,255,90
SAMPLE,2,STATIC_B8,OFF_B,0,2,1161093,141.73,255,255,90
SAMPLE,2,STATIC_B8,OFF_B,0,3,1162744,141.93,255,255,91
SAMPLE,2,STATIC_B8,OFF_B,0,4,1163059,141.97,255,255,91
SAMPLE,2,STATIC_B8,OFF_B,0,5,1162030,141.84,255,255,91
SAMPLE,2,STATIC_B8,OFF_B,0,6,1161600,141.79,255,255,92
SAMPLE,2,STATIC_B8,OFF_B,0,7,1160393,141.64,255,255,92
SAMPLE,2,STATIC_B8,OFF_B,0,8,1160602,141.67,255,255,92
SAMPLE,2,STATIC_B8,OFF_B,0,9,1161953,141.83,255,255,93
SAMPLE,2,STATIC_B8,OFF_B,0,10,1161879,141.83,255,255,93
SAMPLE,2,STATIC_B8,OFF_B,0,11,1162234,141.87,255,255,93
SAMPLE,2,STATIC_B8,OFF_B,0,12,1162042,141.85,255,255,94
SAMPLE,2,STATIC_B8,OFF_B,0,13,1164060,142.09,255,255,94
SAMPLE,2,STATIC_B8,OFF_B,0,14,1164433,142.14,255,255,94
SAMPLE,2,STATIC_B8,OFF_B,0,15,1161984,141.84,255,255,95
SAMPLE,2,STATIC_B8,OFF_B,0,16,1164768,142.18,255,255,95
SAMPLE,2,STATIC_B8,OFF_B,0,17,1162276,141.87,255,255,95
SAMPLE,2,STATIC_B8,OFF_B,0,18,1163466,142.02,255,255,96
SAMPLE,2,STATIC_B8,OFF_B,0,19,1162219,141.87,255,255,96
SAMPLE,2,STATIC_B8,OFF_B,0,20,1164539,142.15,255,255,96
SAMPLE,2,STATIC_B8,OFF_B,0,21,1162308,141.88,255,255,97
SAMPLE,2,STATIC_B8,OFF_B,0,22,1162905,141.95,255,255,97
SAMPLE,2,STATIC_B8,OFF_B,0,23,1164177,142.11,255,255,97
SAMPLE,2,STATIC_B8,OFF_B,0,24,1161541,141.78,255,255,98
SAMPLE,2,STATIC_B8,ON_B,1,0,1298354,158.49,255,255,99
SAMPLE,2,STATIC_B8,ON_B,1,1,1296109,158.21,255,255,99
SAMPLE,2,STATIC_B8,ON_B,1,2,1299078,158.57,255,255,99
SAMPLE,2,STATIC_B8,ON_B,1,3,1295315,158.11,255,255,100
SAMPLE,2,STATIC_B8,ON_B,1,4,1297946,158.44,255,255,100
SAMPLE,2,STATIC_B8,ON_B,1,5,1299513,158.63,255,255,100
SAMPLE,2,STATIC_B8,ON_B,1,6,1297992,158.44,255,255,101
SAMPLE,2,STATIC_B8,ON_B,1,7,1298358,158.49,255,255,101
SAMPLE,2,STATIC_B8,ON_B,1,8,1296947,158.31,255,255,101
SAMPLE,2,STATIC_B8,ON_B,1,9,1298333,158.48,255,255,102
SAMPLE,2,STATIC_B8,ON_B,1,10,1295137,158.09,255,255,102
SAMPLE,2,STATIC_B8,ON_B,1,11,1299044,158.57,255,255,102
SAMPLE,2,STATIC_B8,ON_B,1,12,1294520,158.02,255,255,103
SAMPLE,2,STATIC_B8,ON_B,1,13,1297805,158.42,255,255,103
SAMPLE,2,STATIC_B8,ON_B,1,14,1298426,158.49,255,255,103
SAMPLE,2,STATIC_B8,ON_B,1,15,1295224,158.10,255,255,104
SAMPLE,2,STATIC_B8,ON_B,1,16,1299738,158.65,255,255,104
SAMPLE,2,STATIC_B8,ON_B,1,17,1296530,158.26,255,255,104
SAMPLE,2,STATIC_B8,ON_B,1,18,1296345,158.24,255,255,105
SAMPLE,2,STATIC_B8,ON_B,1,19,1296884,158.31,255,255,105
SAMPLE,2,STATIC_B8,ON_B,1,20,1297692,158.40,255,255,105
SAMPLE,2,STATIC_B8,ON_B,1,21,1298309,158.48,255,255,106
SAMPLE,2,STATIC_B8,ON_B,1,22,1293711,157.92,255,255,106
SAMPLE,2,STATIC_B8,ON_B,1,23,1299559,158.63,255,255,106
SAMPLE,2,STATIC_B8,ON_B,1,24,1298582,158.51,255,255,107
MODE_END,STATIC_B8
MODE_BEGIN,RBR_50
SAMPLE,0,RBR_50,OFF_A,0,0,1062480,129.69,255,255,0
SAMPLE,0,RBR_50,OFF_A,0,1,1064393,129.93,255,255,0
SAMPLE,0,RBR_50,OFF_A,0,2,1063839,129.86,255,255,0
SAMPLE,0,RBR_50,OFF_A,0,3,1063910,129.87,255,255,0
SAMPLE,0,RBR_50,OFF_A,0,4,1062152,129.65,255,255,0
SAMPLE,0,RBR_50,OFF_A,0,5,1075328,131.26,255,255,1
SAMPLE,0,RBR_50,OFF_A,0,6,1075405,131.27,255,255,1
SAMPLE,0,RBR_50,OFF_A,0,7,1076915,131.45,255,255,1
SAMPLE,0,RBR_50,OFF_A,0,8,1076228,131.37,255,255,1
SAMPLE,0,RBR_50,OFF_A,0,9,1074857,131.20,255,255,1
SAMPLE,0,RBR_50,OFF_A,0,10,984052,120.12,255,255,2
SAMPLE,0,RBR_50,OFF_A,0,11,983838,120.09,255,255,2
SAMPLE,0,RBR_50,OFF_A,0,12,982923,119.98,255,255,2
SAMPLE,0,RBR_50,OFF_A,0,13,983626,120.07,255,255,2
SAMPLE,0,RBR_50,OFF_A,0,14,984400,120.16,255,255,2
SAMPLE,0,RBR_50,OFF_A,0,15,1075233,131.25,255,255,3
SAMPLE,0,RBR_50,OFF_A,0,16,1076041,131.35,255,255,3
SAMPLE,0,RBR_50,OFF_A,0,17,1075884,131.33,255,255,3
SAMPLE,0,RBR_50,OFF_A,0,18,1076925,131.46,255,255,3
SAMPLE,0,RBR_50,OFF_A,0,19,1076002,131.34,255,255,3
SAMPLE,0,RBR_50,OFF_A,0,20,985912,120.35,255,255,4
SAMPLE,0,RBR_50,OFF_A,0,21,982636,119.95,255,255,4
SAMPLE,0,RBR_50,OFF_A,0,22,984313,120.15,255,255,4
SAMPLE,0,RBR_50,OFF_A,0,23,985504,120.30,255,255,4
SAMPLE,0,RBR_50,OFF_A,0,24,985590,120.31,255,255,4
SAMPLE,0,RBR_50,ON_A,1,0,1143608,139.60,255,255,5
SAMPLE,0,RBR_50,ON_A,1,1,1143297,139.56,255,255,5
SAMPLE,0,RBR_50,ON_A,1,2,1143565,139.59,255,255,5
SAMPLE,0,RBR_50,ON_A,1,3,1142794,139.50,255,255,5
SAMPLE,0,RBR_50,ON_A,1,4,1141452,139.33,255,255,5
SAMPLE,0,RBR_50,ON_A,1,5,1145447,139.82,255,255,6
SAMPLE,0,RBR_50,ON_A,1,6,1147781,140.10,255,255,6
SAMPLE,0,RBR_50,ON_A,1,7,1145044,139.77,255,255,6
SAMPLE,0,RBR_50,ON_A,1,8,1139247,139.06,255,255,6
SAMPLE,0,RBR_50,ON_A,1,9,1145285,139.80,255,255,6
SAMPLE,0,RBR_50,ON_A,1,10,1127794,137.67,255,255,7
SAMPLE,0,RBR_50,ON_A,1,11,1132266,138.21,255,255,7
SAMPLE,0,RBR_50,ON_A,1,12,1127807,137.67,255,255,7
SAMPLE,0,RBR_50,ON_A,1,13,1131667,138.14,255,255,7
SAMPLE,0,RBR_50,ON_A,1,14,1129685,137.90,255,255,7
SAMPLE,0,RBR_50,ON_A,1,15,1127390,137.62,255,255,8
SAMPLE,0,RBR_50,ON_A,1,16,1123205,137.10,255,255,8
SAMPLE,0,RBR_50,ON_A,1,17,1130335,137.98,255,255,8
SAMPLE,0,RBR_50,ON_A,1,18,1127565,137.64,255,255,8
SAMPLE,0,RBR_50,ON_A,1,19,1130178,137.96,255,255,8
SAMPLE,0,RBR_50,ON_A,1,20,1122366,137.00,255,255,9
SAMPLE,0,RBR_50,ON_A,1,21,1123998,137.20,255,255,9
SAMPLE,0,RBR_50,ON_A,1,22,1124218,137.23,255,255,9
SAMPLE,0,RBR_50,ON_A,1,23,1127150,137.59,255,255,9
SAMPLE,0,RBR_50,ON_A,1,24,1123783,137.18,255,255,9
SAMPLE,0,RBR_50,OFF_B,0,0,982826,119.97,255,255,10
SAMPLE,0,RBR_50,OFF_B,0,1,983026,119.99,255,255,10
SAMPLE,0,RBR_50,OFF_B,0,2,983809,120.09,255,255,10
SAMPLE,0,RBR_50,OFF_B,0,3,983887,120.10,255,255,10
SAMPLE,0,RBR_50,OFF_B,0,4,983463,120.05,255,255,10
SAMPLE,0,RBR_50,OFF_B,0,5,1083562,132.27,255,255,11
SAMPLE,0,RBR_50,OFF_B,0,6,1081769,132.05,255,255,11
SAMPLE,0,RBR_50,OFF_B,0,7,1082049,132.08,255,255,11
SAMPLE,0,RBR_50,OFF_B,0,8,1084249,132.35,255,255,11
SAMPLE,0,RBR_50,OFF_B,0,9,1084414,132.37,255,255,11
SAMPLE,0,RBR_50,OFF_B,0,10,982857,119.97,255,255,12
SAMPLE,0,RBR_50,OFF_B,0,11,984179,120.13,255,255,12
SAMPLE,0,RBR_50,OFF_B,0,12,982667,119.95,255,255,12
SAMPLE,0,RBR_50,OFF_B,0,13,984078,120.12,255,255,12
SAMPLE,0,RBR_50,OFF_B,0,14,983512,120.05,255,255,12
SAMPLE,0,RBR_50,OFF_B,0,15,1076124,131.36,255,255,13
SAMPLE,0,RBR_50,OFF_B,0,16,1075683,131.30,255,255,13
SAMPLE,0,RBR_50,OFF_B,0,17,1075983,131.34,255,255,13
SAMPLE,0,RBR_50,OFF_B,0,18,1076211,131.37,255,255,13
SAMPLE,0,RBR_50,OFF_B,0,19,1075180,131.24,255,255,13
SAMPLE,0,RBR_50,OFF_B,0,20,1059340,129.31,255,255,14
SAMPLE,0,RBR_50,OFF_B,0,21,1059254,129.30,255,255,14
SAMPLE,0,RBR_50,OFF_B,0,22,1059620,129.34,255,255,14
SAMPLE,0,RBR_50,OFF_B,0,23,1058457,129.20,255,255,14
SAMPLE,0,RBR_50,OFF_B,0,24,1009716,123.25,255,255,15
SAMPLE,0,RBR_50,ON_B,1,0,1119389,136.64,255,255,16
SAMPLE,0,RBR_50,ON_B,1,1,1117713,136.43,255,255,16
SAMPLE,0,RBR_50,ON_B,1,2,1116672,136.31,255,255,16
SAMPLE,0,RBR_50,ON_B,1,3,1119978,136.71,255,255,16
SAMPLE,0,RBR_50,ON_B,1,4,1120071,136.72,255,255,16
SAMPLE,0,RBR_50,ON_B,1,5,1138317,138.95,255,255,17
SAMPLE,0,RBR_50,ON_B,1,6,1135995,138.67,255,255,17
SAMPLE,0,RBR_50,ON_B,1,7,1131176,138.08,255,255,17
SAMPLE,0,RBR_50,ON_B,1,8,1134153,138.44,255,255,17
SAMPLE,0,RBR_50,ON_B,1,9,1135273,138.58,255,255,17
SAMPLE,0,RBR_50,ON_B,1,10,1123989,137.20,255,255,18
SAMPLE,0,RBR_50,ON_B,1,11,1125233,137.35,255,255,18
SAMPLE,0,RBR_50,ON_B,1,12,1124277,137.24,255,255,18
SAMPLE,0,RBR_50,ON_B,1,13,1124462,137.26,255,255,18
SAMPLE,0,RBR_50,ON_B,1,14,1121700,136.92,255,255,18
SAMPLE,0,RBR_50,ON_B,1,15,1119588,136.66,255,255,19
SAMPLE,0,RBR_50,ON_B,1,16,1122953,137.07,255,255,19
SAMPLE,0,RBR_50,ON_B,1,17,1122449,137.01,255,255,19
SAMPLE,0,RBR_50,ON_B,1,18,1120863,136.82,255,255,19
SAMPLE,0,RBR_50,ON_B,1,19,1123291,137.12,255,255,19
SAMPLE,0,RBR_50,ON_B,1,20,1122474,137.02,255,255,20
SAMPLE,0,RBR_50,ON_B,1,21,1122409,137.01,255,255,20
SAMPLE,0,RBR_50,ON_B,1,22,1122277,136.99,255,255,20
SAMPLE,0,RBR_50,ON_B,1,23,1123726,137.17,255,255,20
SAMPLE,0,RBR_50,ON_B,1,24,1122931,137.07,255,255,20
SAMPLE,1,RBR_50,OFF_A,0,0,1011019,123.41,255,255,21
SAMPLE,1,RBR_50,OFF_A,0,1,1010022,123.29,255,255,21
SAMPLE,1,RBR_50,OFF_A,0,2,1008675,123.12,255,255,21
SAMPLE,1,RBR_50,OFF_A,0,3,1009844,123.27,255,255,21
SAMPLE,1,RBR_50,OFF_A,0,4,1011625,123.48,255,255,21
SAMPLE,1,RBR_50,OFF_A,0,5,1028690,125.57,255,255,22
SAMPLE,1,RBR_50,OFF_A,0,6,1029375,125.65,255,255,22
SAMPLE,1,RBR_50,OFF_A,0,7,1028110,125.50,255,255,22
SAMPLE,1,RBR_50,OFF_A,0,8,1026833,125.34,255,255,22
SAMPLE,1,RBR_50,OFF_A,0,9,1028316,125.52,255,255,22
SAMPLE,1,RBR_50,OFF_A,0,10,1084637,132.40,255,255,23
SAMPLE,1,RBR_50,OFF_A,0,11,1083995,132.32,255,255,23
SAMPLE,1,RBR_50,OFF_A,0,12,1084161,132.34,255,255,23
SAMPLE,1,RBR_50,OFF_A,0,13,1083797,132.29,255,255,23
SAMPLE,1,RBR_50,OFF_A,0,14,1085312,132.48,255,255,23
SAMPLE,1,RBR_50,OFF_A,0,15,1084510,132.38,255,255,24
SAMPLE,1,RBR_50,OFF_A,0,16,1083958,132.31,255,255,24
SAMPLE,1,RBR_50,OFF_A,0,17,1084583,132.39,255,255,24
SAMPLE,1,RBR_50,OFF_A,0,18,1084796,132.42,255,255,24
SAMPLE,1,RBR_50,OFF_A,0,19,1006562,122.87,255,255,25
SAMPLE,1,RBR_50,OFF_A,0,20,1010505,123.35,255,255,25
SAMPLE,1,RBR_50,OFF_A,0,21,1009234,123.19,255,255,25
SAMPLE,1,RBR_50,OFF_A,0,22,1008507,123.10,255,255,25
SAMPLE,1,RBR_50,OFF_A,0,23,1008298,123.08,255,255,25
SAMPLE,1,RBR_50,OFF_A,0,24,982477,119.93,255,255,26
SAMPLE,1,RBR_50,ON_A,1,0,1121319,136.87,255,255,27
SAMPLE,1,RBR_50,ON_A,1,1,1121744,136.93,255,255,27
SAMPLE,1,RBR_50,ON_A,1,2,1120099,136.73,255,255,27
SAMPLE,1,RBR_50,ON_A,1,3,1123047,137.09,255,255,27
SAMPLE,1,RBR_50,ON_A,1,4,1123139,137.10,255,255,27
SAMPLE,1,RBR_50,ON_A,1,5,1126424,137.50,255,255,28
SAMPLE,1,RBR_50,ON_A,1,6,1125698,137.41,255,255,28
SAMPLE,1,RBR_50,ON_A,1,7,1126695,137.53,255,255,28
SAMPLE,1,RBR_50,ON_A,1,8,1127459,137.62,255,255,28
SAMPLE,1,RBR_50,ON_A,1,9,1124437,137.26,255,255,28
SAMPLE,1,RBR_50,ON_A,1,10,1149831,140.36,255,255,29
SAMPLE,1,RBR_50,ON_A,1,11,1151506,140.56,255,255,29
SAMPLE,1,RBR_50,ON_A,1,12,1148644,140.21,255,255,29
SAMPLE,1,RBR_50,ON_A,1,13,1152240,140.65,255,255,29
SAMPLE,1,RBR_50,ON_A,1,14,1148256,140.16,255,255,29
SAMPLE,1,RBR_50,ON_A,1,15,1132041,138.18,255,255,30
SAMPLE,1,RBR_50,ON_A,1,16,1132479,138.24,255,255,30
SAMPLE,1,RBR_50,ON_A,1,17,1133296,138.34,255,255,30
SAMPLE,1,RBR_50,ON_A,1,18,1132519,138.24,255,255,30
SAMPLE,1,RBR_50,ON_A,1,19,1132099,138.19,255,255,30
SAMPLE,1,RBR_50,ON_A,1,20,1130169,137.96,255,255,31
SAMPLE,1,RBR_50,ON_A,1,21,1127668,137.65,255,255,31
SAMPLE,1,RBR_50,ON_A,1,22,1126747,137.54,255,255,31
SAMPLE,1,RBR_50,ON_A,1,23,1132053,138.19,255,255,31
SAMPLE,1,RBR_50,ON_A,1,24,1129583,137.88,255,255,31
SAMPLE,1,RBR_50,OFF_B,0,0,1029107,125.62,255,255,32
SAMPLE,1,RBR_50,OFF_B,0,1,1027964,125.48,255,255,32
SAMPLE,1,RBR_50,OFF_B,0,2,1027518,125.42,255,255,32
SAMPLE,1,RBR_50,OFF_B,0,3,1031469,125.91,255,255,32
SAMPLE,1,RBR_50,OFF_B,0,4,1028810,125.58,255,255,32
SAMPLE,1,RBR_50,OFF_B,0,5,1060095,129.40,255,255,33
SAMPLE,1,RBR_50,OFF_B,0,6,1061022,129.51,255,255,33
SAMPLE,1,RBR_50,OFF_B,0,7,1062843,129.74,255,255,33
SAMPLE,1,RBR_50,OFF_B,0,8,1063508,129.82,255,255,33
SAMPLE,1,RBR_50,OFF_B,0,9,1076344,131.38,255,255,34
SAMPLE,1,RBR_50,OFF_B,0,10,1074672,131.18,255,255,34
SAMPLE,1,RBR_50,OFF_B,0,11,1076854,131.45,255,255,34
SAMPLE,1,RBR_50,OFF_B,0,12,1076397,131.39,255,255,34
SAMPLE,1,RBR_50,OFF_B,0,13,1075246,131.25,255,255,34
SAMPLE,1,RBR_50,OFF_B,0,14,985608,120.31,255,255,35
SAMPLE,1,RBR_50,OFF_B,0,15,985660,120.31,255,255,35
SAMPLE,1,RBR_50,OFF_B,0,16,986769,120.45,255,255,35
SAMPLE,1,RBR_50,OFF_B,0,17,985717,120.32,255,255,35
SAMPLE,1,RBR_50,OFF_B,0,18,1009522,123.23,255,255,36
SAMPLE,1,RBR_50,OFF_B,0,19,1007695,123.00,255,255,36
SAMPLE,1,RBR_50,OFF_B,0,20,1009086,123.17,255,255,36
SAMPLE,1,RBR_50,OFF_B,0,21,1010919,123.40,255,255,36
SAMPLE,1,RBR_50,OFF_B,0,22,1010063,123.29,255,255,36
SAMPLE,1,RBR_50,OFF_B,0,23,994348,121.38,255,255,37
SAMPLE,1,RBR_50,OFF_B,0,24,995992,121.58,255,255,37
SAMPLE,1,RBR_50,ON_B,1,0,1144556,139.71,255,255,38
SAMPLE,1,RBR_50,ON_B,1,1,1145217,139.79,255,255,38
SAMPLE,1,RBR_50,ON_B,1,2,1147943,140.12,255,255,38
SAMPLE,1,RBR_50,ON_B,1,3,1147067,140.02,255,255,38
SAMPLE,1,RBR_50,ON_B,1,4,1146050,139.89,255,255,38
SAMPLE,1,RBR_50,ON_B,1,5,1148616,140.21,255,255,39
SAMPLE,1,RBR_50,ON_B,1,6,1150794,140.47,255,255,39
SAMPLE,1,RBR_50,ON_B,1,7,1146629,139.96,255,255,39
SAMPLE,1,RBR_50,ON_B,1,8,1146610,139.96,255,255,39
SAMPLE,1,RBR_50,ON_B,1,9,1142938,139.51,255,255,39
SAMPLE,1,RBR_50,ON_B,1,10,1123943,137.20,255,255,40
SAMPLE,1,RBR_50,ON_B,1,11,1124945,137.32,255,255,40
SAMPLE,1,RBR_50,ON_B,1,12,1123016,137.08,255,255,40
SAMPLE,1,RBR_50,ON_B,1,13,1129152,137.83,255,255,40
SAMPLE,1,RBR_50,ON_B,1,14,1125366,137.37,255,255,40
SAMPLE,1,RBR_50,ON_B,1,15,1119769,136.69,255,255,41
SAMPLE,1,RBR_50,ON_B,1,16,1122430,137.01,255,255,41
SAMPLE,1,RBR_50,ON_B,1,17,1118566,136.54,255,255,41
SAMPLE,1,RBR_50,ON_B,1,18,1118611,136.54,255,255,41
SAMPLE,1,RBR_50,ON_B,1,19,1117156,136.37,255,255,41
SAMPLE,1,RBR_50,ON_B,1,20,1120024,136.72,255,255,42
SAMPLE,1,RBR_50,ON_B,1,21,1122900,137.07,255,255,42
SAMPLE,1,RBR_50,ON_B,1,22,1122281,136.99,255,255,42
SAMPLE,1,RBR_50,ON_B,1,23,1118842,136.57,255,255,42
SAMPLE,1,RBR_50,ON_B,1,24,1122209,136.98,255,255,42
SAMPLE,2,RBR_50,OFF_A,0,0,1049486,128.11,255,255,43
SAMPLE,2,RBR_50,OFF_A,0,1,1048222,127.95,255,255,43
SAMPLE,2,RBR_50,OFF_A,0,2,1047309,127.84,255,255,43
SAMPLE,2,RBR_50,OFF_A,0,3,1047241,127.83,255,255,43
SAMPLE,2,RBR_50,OFF_A,0,4,1049454,128.10,255,255,43
SAMPLE,2,RBR_50,OFF_A,0,5,1064135,129.89,255,255,44
SAMPLE,2,RBR_50,OFF_A,0,6,1063607,129.83,255,255,44
SAMPLE,2,RBR_50,OFF_A,0,7,1064222,129.90,255,255,44
SAMPLE,2,RBR_50,OFF_A,0,8,1063651,129.84,255,255,44
SAMPLE,2,RBR_50,OFF_A,0,9,1063346,129.80,255,255,44
SAMPLE,2,RBR_50,OFF_A,0,10,1049151,128.07,255,255,45
SAMPLE,2,RBR_50,OFF_A,0,11,1046435,127.73,255,255,45
SAMPLE,2,RBR_50,OFF_A,0,12,1048622,128.00,255,255,45
SAMPLE,2,RBR_50,OFF_A,0,13,1049075,128.06,255,255,45
SAMPLE,2,RBR_50,OFF_A,0,14,1049732,128.14,255,255,45
SAMPLE,2,RBR_50,OFF_A,0,15,983801,120.09,255,255,46
SAMPLE,2,RBR_50,OFF_A,0,16,984302,120.15,255,255,46
SAMPLE,2,RBR_50,OFF_A,0,17,985255,120.27,255,255,46
SAMPLE,2,RBR_50,OFF_A,0,18,984134,120.13,255,255,46
SAMPLE,2,RBR_50,OFF_A,0,19,1059520,129.33,255,255,47
SAMPLE,2,RBR_50,OFF_A,0,20,1058804,129.24,255,255,47
SAMPLE,2,RBR_50,OFF_A,0,21,1059013,129.27,255,255,47
SAMPLE,2,RBR_50,OFF_A,0,22,1058910,129.26,255,255,47
SAMPLE,2,RBR_50,OFF_A,0,23,1058929,129.26,255,255,47
SAMPLE,2,RBR_50,OFF_A,0,24,1060299,129.43,255,255,48
SAMPLE,2,RBR_50,ON_A,1,0,1123739,137.17,255,255,49
SAMPLE,2,RBR_50,ON_A,1,1,1133661,138.38,255,255,49
SAMPLE,2,RBR_50,ON_A,1,2,1130291,137.97,255,255,49
SAMPLE,2,RBR_50,ON_A,1,3,1133272,138.33,255,255,49
SAMPLE,2,RBR_50,ON_A,1,4,1132137,138.20,255,255,49
SAMPLE,2,RBR_50,ON_A,1,5,1124341,137.24,255,255,50
SAMPLE,2,RBR_50,ON_A,1,6,1122622,137.03,255,255,50
SAMPLE,2,RBR_50,ON_A,1,7,1124068,137.21,255,255,50
SAMPLE,2,RBR_50,ON_A,1,8,1121584,136.91,255,255,50
SAMPLE,2,RBR_50,ON_A,1,9,1123051,137.09,255,255,50
SAMPLE,2,RBR_50,ON_A,1,10,1135279,138.58,255,255,51
SAMPLE,2,RBR_50,ON_A,1,11,1140476,139.21,255,255,51
SAMPLE,2,RBR_50,ON_A,1,12,1142998,139.52,255,255,51
SAMPLE,2,RBR_50,ON_A,1,13,1141568,139.35,255,255,51
SAMPLE,2,RBR_50,ON_A,1,14,1141129,139.29,255,255,51
SAMPLE,2,RBR_50,ON_A,1,15,1133142,138.32,255,255,52
SAMPLE,2,RBR_50,ON_A,1,16,1132618,138.25,255,255,52
SAMPLE,2,RBR_50,ON_A,1,17,1132456,138.23,255,255,52
SAMPLE,2,RBR_50,ON_A,1,18,1131138,138.07,255,255,52
SAMPLE,2,RBR_50,ON_A,1,19,1133883,138.41,255,255,52
SAMPLE,2,RBR_50,ON_A,1,20,1120497,136.77,255,255,53
SAMPLE,2,RBR_50,ON_A,1,21,1119757,136.68,255,255,53
SAMPLE,2,RBR_50,ON_A,1,22,1122172,136.98,255,255,53
SAMPLE,2,RBR_50,ON_A,1,23,1123042,137.09,255,255,53
SAMPLE,2,RBR_50,ON_A,1,24,1125251,137.35,255,255,53
SAMPLE,2,RBR_50,OFF_B,0,0,1048654,128.00,255,255,54
SAMPLE,2,RBR_50,OFF_B,0,1,1047189,127.83,255,255,54
SAMPLE,2,RBR_50,OFF_B,0,2,1047725,127.89,255,255,54
SAMPLE,2,RBR_50,OFF_B,0,3,1047516,127.87,255,255,54
SAMPLE,2,RBR_50,OFF_B,0,4,1009866,123.27,255,255,55
SAMPLE,2,RBR_50,OFF_B,0,5,1009450,123.22,255,255,55
SAMPLE,2,RBR_50,OFF_B,0,6,1010858,123.39,255,255,55
SAMPLE,2,RBR_50,OFF_B,0,7,1009962,123.28,255,255,55
SAMPLE,2,RBR_50,OFF_B,0,8,1010806,123.38,255,255,55
SAMPLE,2,RBR_50,OFF_B,0,9,1084084,132.33,255,255,56
SAMPLE,2,RBR_50,OFF_B,0,10,1084282,132.35,255,255,56
SAMPLE,2,RBR_50,OFF_B,0,11,1084941,132.43,255,255,56
SAMPLE,2,RBR_50,OFF_B,0,12,1083506,132.26,255,255,56
SAMPLE,2,RBR_50,OFF_B,0,13,1083518,132.26,255,255,56
SAMPLE,2,RBR_50,OFF_B,0,14,1030744,125.82,255,255,57
SAMPLE,2,RBR_50,OFF_B,0,15,1028514,125.55,255,255,57
SAMPLE,2,RBR_50,OFF_B,0,16,1028287,125.52,255,255,57
SAMPLE,2,RBR_50,OFF_B,0,17,1028742,125.57,255,255,57
SAMPLE,2,RBR_50,OFF_B,0,18,1075545,131.29,255,255,58
SAMPLE,2,RBR_50,OFF_B,0,19,1074664,131.18,255,255,58
SAMPLE,2,RBR_50,OFF_B,0,20,1076197,131.37,255,255,58
SAMPLE,2,RBR_50,OFF_B,0,21,1076672,131.42,255,255,58
SAMPLE,2,RBR_50,OFF_B,0,22,1075417,131.27,255,255,58
SAMPLE,2,RBR_50,OFF_B,0,23,1076252,131.37,255,255,59
SAMPLE,2,RBR_50,OFF_B,0,24,1076278,131.38,255,255,59
SAMPLE,2,RBR_50,ON_B,1,0,1124980,137.32,255,255,60
SAMPLE,2,RBR_50,ON_B,1,1,1130131,137.95,255,255,60
SAMPLE,2,RBR_50,ON_B,1,2,1131213,138.08,255,255,60
SAMPLE,2,RBR_50,ON_B,1,3,1132419,138.23,255,255,60
SAMPLE,2,RBR_50,ON_B,1,4,1132430,138.23,255,255,60
SAMPLE,2,RBR_50,ON_B,1,5,1127039,137.57,255,255,61
SAMPLE,2,RBR_50,ON_B,1,6,1126767,137.54,255,255,61
SAMPLE,2,RBR_50,ON_B,1,7,1126300,137.48,255,255,61
SAMPLE,2,RBR_50,ON_B,1,8,1126863,137.55,255,255,61
SAMPLE,2,RBR_50,ON_B,1,9,1130313,137.97,255,255,61
SAMPLE,2,RBR_50,ON_B,1,10,1134535,138.49,255,255,62
SAMPLE,2,RBR_50,ON_B,1,11,1134153,138.44,255,255,62
SAMPLE,2,RBR_50,ON_B,1,12,1133285,138.34,255,255,62
SAMPLE,2,RBR_50,ON_B,1,13,1132466,138.24,255,255,62
SAMPLE,2,RBR_50,ON_B,1,14,1130493,137.99,255,255,62
SAMPLE,2,RBR_50,ON_B,1,15,1146232,139.92,255,255,63
SAMPLE,2,RBR_50,ON_B,1,16,1145331,139.81,255,255,63
SAMPLE,2,RBR_50,ON_B,1,17,1144085,139.65,255,255,63
SAMPLE,2,RBR_50,ON_B,1,18,1143907,139.63,255,255,63
SAMPLE,2,RBR_50,ON_B,1,19,1150367,140.42,255,255,63
SAMPLE,2,RBR_50,ON_B,1,20,1130632,138.01,255,255,64
SAMPLE,2,RBR_50,ON_B,1,21,1123322,137.12,255,255,64
SAMPLE,2,RBR_50,ON_B,1,22,1126113,137.46,255,255,64
SAMPLE,2,RBR_50,ON_B,1,23,1127843,137.67,255,255,64
SAMPLE,2,RBR_50,ON_B,1,24,1132022,138.18,255,255,64
MODE_END,RBR_50
MODE_BEGIN,RBR_67
SAMPLE,0,RBR_67,OFF_A,0,0,1135746,138.64,255,255,0
SAMPLE,0,RBR_67,OFF_A,0,1,1134973,138.54,255,255,0
SAMPLE,0,RBR_67,OFF_A,0,2,1135176,138.57,255,255,0
SAMPLE,0,RBR_67,OFF_A,0,3,1134697,138.51,255,255,0
SAMPLE,0,RBR_67,OFF_A,0,4,1120331,136.75,255,255,1
SAMPLE,0,RBR_67,OFF_A,0,5,1135113,138.56,255,255,1
SAMPLE,0,RBR_67,OFF_A,0,6,1135249,138.58,255,255,1
SAMPLE,0,RBR_67,OFF_A,0,7,1172189,143.08,255,255,2
SAMPLE,0,RBR_67,OFF_A,0,8,1173616,143.26,255,255,2
SAMPLE,0,RBR_67,OFF_A,0,9,1170353,142.86,255,255,2
SAMPLE,0,RBR_67,OFF_A,0,10,1173681,143.27,255,255,2
SAMPLE,0,RBR_67,OFF_A,0,11,1121644,136.91,255,255,3
SAMPLE,0,RBR_67,OFF_A,0,12,1122600,137.03,255,255,3
SAMPLE,0,RBR_67,OFF_A,0,13,1121861,136.94,255,255,3
SAMPLE,0,RBR_67,OFF_A,0,14,1131697,138.14,255,255,4
SAMPLE,0,RBR_67,OFF_A,0,15,1131841,138.16,255,255,4
SAMPLE,0,RBR_67,OFF_A,0,16,1131015,138.06,255,255,4
SAMPLE,0,RBR_67,OFF_A,0,17,1131028,138.06,255,255,4
SAMPLE,0,RBR_67,OFF_A,0,18,1132818,138.28,255,255,5
SAMPLE,0,RBR_67,OFF_A,0,19,1133928,138.41,255,255,5
SAMPLE,0,RBR_67,OFF_A,0,20,1130372,137.98,255,255,5
SAMPLE,0,RBR_67,OFF_A,0,21,1106865,135.11,255,255,6
SAMPLE,0,RBR_67,OFF_A,0,22,1126904,137.56,255,255,6
SAMPLE,0,RBR_67,OFF_A,0,23,1128130,137.71,255,255,6
SAMPLE,0,RBR_67,OFF_A,0,24,1126430,137.50,255,255,6
SAMPLE,0,RBR_67,ON_A,1,0,1329055,162.23,255,255,7
SAMPLE,0,RBR_67,ON_A,1,1,1324066,161.62,255,255,7
SAMPLE,0,RBR_67,ON_A,1,2,1323883,161.60,255,255,7
SAMPLE,0,RBR_67,ON_A,1,3,1324466,161.67,255,255,8
SAMPLE,0,RBR_67,ON_A,1,4,1330555,162.42,255,255,8
SAMPLE,0,RBR_67,ON_A,1,5,1327840,162.08,255,255,8
SAMPLE,0,RBR_67,ON_A,1,6,1328705,162.19,255,255,9
SAMPLE,0,RBR_67,ON_A,1,7,1324633,161.69,255,255,9
SAMPLE,0,RBR_67,ON_A,1,8,1321184,161.27,255,255,9
SAMPLE,0,RBR_67,ON_A,1,9,1328363,162.15,255,255,10
SAMPLE,0,RBR_67,ON_A,1,10,1319591,161.08,255,255,10
SAMPLE,0,RBR_67,ON_A,1,11,1328986,162.22,255,255,10
SAMPLE,0,RBR_67,ON_A,1,12,1319981,161.13,255,255,11

SAMPLE,0,RBR_67,ON_A,1,13,1324249,161.65,255,255,11
SAMPLE,0,RBR_67,ON_A,1,14,1327494,162.04,255,255,11
SAMPLE,0,RBR_67,ON_A,1,15,1324617,161.69,255,255,12
SAMPLE,0,RBR_67,ON_A,1,16,1324433,161.67,255,255,12
SAMPLE,0,RBR_67,ON_A,1,17,1323805,161.59,255,255,12
SAMPLE,0,RBR_67,ON_A,1,18,1324242,161.65,255,255,13
SAMPLE,0,RBR_67,ON_A,1,19,1328222,162.13,255,255,13
SAMPLE,0,RBR_67,ON_A,1,20,1326991,161.98,255,255,13
SAMPLE,0,RBR_67,ON_A,1,21,1324659,161.70,255,255,14
SAMPLE,0,RBR_67,ON_A,1,22,1334082,162.85,255,255,14
SAMPLE,0,RBR_67,ON_A,1,23,1331799,162.57,255,255,14
SAMPLE,0,RBR_67,ON_A,1,24,1327431,162.03,255,255,15
SAMPLE,0,RBR_67,OFF_B,0,0,1173871,143.29,255,255,16
SAMPLE,0,RBR_67,OFF_B,0,1,1173024,143.19,255,255,16
SAMPLE,0,RBR_67,OFF_B,0,2,1174377,143.35,255,255,16
SAMPLE,0,RBR_67,OFF_B,0,3,1172730,143.15,255,255,16
SAMPLE,0,RBR_67,OFF_B,0,4,1130776,138.03,255,255,17
SAMPLE,0,RBR_67,OFF_B,0,5,1130271,137.97,255,255,17
SAMPLE,0,RBR_67,OFF_B,0,6,1129285,137.85,255,255,17
SAMPLE,0,RBR_67,OFF_B,0,7,1133498,138.36,255,255,18
SAMPLE,0,RBR_67,OFF_B,0,8,1134888,138.53,255,255,18
SAMPLE,0,RBR_67,OFF_B,0,9,1132380,138.22,255,255,18
SAMPLE,0,RBR_67,OFF_B,0,10,1132671,138.26,255,255,18
SAMPLE,0,RBR_67,OFF_B,0,11,1122263,136.99,255,255,19
SAMPLE,0,RBR_67,OFF_B,0,12,1122695,137.04,255,255,19
SAMPLE,0,RBR_67,OFF_B,0,13,1121293,136.87,255,255,19
SAMPLE,0,RBR_67,OFF_B,0,14,1137496,138.85,255,255,20
SAMPLE,0,RBR_67,OFF_B,0,15,1136988,138.79,255,255,20
SAMPLE,0,RBR_67,OFF_B,0,16,1138361,138.96,255,255,20
SAMPLE,0,RBR_67,OFF_B,0,17,1137304,138.83,255,255,20
SAMPLE,0,RBR_67,OFF_B,0,18,1145096,139.78,255,255,21
SAMPLE,0,RBR_67,OFF_B,0,19,1142341,139.44,255,255,21
SAMPLE,0,RBR_67,OFF_B,0,20,1143119,139.54,255,255,21
SAMPLE,0,RBR_67,OFF_B,0,21,1126407,137.50,255,255,22
SAMPLE,0,RBR_67,OFF_B,0,22,1127473,137.63,255,255,22
SAMPLE,0,RBR_67,OFF_B,0,23,1126086,137.46,255,255,22
SAMPLE,0,RBR_67,OFF_B,0,24,1124737,137.29,255,255,22
SAMPLE,0,RBR_67,ON_B,1,0,1325866,161.84,255,255,23
SAMPLE,0,RBR_67,ON_B,1,1,1325963,161.86,255,255,23
SAMPLE,0,RBR_67,ON_B,1,2,1329142,162.24,255,255,23
SAMPLE,0,RBR_67,ON_B,1,3,1328672,162.19,255,255,24
SAMPLE,0,RBR_67,ON_B,1,4,1326843,161.96,255,255,24
SAMPLE,0,RBR_67,ON_B,1,5,1325194,161.76,255,255,24
SAMPLE,0,RBR_67,ON_B,1,6,1328158,162.12,255,255,25
SAMPLE,0,RBR_67,ON_B,1,7,1328699,162.19,255,255,25

SAMPLE,0,RBR_67,ON_B,1,8,1320840,161.23,255,255,25
SAMPLE,0,RBR_67,ON_B,1,9,1325435,161.79,255,255,26
SAMPLE,0,RBR_67,ON_B,1,10,1322642,161.45,255,255,26
SAMPLE,0,RBR_67,ON_B,1,11,1320584,161.20,255,255,26
SAMPLE,0,RBR_67,ON_B,1,12,1324708,161.70,255,255,27
SAMPLE,0,RBR_67,ON_B,1,13,1325243,161.77,255,255,27
SAMPLE,0,RBR_67,ON_B,1,14,1327821,162.08,255,255,27
SAMPLE,0,RBR_67,ON_B,1,15,1331703,162.56,255,255,28
SAMPLE,0,RBR_67,ON_B,1,16,1322275,161.41,255,255,28
SAMPLE,0,RBR_67,ON_B,1,17,1329027,162.23,255,255,28
SAMPLE,0,RBR_67,ON_B,1,18,1328124,162.12,255,255,29
SAMPLE,0,RBR_67,ON_B,1,19,1324584,161.69,255,255,29
SAMPLE,0,RBR_67,ON_B,1,20,1331652,162.55,255,255,29
SAMPLE,0,RBR_67,ON_B,1,21,1328310,162.14,255,255,30
SAMPLE,0,RBR_67,ON_B,1,22,1324718,161.70,255,255,30
SAMPLE,0,RBR_67,ON_B,1,23,1323866,161.60,255,255,30
SAMPLE,0,RBR_67,ON_B,1,24,1326323,161.90,255,255,31
SAMPLE,1,RBR_67,OFF_A,0,0,1175402,143.48,255,255,32
SAMPLE,1,RBR_67,OFF_A,0,1,1175408,143.48,255,255,32
SAMPLE,1,RBR_67,OFF_A,0,2,1174477,143.36,255,255,32
SAMPLE,1,RBR_67,OFF_A,0,3,1173583,143.25,255,255,32
SAMPLE,1,RBR_67,OFF_A,0,4,1129240,137.84,255,255,33
SAMPLE,1,RBR_67,OFF_A,0,5,1129019,137.81,255,255,33
SAMPLE,1,RBR_67,OFF_A,0,6,1129899,137.92,255,255,33
SAMPLE,1,RBR_67,OFF_A,0,7,1181863,144.27,255,255,34
SAMPLE,1,RBR_67,OFF_A,0,8,1180014,144.04,255,255,34
SAMPLE,1,RBR_67,OFF_A,0,9,1183336,144.45,255,255,34
SAMPLE,1,RBR_67,OFF_A,0,10,1180836,144.14,255,255,34
SAMPLE,1,RBR_67,OFF_A,0,11,1124268,137.23,255,255,35
SAMPLE,1,RBR_67,OFF_A,0,12,1123104,137.09,255,255,35
SAMPLE,1,RBR_67,OFF_A,0,13,1122310,137.00,255,255,35
SAMPLE,1,RBR_67,OFF_A,0,14,1136236,138.70,255,255,36
SAMPLE,1,RBR_67,OFF_A,0,15,1137380,138.84,255,255,36
SAMPLE,1,RBR_67,OFF_A,0,16,1135894,138.65,255,255,36
SAMPLE,1,RBR_67,OFF_A,0,17,1135756,138.64,255,255,36
SAMPLE,1,RBR_67,OFF_A,0,18,1136565,138.74,255,255,37
SAMPLE,1,RBR_67,OFF_A,0,19,1137128,138.80,255,255,37
SAMPLE,1,RBR_67,OFF_A,0,20,1135011,138.55,255,255,37
SAMPLE,1,RBR_67,OFF_A,0,21,1170337,142.86,255,255,38
SAMPLE,1,RBR_67,OFF_A,0,22,1172640,143.14,255,255,38
SAMPLE,1,RBR_67,OFF_A,0,23,1175087,143.44,255,255,38
SAMPLE,1,RBR_67,OFF_A,0,24,1171256,142.97,255,255,38
SAMPLE,1,RBR_67,ON_A,1,0,1326624,161.94,255,255,39
SAMPLE,1,RBR_67,ON_A,1,1,1326675,161.94,255,255,39
SAMPLE,1,RBR_67,ON_A,1,2,1319452,161.06,255,255,39
SAMPLE,1,RBR_67,ON_A,1,3,1324991,161.74,255,255,40
SAMPLE,1,RBR_67,ON_A,1,4,1329697,162.31,255,255,40
SAMPLE,1,RBR_67,ON_A,1,5,1322974,161.49,255,255,40
SAMPLE,1,RBR_67,ON_A,1,6,1321849,161.35,255,255,41
SAMPLE,1,RBR_67,ON_A,1,7,1322492,161.43,255,255,41
SAMPLE,1,RBR_67,ON_A,1,8,1325228,161.77,255,255,41
SAMPLE,1,RBR_67,ON_A,1,9,1330213,162.37,255,255,42
SAMPLE,1,RBR_67,ON_A,1,10,1319258,161.04,255,255,42
SAMPLE,1,RBR_67,ON_A,1,11,1320662,161.21,255,255,42
SAMPLE,1,RBR_67,ON_A,1,12,1323342,161.54,255,255,43
SAMPLE,1,RBR_67,ON_A,1,13,1321396,161.30,255,255,43
SAMPLE,1,RBR_67,ON_A,1,14,1329749,162.32,255,255,43
SAMPLE,1,RBR_67,ON_A,1,15,1327017,161.98,255,255,44
SAMPLE,1,RBR_67,ON_A,1,16,1328975,162.22,255,255,44
SAMPLE,1,RBR_67,ON_A,1,17,1326187,161.88,255,255,44
SAMPLE,1,RBR_67,ON_A,1,18,1325997,161.86,255,255,45
SAMPLE,1,RBR_67,ON_A,1,19,1324794,161.71,255,255,45
SAMPLE,1,RBR_67,ON_A,1,20,1333325,162.75,255,255,45
SAMPLE,1,RBR_67,ON_A,1,21,1324707,161.70,255,255,46
SAMPLE,1,RBR_67,ON_A,1,22,1328035,162.11,255,255,46
SAMPLE,1,RBR_67,ON_A,1,23,1323425,161.55,255,255,46
SAMPLE,1,RBR_67,ON_A,1,24,1334302,162.87,255,255,47
SAMPLE,1,RBR_67,OFF_B,0,0,1138678,138.99,255,255,48
SAMPLE,1,RBR_67,OFF_B,0,1,1130186,137.96,255,255,48
SAMPLE,1,RBR_67,OFF_B,0,2,1131043,138.06,255,255,48
SAMPLE,1,RBR_67,OFF_B,0,3,1130711,138.02,255,255,48
SAMPLE,1,RBR_67,OFF_B,0,4,1132407,138.23,255,255,49
SAMPLE,1,RBR_67,OFF_B,0,5,1130761,138.03,255,255,49
SAMPLE,1,RBR_67,OFF_B,0,6,1131965,138.17,255,255,49
SAMPLE,1,RBR_67,OFF_B,0,7,1150967,140.49,255,255,50
SAMPLE,1,RBR_67,OFF_B,0,8,1147178,140.03,255,255,50
SAMPLE,1,RBR_67,OFF_B,0,9,1145595,139.84,255,255,50
SAMPLE,1,RBR_67,OFF_B,0,10,1144958,139.76,255,255,50
SAMPLE,1,RBR_67,OFF_B,0,11,1223514,149.35,255,255,51
SAMPLE,1,RBR_67,OFF_B,0,12,1223718,149.37,255,255,51
SAMPLE,1,RBR_67,OFF_B,0,13,1225451,149.59,255,255,51
SAMPLE,1,RBR_67,OFF_B,0,14,1168865,142.68,255,255,52
SAMPLE,1,RBR_67,OFF_B,0,15,1174213,143.33,255,255,52
SAMPLE,1,RBR_67,OFF_B,0,16,1173233,143.21,255,255,52
SAMPLE,1,RBR_67,OFF_B,0,17,1171680,143.02,255,255,52
SAMPLE,1,RBR_67,OFF_B,0,18,1122039,136.96,255,255,53
SAMPLE,1,RBR_67,OFF_B,0,19,1122142,136.98,255,255,53
SAMPLE,1,RBR_67,OFF_B,0,20,1122344,137.00,255,255,53
SAMPLE,1,RBR_67,OFF_B,0,21,1144373,139.69,255,255,54
SAMPLE,1,RBR_67,OFF_B,0,22,1142770,139.49,255,255,54
SAMPLE,1,RBR_67,OFF_B,0,23,1143376,139.57,255,255,54
SAMPLE,1,RBR_67,OFF_B,0,24,1143331,139.56,255,255,54
SAMPLE,1,RBR_67,ON_B,1,0,1327631,162.06,255,255,55
SAMPLE,1,RBR_67,ON_B,1,1,1327467,162.04,255,255,55
SAMPLE,1,RBR_67,ON_B,1,2,1330117,162.36,255,255,55
SAMPLE,1,RBR_67,ON_B,1,3,1320223,161.16,255,255,56
SAMPLE,1,RBR_67,ON_B,1,4,1329447,162.28,255,255,56
SAMPLE,1,RBR_67,ON_B,1,5,1320802,161.23,255,255,56
SAMPLE,1,RBR_67,ON_B,1,6,1323966,161.61,255,255,57
SAMPLE,1,RBR_67,ON_B,1,7,1327205,162.01,255,255,57
SAMPLE,1,RBR_67,ON_B,1,8,1327369,162.03,255,255,57
SAMPLE,1,RBR_67,ON_B,1,9,1324329,161.66,255,255,58
SAMPLE,1,RBR_67,ON_B,1,10,1328620,162.18,255,255,58
SAMPLE,1,RBR_67,ON_B,1,11,1324923,161.73,255,255,58
SAMPLE,1,RBR_67,ON_B,1,12,1324405,161.67,255,255,59
SAMPLE,1,RBR_67,ON_B,1,13,1325297,161.77,255,255,59
SAMPLE,1,RBR_67,ON_B,1,14,1329382,162.27,255,255,59
SAMPLE,1,RBR_67,ON_B,1,15,1328222,162.13,255,255,60
SAMPLE,1,RBR_67,ON_B,1,16,1325586,161.81,255,255,60
SAMPLE,1,RBR_67,ON_B,1,17,1320887,161.24,255,255,60
SAMPLE,1,RBR_67,ON_B,1,18,1333258,162.75,255,255,61
SAMPLE,1,RBR_67,ON_B,1,19,1328664,162.19,255,255,61
SAMPLE,1,RBR_67,ON_B,1,20,1326103,161.87,255,255,61
SAMPLE,1,RBR_67,ON_B,1,21,1326375,161.91,255,255,62
SAMPLE,1,RBR_67,ON_B,1,22,1320972,161.25,255,255,62
SAMPLE,1,RBR_67,ON_B,1,23,1318983,161.00,255,255,62
SAMPLE,1,RBR_67,ON_B,1,24,1322766,161.47,255,255,63
SAMPLE,2,RBR_67,OFF_A,0,0,1169899,142.80,255,255,64
SAMPLE,2,RBR_67,OFF_A,0,1,1173994,143.30,255,255,64
SAMPLE,2,RBR_67,OFF_A,0,2,1173865,143.29,255,255,64
SAMPLE,2,RBR_67,OFF_A,0,3,1170887,142.93,255,255,64
SAMPLE,2,RBR_67,OFF_A,0,4,1182007,144.28,255,255,65
SAMPLE,2,RBR_67,OFF_A,0,5,1179742,144.01,255,255,65
SAMPLE,2,RBR_67,OFF_A,0,6,1182192,144.31,255,255,65
SAMPLE,2,RBR_67,OFF_A,0,7,1129902,137.92,255,255,66
SAMPLE,2,RBR_67,OFF_A,0,8,1130216,137.96,255,255,66
SAMPLE,2,RBR_67,OFF_A,0,9,1129882,137.92,255,255,66
SAMPLE,2,RBR_67,OFF_A,0,10,1131102,138.07,255,255,66
SAMPLE,2,RBR_67,OFF_A,0,11,1167315,142.49,255,255,67
SAMPLE,2,RBR_67,OFF_A,0,12,1172466,143.12,255,255,67
SAMPLE,2,RBR_67,OFF_A,0,13,1175188,143.45,255,255,67
SAMPLE,2,RBR_67,OFF_A,0,14,1122115,136.97,255,255,68
SAMPLE,2,RBR_67,OFF_A,0,15,1122354,137.00,255,255,68
SAMPLE,2,RBR_67,OFF_A,0,16,1121501,136.90,255,255,68
SAMPLE,2,RBR_67,OFF_A,0,17,1122757,137.05,255,255,68
SAMPLE,2,RBR_67,OFF_A,0,18,1129911,137.92,255,255,69
SAMPLE,2,RBR_67,OFF_A,0,19,1128780,137.79,255,255,69
SAMPLE,2,RBR_67,OFF_A,0,20,1131036,138.06,255,255,69
SAMPLE,2,RBR_67,OFF_A,0,21,1136466,138.72,255,255,70
SAMPLE,2,RBR_67,OFF_A,0,22,1135821,138.65,255,255,70
SAMPLE,2,RBR_67,OFF_A,0,23,1135601,138.62,255,255,70
SAMPLE,2,RBR_67,OFF_A,0,24,1136027,138.67,255,255,70
SAMPLE,2,RBR_67,ON_A,1,0,1327365,162.03,255,255,71
SAMPLE,2,RBR_67,ON_A,1,1,1323812,161.59,255,255,71
SAMPLE,2,RBR_67,ON_A,1,2,1326537,161.93,255,255,71
SAMPLE,2,RBR_67,ON_A,1,3,1321699,161.34,255,255,72
SAMPLE,2,RBR_67,ON_A,1,4,1324431,161.67,255,255,72
SAMPLE,2,RBR_67,ON_A,1,5,1329237,162.26,255,255,72
SAMPLE,2,RBR_67,ON_A,1,6,1324119,161.63,255,255,73
SAMPLE,2,RBR_67,ON_A,1,7,1322377,161.42,255,255,73
SAMPLE,2,RBR_67,ON_A,1,8,1325001,161.74,255,255,73
SAMPLE,2,RBR_67,ON_A,1,9,1324681,161.70,255,255,74
SAMPLE,2,RBR_67,ON_A,1,10,1324200,161.64,255,255,74
SAMPLE,2,RBR_67,ON_A,1,11,1329313,162.26,255,255,74
SAMPLE,2,RBR_67,ON_A,1,12,1323819,161.59,255,255,75
SAMPLE,2,RBR_67,ON_A,1,13,1321613,161.32,255,255,75
SAMPLE,2,RBR_67,ON_A,1,14,1326272,161.89,255,255,75
SAMPLE,2,RBR_67,ON_A,1,15,1324923,161.73,255,255,76
SAMPLE,2,RBR_67,ON_A,1,16,1322410,161.42,255,255,76
SAMPLE,2,RBR_67,ON_A,1,17,1326818,161.96,255,255,76
SAMPLE,2,RBR_67,ON_A,1,18,1324064,161.62,255,255,77
SAMPLE,2,RBR_67,ON_A,1,19,1331269,162.50,255,255,77
SAMPLE,2,RBR_67,ON_A,1,20,1323417,161.54,255,255,77
SAMPLE,2,RBR_67,ON_A,1,21,1328473,162.16,255,255,78
SAMPLE,2,RBR_67,ON_A,1,22,1329165,162.25,255,255,78
SAMPLE,2,RBR_67,ON_A,1,23,1323331,161.53,255,255,78
SAMPLE,2,RBR_67,ON_A,1,24,1330814,162.45,255,255,79
SAMPLE,2,RBR_67,OFF_B,0,0,1175752,143.52,255,255,80
SAMPLE,2,RBR_67,OFF_B,0,1,1172828,143.16,255,255,80
SAMPLE,2,RBR_67,OFF_B,0,2,1176026,143.55,255,255,80
SAMPLE,2,RBR_67,OFF_B,0,3,1176115,143.56,255,255,80
SAMPLE,2,RBR_67,OFF_B,0,4,1136776,138.76,255,255,81
SAMPLE,2,RBR_67,OFF_B,0,5,1139731,139.12,255,255,81
SAMPLE,2,RBR_67,OFF_B,0,6,1134341,138.46,255,255,81
SAMPLE,2,RBR_67,OFF_B,0,7,1125555,137.39,255,255,82
SAMPLE,2,RBR_67,OFF_B,0,8,1126902,137.56,255,255,82
SAMPLE,2,RBR_67,OFF_B,0,9,1127484,137.63,255,255,82
SAMPLE,2,RBR_67,OFF_B,0,10,1127489,137.63,255,255,82
SAMPLE,2,RBR_67,OFF_B,0,11,1129064,137.82,255,255,83
SAMPLE,2,RBR_67,OFF_B,0,12,1130050,137.94,255,255,83
SAMPLE,2,RBR_67,OFF_B,0,13,1129572,137.88,255,255,83
SAMPLE,2,RBR_67,OFF_B,0,14,1173840,143.29,255,255,84
SAMPLE,2,RBR_67,OFF_B,0,15,1172059,143.07,255,255,84
SAMPLE,2,RBR_67,OFF_B,0,16,1174160,143.33,255,255,84
SAMPLE,2,RBR_67,OFF_B,0,17,1171500,143.00,255,255,84
SAMPLE,2,RBR_67,OFF_B,0,18,1133049,138.31,255,255,85
SAMPLE,2,RBR_67,OFF_B,0,19,1133200,138.33,255,255,85
SAMPLE,2,RBR_67,OFF_B,0,20,1133351,138.34,255,255,85
SAMPLE,2,RBR_67,OFF_B,0,21,1231088,150.27,255,255,86
SAMPLE,2,RBR_67,OFF_B,0,22,1230667,150.22,255,255,86
SAMPLE,2,RBR_67,OFF_B,0,23,1229069,150.03,255,255,86
SAMPLE,2,RBR_67,OFF_B,0,24,1132250,138.21,255,255,87
SAMPLE,2,RBR_67,ON_B,1,0,1327898,162.09,255,255,88
SAMPLE,2,RBR_67,ON_B,1,1,1326320,161.90,255,255,88
SAMPLE,2,RBR_67,ON_B,1,2,1328630,162.18,255,255,88
SAMPLE,2,RBR_67,ON_B,1,3,1325787,161.83,255,255,89
SAMPLE,2,RBR_67,ON_B,1,4,1326747,161.95,255,255,89
SAMPLE,2,RBR_67,ON_B,1,5,1322788,161.47,255,255,89
SAMPLE,2,RBR_67,ON_B,1,6,1322287,161.41,255,255,90
SAMPLE,2,RBR_67,ON_B,1,7,1325662,161.82,255,255,90
SAMPLE,2,RBR_67,ON_B,1,8,1326559,161.93,255,255,90
SAMPLE,2,RBR_67,ON_B,1,9,1325610,161.81,255,255,91
SAMPLE,2,RBR_67,ON_B,1,10,1325745,161.83,255,255,91
SAMPLE,2,RBR_67,ON_B,1,11,1324330,161.66,255,255,91
SAMPLE,2,RBR_67,ON_B,1,12,1327049,161.99,255,255,92
SAMPLE,2,RBR_67,ON_B,1,13,1323568,161.56,255,255,92
SAMPLE,2,RBR_67,ON_B,1,14,1321219,161.28,255,255,92
SAMPLE,2,RBR_67,ON_B,1,15,1327575,162.05,255,255,93
SAMPLE,2,RBR_67,ON_B,1,16,1334945,162.95,255,255,93
SAMPLE,2,RBR_67,ON_B,1,17,1329557,162.29,255,255,93
SAMPLE,2,RBR_67,ON_B,1,18,1326891,161.97,255,255,94
SAMPLE,2,RBR_67,ON_B,1,19,1329654,162.31,255,255,94
SAMPLE,2,RBR_67,ON_B,1,20,1333013,162.72,255,255,94
SAMPLE,2,RBR_67,ON_B,1,21,1325203,161.76,255,255,95
SAMPLE,2,RBR_67,ON_B,1,22,1320714,161.21,255,255,95
SAMPLE,2,RBR_67,ON_B,1,23,1324599,161.69,255,255,95
SAMPLE,2,RBR_67,ON_B,1,24,1327156,162.00,255,255,96
MODE_END,RBR_67
MODE_BEGIN,RBR_80
SAMPLE,0,RBR_80,OFF_A,0,0,1252595,152.90,255,255,0
SAMPLE,0,RBR_80,OFF_A,0,1,1250437,152.64,255,255,0
SAMPLE,0,RBR_80,OFF_A,0,2,1249653,152.54,255,255,0
SAMPLE,0,RBR_80,OFF_A,0,3,1246266,152.13,255,255,1
SAMPLE,0,RBR_80,OFF_A,0,4,1247430,152.27,255,255,1
SAMPLE,0,RBR_80,OFF_A,0,5,1250804,152.68,255,255,1
SAMPLE,0,RBR_80,OFF_A,0,6,1251729,152.79,255,255,2
SAMPLE,0,RBR_80,OFF_A,0,7,1248315,152.38,255,255,2
SAMPLE,0,RBR_80,OFF_A,0,8,1251242,152.73,255,255,2
SAMPLE,0,RBR_80,OFF_A,0,9,1246679,152.18,255,255,3
SAMPLE,0,RBR_80,OFF_A,0,10,1250091,152.59,255,255,3
SAMPLE,0,RBR_80,OFF_A,0,11,1250052,152.59,255,255,3
SAMPLE,0,RBR_80,OFF_A,0,12,1245833,152.07,255,255,4
SAMPLE,0,RBR_80,OFF_A,0,13,1249428,152.51,255,255,4
SAMPLE,0,RBR_80,OFF_A,0,14,1247266,152.25,255,255,4
SAMPLE,0,RBR_80,OFF_A,0,15,1247696,152.30,255,255,5
SAMPLE,0,RBR_80,OFF_A,0,16,1251659,152.79,255,255,5
SAMPLE,0,RBR_80,OFF_A,0,17,1246603,152.17,255,255,5
SAMPLE,0,RBR_80,OFF_A,0,18,1250066,152.59,255,255,6
SAMPLE,0,RBR_80,OFF_A,0,19,1248718,152.43,255,255,6
SAMPLE,0,RBR_80,OFF_A,0,20,1249420,152.51,255,255,6
SAMPLE,0,RBR_80,OFF_A,0,21,1246337,152.14,255,255,7
SAMPLE,0,RBR_80,OFF_A,0,22,1251125,152.72,255,255,7
SAMPLE,0,RBR_80,OFF_A,0,23,1247635,152.29,255,255,7
SAMPLE,0,RBR_80,OFF_A,0,24,1248975,152.46,255,255,8
SAMPLE,0,RBR_80,ON_A,1,0,1487290,181.55,255,255,9
SAMPLE,0,RBR_80,ON_A,1,1,1484988,181.27,255,255,9
SAMPLE,0,RBR_80,ON_A,1,2,1485004,181.27,255,255,10
SAMPLE,0,RBR_80,ON_A,1,3,1483659,181.11,255,255,10
SAMPLE,0,RBR_80,ON_A,1,4,1488136,181.65,255,255,11
SAMPLE,0,RBR_80,ON_A,1,5,1486892,181.50,255,255,11
SAMPLE,0,RBR_80,ON_A,1,6,1484727,181.24,255,255,12
SAMPLE,0,RBR_80,ON_A,1,7,1484804,181.25,255,255,12
SAMPLE,0,RBR_80,ON_A,1,8,1485665,181.35,255,255,13
SAMPLE,0,RBR_80,ON_A,1,9,1490540,181.95,255,255,13
SAMPLE,0,RBR_80,ON_A,1,10,1485284,181.30,255,255,14
SAMPLE,0,RBR_80,ON_A,1,11,1491259,182.03,255,255,14
SAMPLE,0,RBR_80,ON_A,1,12,1489627,181.83,255,255,15
SAMPLE,0,RBR_80,ON_A,1,13,1482830,181.00,255,255,15
SAMPLE,0,RBR_80,ON_A,1,14,1489204,181.78,255,255,16
SAMPLE,0,RBR_80,ON_A,1,15,1485708,181.36,255,255,16
SAMPLE,0,RBR_80,ON_A,1,16,1488398,181.68,255,255,17
SAMPLE,0,RBR_80,ON_A,1,17,1482189,180.93,255,255,17
SAMPLE,0,RBR_80,ON_A,1,18,1485623,181.35,255,255,18
SAMPLE,0,RBR_80,ON_A,1,19,1486130,181.41,255,255,18
SAMPLE,0,RBR_80,ON_A,1,20,1489673,181.84,255,255,19
SAMPLE,0,RBR_80,ON_A,1,21,1483711,181.11,255,255,19
SAMPLE,0,RBR_80,ON_A,1,22,1485954,181.39,255,255,20
SAMPLE,0,RBR_80,ON_A,1,23,1492208,182.15,255,255,20
SAMPLE,0,RBR_80,ON_A,1,24,1487274,181.55,255,255,21
SAMPLE,0,RBR_80,OFF_B,0,0,1247361,152.26,255,255,22
SAMPLE,0,RBR_80,OFF_B,0,1,1247462,152.27,255,255,22

SAMPLE,0,RBR_80,OFF_B,0,2,1250186,152.61,255,255,22
SAMPLE,0,RBR_80,OFF_B,0,3,1250237,152.61,255,255,23
SAMPLE,0,RBR_80,OFF_B,0,4,1248018,152.34,255,255,23
SAMPLE,0,RBR_80,OFF_B,0,5,1246739,152.18,255,255,23
SAMPLE,0,RBR_80,OFF_B,0,6,1249936,152.58,255,255,24
SAMPLE,0,RBR_80,OFF_B,0,7,1250385,152.63,255,255,24
SAMPLE,0,RBR_80,OFF_B,0,8,1251934,152.82,255,255,24
SAMPLE,0,RBR_80,OFF_B,0,9,1245782,152.07,255,255,25
SAMPLE,0,RBR_80,OFF_B,0,10,1245857,152.08,255,255,25
SAMPLE,0,RBR_80,OFF_B,0,11,1251694,152.79,255,255,25
SAMPLE,0,RBR_80,OFF_B,0,12,1247999,152.34,255,255,26
SAMPLE,0,RBR_80,OFF_B,0,13,1249144,152.48,255,255,26
SAMPLE,0,RBR_80,OFF_B,0,14,1249340,152.50,255,255,26
SAMPLE,0,RBR_80,OFF_B,0,15,1247346,152.26,255,255,27
SAMPLE,0,RBR_80,OFF_B,0,16,1249134,152.48,255,255,27
SAMPLE,0,RBR_80,OFF_B,0,17,1251787,152.80,255,255,27
SAMPLE,0,RBR_80,OFF_B,0,18,1247129,152.23,255,255,28
SAMPLE,0,RBR_80,OFF_B,0,19,1244505,151.91,255,255,28
SAMPLE,0,RBR_80,OFF_B,0,20,1250853,152.69,255,255,28
SAMPLE,0,RBR_80,OFF_B,0,21,1250999,152.70,255,255,29
SAMPLE,0,RBR_80,OFF_B,0,22,1247002,152.22,255,255,29
SAMPLE,0,RBR_80,OFF_B,0,23,1250241,152.61,255,255,29
SAMPLE,0,RBR_80,OFF_B,0,24,1245919,152.08,255,255,30
SAMPLE,0,RBR_80,ON_B,1,0,1487274,181.55,255,255,31
SAMPLE,0,RBR_80,ON_B,1,1,1484996,181.27,255,255,31
SAMPLE,0,RBR_80,ON_B,1,2,1485965,181.39,255,255,32
SAMPLE,0,RBR_80,ON_B,1,3,1488290,181.67,255,255,32
SAMPLE,0,RBR_80,ON_B,1,4,1485888,181.38,255,255,33
SAMPLE,0,RBR_80,ON_B,1,5,1489479,181.82,255,255,33
SAMPLE,0,RBR_80,ON_B,1,6,1480777,180.75,255,255,34
SAMPLE,0,RBR_80,ON_B,1,7,1487686,181.60,255,255,34
SAMPLE,0,RBR_80,ON_B,1,8,1487288,181.55,255,255,35
SAMPLE,0,RBR_80,ON_B,1,9,1485586,181.34,255,255,35

SAMPLE,0,RBR_80,ON_B,1,10,1487778,181.61,255,255,36
SAMPLE,0,RBR_80,ON_B,1,11,1483563,181.09,255,255,36
SAMPLE,0,RBR_80,ON_B,1,12,1485531,181.33,255,255,37
SAMPLE,0,RBR_80,ON_B,1,13,1487005,181.51,255,255,37
SAMPLE,0,RBR_80,ON_B,1,14,1483659,181.11,255,255,38
SAMPLE,0,RBR_80,ON_B,1,15,1485136,181.29,255,255,38
SAMPLE,0,RBR_80,ON_B,1,16,1487789,181.61,255,255,39
SAMPLE,0,RBR_80,ON_B,1,17,1484205,181.17,255,255,39
SAMPLE,0,RBR_80,ON_B,1,18,1486312,181.43,255,255,40
SAMPLE,0,RBR_80,ON_B,1,19,1486074,181.40,255,255,40
SAMPLE,0,RBR_80,ON_B,1,20,1483911,181.14,255,255,41
SAMPLE,0,RBR_80,ON_B,1,21,1487268,181.55,255,255,41
SAMPLE,0,RBR_80,ON_B,1,22,1490819,181.98,255,255,42
SAMPLE,0,RBR_80,ON_B,1,23,1487162,181.53,255,255,42
SAMPLE,0,RBR_80,ON_B,1,24,1488809,181.73,255,255,43
SAMPLE,1,RBR_80,OFF_A,0,0,1250814,152.68,255,255,44
SAMPLE,1,RBR_80,OFF_A,0,1,1249921,152.57,255,255,44
SAMPLE,1,RBR_80,OFF_A,0,2,1249256,152.49,255,255,44
SAMPLE,1,RBR_80,OFF_A,0,3,1246408,152.14,255,255,45
SAMPLE,1,RBR_80,OFF_A,0,4,1249738,152.55,255,255,45
SAMPLE,1,RBR_80,OFF_A,0,5,1249737,152.55,255,255,45
SAMPLE,1,RBR_80,OFF_A,0,6,1246681,152.18,255,255,46
SAMPLE,1,RBR_80,OFF_A,0,7,1249936,152.58,255,255,46
SAMPLE,1,RBR_80,OFF_A,0,8,1251026,152.71,255,255,46
SAMPLE,1,RBR_80,OFF_A,0,9,1245108,151.99,255,255,47
SAMPLE,1,RBR_80,OFF_A,0,10,1250567,152.65,255,255,47
SAMPLE,1,RBR_80,OFF_A,0,11,1251332,152.75,255,255,47
SAMPLE,1,RBR_80,OFF_A,0,12,1250279,152.62,255,255,48
SAMPLE,1,RBR_80,OFF_A,0,13,1248266,152.37,255,255,48
SAMPLE,1,RBR_80,OFF_A,0,14,1248354,152.38,255,255,48

SAMPLE,1,RBR_80,OFF_A,0,15,1248654,152.42,255,255,49
SAMPLE,1,RBR_80,OFF_A,0,16,1250063,152.59,255,255,49
SAMPLE,1,RBR_80,OFF_A,0,17,1251612,152.78,255,255,49
SAMPLE,1,RBR_80,OFF_A,0,18,1250379,152.63,255,255,50
SAMPLE,1,RBR_80,OFF_A,0,19,1248328,152.38,255,255,50
SAMPLE,1,RBR_80,OFF_A,0,20,1248488,152.40,255,255,50
SAMPLE,1,RBR_80,OFF_A,0,21,1249520,152.52,255,255,51
SAMPLE,1,RBR_80,OFF_A,0,22,1249922,152.57,255,255,51
SAMPLE,1,RBR_80,OFF_A,0,23,1250411,152.63,255,255,51
SAMPLE,1,RBR_80,OFF_A,0,24,1248043,152.34,255,255,52
SAMPLE,1,RBR_80,ON_A,1,0,1486413,181.44,255,255,53
SAMPLE,1,RBR_80,ON_A,1,1,1487481,181.57,255,255,53
SAMPLE,1,RBR_80,ON_A,1,2,1487959,181.63,255,255,54
SAMPLE,1,RBR_80,ON_A,1,3,1489126,181.77,255,255,54
SAMPLE,1,RBR_80,ON_A,1,4,1486600,181.46,255,255,55
SAMPLE,1,RBR_80,ON_A,1,5,1484938,181.26,255,255,55
SAMPLE,1,RBR_80,ON_A,1,6,1489603,181.83,255,255,56
SAMPLE,1,RBR_80,ON_A,1,7,1488219,181.66,255,255,56
SAMPLE,1,RBR_80,ON_A,1,8,1485278,181.30,255,255,57
SAMPLE,1,RBR_80,ON_A,1,9,1492975,182.24,255,255,57
SAMPLE,1,RBR_80,ON_A,1,10,1492594,182.20,255,255,58
SAMPLE,1,RBR_80,ON_A,1,11,1488251,181.67,255,255,58
SAMPLE,1,RBR_80,ON_A,1,12,1488349,181.68,255,255,59
SAMPLE,1,RBR_80,ON_A,1,13,1484792,181.24,255,255,59
SAMPLE,1,RBR_80,ON_A,1,14,1487887,181.62,255,255,60
SAMPLE,1,RBR_80,ON_A,1,15,1487781,181.61,255,255,60
SAMPLE,1,RBR_80,ON_A,1,16,1486349,181.43,255,255,61
SAMPLE,1,RBR_80,ON_A,1,17,1484233,181.18,255,255,61
SAMPLE,1,RBR_80,ON_A,1,18,1484323,181.19,255,255,62
SAMPLE,1,RBR_80,ON_A,1,19,1480214,180.69,255,255,62
SAMPLE,1,RBR_80,ON_A,1,20,1485953,181.39,255,255,63
SAMPLE,1,RBR_80,ON_A,1,21,1490232,181.91,255,255,63
SAMPLE,1,RBR_80,ON_A,1,22,1486082,181.40,255,255,64
SAMPLE,1,RBR_80,ON_A,1,23,1487231,181.54,255,255,64
SAMPLE,1,RBR_80,ON_A,1,24,1485894,181.38,255,255,65
SAMPLE,1,RBR_80,OFF_B,0,0,1247839,152.32,255,255,66
SAMPLE,1,RBR_80,OFF_B,0,1,1251021,152.71,255,255,66
SAMPLE,1,RBR_80,OFF_B,0,2,1253615,153.02,255,255,66
SAMPLE,1,RBR_80,OFF_B,0,3,1250665,152.66,255,255,67
SAMPLE,1,RBR_80,OFF_B,0,4,1248126,152.35,255,255,67
SAMPLE,1,RBR_80,OFF_B,0,5,1251949,152.82,255,255,67
SAMPLE,1,RBR_80,OFF_B,0,6,1248441,152.39,255,255,68
SAMPLE,1,RBR_80,OFF_B,0,7,1247213,152.24,255,255,68
SAMPLE,1,RBR_80,OFF_B,0,8,1249546,152.53,255,255,68
SAMPLE,1,RBR_80,OFF_B,0,9,1245109,151.99,255,255,69
SAMPLE,1,RBR_80,OFF_B,0,10,1250947,152.70,255,255,69
SAMPLE,1,RBR_80,OFF_B,0,11,1246042,152.10,255,255,69
SAMPLE,1,RBR_80,OFF_B,0,12,1249089,152.47,255,255,70
SAMPLE,1,RBR_80,OFF_B,0,13,1249312,152.50,255,255,70
SAMPLE,1,RBR_80,OFF_B,0,14,1245261,152.00,255,255,70
SAMPLE,1,RBR_80,OFF_B,0,15,1247252,152.25,255,255,71
SAMPLE,1,RBR_80,OFF_B,0,16,1248568,152.41,255,255,71
SAMPLE,1,RBR_80,OFF_B,0,17,1248912,152.45,255,255,71
SAMPLE,1,RBR_80,OFF_B,0,18,1246367,152.14,255,255,72
SAMPLE,1,RBR_80,OFF_B,0,19,1247178,152.24,255,255,72
SAMPLE,1,RBR_80,OFF_B,0,20,1247525,152.28,255,255,72
SAMPLE,1,RBR_80,OFF_B,0,21,1249503,152.52,255,255,73
SAMPLE,1,RBR_80,OFF_B,0,22,1248640,152.42,255,255,73
SAMPLE,1,RBR_80,OFF_B,0,23,1248075,152.35,255,255,73
SAMPLE,1,RBR_80,OFF_B,0,24,1247718,152.30,255,255,74
SAMPLE,1,RBR_80,ON_B,1,0,1489510,181.82,255,255,75
SAMPLE,1,RBR_80,ON_B,1,1,1487156,181.53,255,255,75
SAMPLE,1,RBR_80,ON_B,1,2,1482127,180.92,255,255,76
SAMPLE,1,RBR_80,ON_B,1,3,1486046,181.40,255,255,76
SAMPLE,1,RBR_80,ON_B,1,4,1482896,181.01,255,255,77
SAMPLE,1,RBR_80,ON_B,1,5,1487806,181.61,255,255,77
SAMPLE,1,RBR_80,ON_B,1,6,1486073,181.40,255,255,78
SAMPLE,1,RBR_80,ON_B,1,7,1490301,181.92,255,255,78
SAMPLE,1,RBR_80,ON_B,1,8,1486045,181.40,255,255,79
SAMPLE,1,RBR_80,ON_B,1,9,1488454,181.69,255,255,79
SAMPLE,1,RBR_80,ON_B,1,10,1492675,182.21,255,255,80
SAMPLE,1,RBR_80,ON_B,1,11,1493100,182.26,255,255,80
SAMPLE,1,RBR_80,ON_B,1,12,1485537,181.33,255,255,81
SAMPLE,1,RBR_80,ON_B,1,13,1488470,181.69,255,255,81
SAMPLE,1,RBR_80,ON_B,1,14,1487361,181.56,255,255,82
SAMPLE,1,RBR_80,ON_B,1,15,1491650,182.08,255,255,82
SAMPLE,1,RBR_80,ON_B,1,16,1486921,181.50,255,255,83
SAMPLE,1,RBR_80,ON_B,1,17,1485294,181.31,255,255,83
SAMPLE,1,RBR_80,ON_B,1,18,1493279,182.28,255,255,84
SAMPLE,1,RBR_80,ON_B,1,19,1489825,181.86,255,255,84
SAMPLE,1,RBR_80,ON_B,1,20,1488483,181.69,255,255,85
SAMPLE,1,RBR_80,ON_B,1,21,1484382,181.19,255,255,85
SAMPLE,1,RBR_80,ON_B,1,22,1488110,181.65,255,255,86
SAMPLE,1,RBR_80,ON_B,1,23,1486461,181.45,255,255,86
SAMPLE,1,RBR_80,ON_B,1,24,1487771,181.61,255,255,87
SAMPLE,2,RBR_80,OFF_A,0,0,1249427,152.51,255,255,88
SAMPLE,2,RBR_80,OFF_A,0,1,1250156,152.60,255,255,88
SAMPLE,2,RBR_80,OFF_A,0,2,1250596,152.66,255,255,88
SAMPLE,2,RBR_80,OFF_A,0,3,1248955,152.46,255,255,89
SAMPLE,2,RBR_80,OFF_A,0,4,1248012,152.34,255,255,89
SAMPLE,2,RBR_80,OFF_A,0,5,1249147,152.48,255,255,89
SAMPLE,2,RBR_80,OFF_A,0,6,1250927,152.70,255,255,90
SAMPLE,2,RBR_80,OFF_A,0,7,1249636,152.54,255,255,90
SAMPLE,2,RBR_80,OFF_A,0,8,1245825,152.07,255,255,90
SAMPLE,2,RBR_80,OFF_A,0,9,1248036,152.34,255,255,91
SAMPLE,2,RBR_80,OFF_A,0,10,1251925,152.82,255,255,91
SAMPLE,2,RBR_80,OFF_A,0,11,1249924,152.57,255,255,91
SAMPLE,2,RBR_80,OFF_A,0,12,1250588,152.65,255,255,92
SAMPLE,2,RBR_80,OFF_A,0,13,1248609,152.41,255,255,92
SAMPLE,2,RBR_80,OFF_A,0,14,1249649,152.54,255,255,92
SAMPLE,2,RBR_80,OFF_A,0,15,1248347,152.38,255,255,93
SAMPLE,2,RBR_80,OFF_A,0,16,1247673,152.30,255,255,93
SAMPLE,2,RBR_80,OFF_A,0,17,1248541,152.40,255,255,93
SAMPLE,2,RBR_80,OFF_A,0,18,1246722,152.18,255,255,94
SAMPLE,2,RBR_80,OFF_A,0,19,1250428,152.64,255,255,94
SAMPLE,2,RBR_80,OFF_A,0,20,1249164,152.48,255,255,94
SAMPLE,2,RBR_80,OFF_A,0,21,1247051,152.22,255,255,95
SAMPLE,2,RBR_80,OFF_A,0,22,1245489,152.03,255,255,95
SAMPLE,2,RBR_80,OFF_A,0,23,1250587,152.65,255,255,95
SAMPLE,2,RBR_80,OFF_A,0,24,1248276,152.37,255,255,96
SAMPLE,2,RBR_80,ON_A,1,0,1486952,181.51,255,255,97
SAMPLE,2,RBR_80,ON_A,1,1,1481552,180.85,255,255,97
SAMPLE,2,RBR_80,ON_A,1,2,1486043,181.40,255,255,98
SAMPLE,2,RBR_80,ON_A,1,3,1489999,181.88,255,255,98
SAMPLE,2,RBR_80,ON_A,1,4,1490424,181.93,255,255,99
SAMPLE,2,RBR_80,ON_A,1,5,1485439,181.32,255,255,99
SAMPLE,2,RBR_80,ON_A,1,6,1487323,181.55,255,255,100
SAMPLE,2,RBR_80,ON_A,1,7,1488733,181.73,255,255,100
SAMPLE,2,RBR_80,ON_A,1,8,1489465,181.81,255,255,101
SAMPLE,2,RBR_80,ON_A,1,9,1482958,181.02,255,255,101
SAMPLE,2,RBR_80,ON_A,1,10,1489228,181.79,255,255,102
SAMPLE,2,RBR_80,ON_A,1,11,1485714,181.36,255,255,102
SAMPLE,2,RBR_80,ON_A,1,12,1486210,181.42,255,255,103
SAMPLE,2,RBR_80,ON_A,1,13,1490806,181.98,255,255,103
SAMPLE,2,RBR_80,ON_A,1,14,1489062,181.77,255,255,104
SAMPLE,2,RBR_80,ON_A,1,15,1491946,182.12,255,255,104
SAMPLE,2,RBR_80,ON_A,1,16,1485170,181.29,255,255,105
SAMPLE,2,RBR_80,ON_A,1,17,1491038,182.01,255,255,105
SAMPLE,2,RBR_80,ON_A,1,18,1485875,181.38,255,255,106
SAMPLE,2,RBR_80,ON_A,1,19,1487724,181.60,255,255,106
SAMPLE,2,RBR_80,ON_A,1,20,1487285,181.55,255,255,107
SAMPLE,2,RBR_80,ON_A,1,21,1486802,181.49,255,255,107
SAMPLE,2,RBR_80,ON_A,1,22,1489257,181.79,255,255,108
SAMPLE,2,RBR_80,ON_A,1,23,1493557,182.31,255,255,108
SAMPLE,2,RBR_80,ON_A,1,24,1484271,181.18,255,255,109
SAMPLE,2,RBR_80,OFF_B,0,0,1248285,152.37,255,255,110
SAMPLE,2,RBR_80,OFF_B,0,1,1249754,152.55,255,255,110
SAMPLE,2,RBR_80,OFF_B,0,2,1249849,152.56,255,255,110
SAMPLE,2,RBR_80,OFF_B,0,3,1249460,152.52,255,255,111
SAMPLE,2,RBR_80,OFF_B,0,4,1245852,152.08,255,255,111
SAMPLE,2,RBR_80,OFF_B,0,5,1245776,152.07,255,255,111
SAMPLE,2,RBR_80,OFF_B,0,6,1246439,152.15,255,255,112
SAMPLE,2,RBR_80,OFF_B,0,7,1249782,152.56,255,255,112
SAMPLE,2,RBR_80,OFF_B,0,8,1249515,152.52,255,255,112
SAMPLE,2,RBR_80,OFF_B,0,9,1247942,152.33,255,255,113
SAMPLE,2,RBR_80,OFF_B,0,10,1248184,152.36,255,255,113
SAMPLE,2,RBR_80,OFF_B,0,11,1248611,152.41,255,255,113
SAMPLE,2,RBR_80,OFF_B,0,12,1249223,152.49,255,255,114
SAMPLE,2,RBR_80,OFF_B,0,13,1248809,152.44,255,255,114
SAMPLE,2,RBR_80,OFF_B,0,14,1249434,152.51,255,255,114
SAMPLE,2,RBR_80,OFF_B,0,15,1251639,152.78,255,255,115
SAMPLE,2,RBR_80,OFF_B,0,16,1249335,152.50,255,255,115
SAMPLE,2,RBR_80,OFF_B,0,17,1244135,151.87,255,255,115
SAMPLE,2,RBR_80,OFF_B,0,18,1248459,152.39,255,255,116
SAMPLE,2,RBR_80,OFF_B,0,19,1247254,152.25,255,255,116
SAMPLE,2,RBR_80,OFF_B,0,20,1246930,152.21,255,255,116
SAMPLE,2,RBR_80,OFF_B,0,21,1251312,152.74,255,255,117
SAMPLE,2,RBR_80,OFF_B,0,22,1248911,152.45,255,255,117
SAMPLE,2,RBR_80,OFF_B,0,23,1243535,151.79,255,255,117
SAMPLE,2,RBR_80,OFF_B,0,24,1246801,152.19,255,255,118
SAMPLE,2,RBR_80,ON_B,1,0,1490490,181.94,255,255,119
SAMPLE,2,RBR_80,ON_B,1,1,1484667,181.23,255,255,119
SAMPLE,2,RBR_80,ON_B,1,2,1484076,181.16,255,255,120
SAMPLE,2,RBR_80,ON_B,1,3,1490507,181.94,255,255,120
SAMPLE,2,RBR_80,ON_B,1,4,1485462,181.33,255,255,121
SAMPLE,2,RBR_80,ON_B,1,5,1491075,182.01,255,255,121
SAMPLE,2,RBR_80,ON_B,1,6,1484329,181.19,255,255,122
SAMPLE,2,RBR_80,ON_B,1,7,1492265,182.16,255,255,122
SAMPLE,2,RBR_80,ON_B,1,8,1489113,181.77,255,255,123
SAMPLE,2,RBR_80,ON_B,1,9,1486660,181.47,255,255,123
SAMPLE,2,RBR_80,ON_B,1,10,1490130,181.90,255,255,124
SAMPLE,2,RBR_80,ON_B,1,11,1483988,181.15,255,255,124
SAMPLE,2,RBR_80,ON_B,1,12,1488987,181.76,255,255,125
SAMPLE,2,RBR_80,ON_B,1,13,1486114,181.41,255,255,125
SAMPLE,2,RBR_80,ON_B,1,14,1487488,181.57,255,255,126
SAMPLE,2,RBR_80,ON_B,1,15,1485747,181.36,255,255,126
SAMPLE,2,RBR_80,ON_B,1,16,1481509,180.84,255,255,127
SAMPLE,2,RBR_80,ON_B,1,17,1485910,181.38,255,255,127
SAMPLE,2,RBR_80,ON_B,1,18,1484464,181.20,255,255,128
SAMPLE,2,RBR_80,ON_B,1,19,1487257,181.54,255,255,128
SAMPLE,2,RBR_80,ON_B,1,20,1488012,181.64,255,255,129
SAMPLE,2,RBR_80,ON_B,1,21,1486893,181.50,255,255,129
SAMPLE,2,RBR_80,ON_B,1,22,1487404,181.56,255,255,130
SAMPLE,2,RBR_80,ON_B,1,23,1487125,181.53,255,255,130
SAMPLE,2,RBR_80,ON_B,1,24,1490110,181.89,255,255,131
MODE_END,RBR_80
MODE_BEGIN,BURST_ADAPT
SAMPLE,0,BURST_ADAPT,OFF_A,0,0,999472,122.00,1,1,0
SAMPLE,0,BURST_ADAPT,OFF_A,0,1,998901,121.93,1,1,0
SAMPLE,0,BURST_ADAPT,OFF_A,0,2,999389,121.99,1,2,0
SAMPLE,0,BURST_ADAPT,OFF_A,0,3,1161891,141.83,2,2,0
SAMPLE,0,BURST_ADAPT,OFF_A,0,4,1164422,142.14,2,2,1
SAMPLE,0,BURST_ADAPT,OFF_A,0,5,1161354,141.76,2,2,1
SAMPLE,0,BURST_ADAPT,OFF_A,0,6,1161414,141.77,2,2,1
SAMPLE,0,BURST_ADAPT,OFF_A,0,7,1162236,141.87,2,2,2
SAMPLE,0,BURST_ADAPT,OFF_A,0,8,1161417,141.77,2,2,2
SAMPLE,0,BURST_ADAPT,OFF_A,0,9,1161020,141.72,2,2,2
SAMPLE,0,BURST_ADAPT,OFF_A,0,10,1163988,142.08,2,2,3
SAMPLE,0,BURST_ADAPT,OFF_A,0,11,1160993,141.72,2,2,3
SAMPLE,0,BURST_ADAPT,OFF_A,0,12,1162704,141.93,2,2,3
SAMPLE,0,BURST_ADAPT,OFF_A,0,13,1162555,141.91,2,2,4
SAMPLE,0,BURST_ADAPT,OFF_A,0,14,1160661,141.68,2,2,4
SAMPLE,0,BURST_ADAPT,OFF_A,0,15,1161567,141.79,2,2,4
SAMPLE,0,BURST_ADAPT,OFF_A,0,16,1161808,141.82,2,2,5
SAMPLE,0,BURST_ADAPT,OFF_A,0,17,1160668,141.68,2,2,5
SAMPLE,0,BURST_ADAPT,OFF_A,0,18,1164218,142.11,2,2,5
SAMPLE,0,BURST_ADAPT,OFF_A,0,19,1158292,141.39,2,2,6
SAMPLE,0,BURST_ADAPT,OFF_A,0,20,1162916,141.95,2,2,6
SAMPLE,0,BURST_ADAPT,OFF_A,0,21,1165585,142.28,2,2,6
SAMPLE,0,BURST_ADAPT,OFF_A,0,22,1162737,141.93,2,2,7
SAMPLE,0,BURST_ADAPT,OFF_A,0,23,1163833,142.06,2,2,7
SAMPLE,0,BURST_ADAPT,OFF_A,0,24,1159761,141.57,2,2,7
SAMPLE,0,BURST_ADAPT,ON_A,1,0,1296055,158.20,2,2,8
SAMPLE,0,BURST_ADAPT,ON_A,1,1,1293926,157.94,2,1,8
SAMPLE,0,BURST_ADAPT,ON_A,1,2,1039891,126.93,1,1,8
SAMPLE,0,BURST_ADAPT,ON_A,1,3,1039626,126.90,1,1,8
SAMPLE,0,BURST_ADAPT,ON_A,1,4,1039779,126.92,1,1,9
SAMPLE,0,BURST_ADAPT,ON_A,1,5,1045178,127.58,1,1,9
SAMPLE,0,BURST_ADAPT,ON_A,1,6,1042292,127.23,1,1,9
SAMPLE,0,BURST_ADAPT,ON_A,1,7,1042168,127.21,1,1,9
SAMPLE,0,BURST_ADAPT,ON_A,1,8,1040496,127.01,1,2,9
SAMPLE,0,BURST_ADAPT,ON_A,1,9,1292756,157.80,2,2,10
SAMPLE,0,BURST_ADAPT,ON_A,1,10,1294149,157.97,2,2,10
SAMPLE,0,BURST_ADAPT,ON_A,1,11,1295644,158.15,2,2,10
SAMPLE,0,BURST_ADAPT,ON_A,1,12,1297049,158.33,2,2,11
SAMPLE,0,BURST_ADAPT,ON_A,1,13,1295301,158.11,2,2,11
SAMPLE,0,BURST_ADAPT,ON_A,1,14,1296279,158.23,2,1,11
SAMPLE,0,BURST_ADAPT,ON_A,1,15,1039350,126.87,1,1,11
SAMPLE,0,BURST_ADAPT,ON_A,1,16,1044233,127.46,1,1,12
SAMPLE,0,BURST_ADAPT,ON_A,1,17,1041481,127.13,1,1,12
SAMPLE,0,BURST_ADAPT,ON_A,1,18,1043640,127.39,1,1,12
SAMPLE,0,BURST_ADAPT,ON_A,1,19,1043888,127.42,1,1,12
SAMPLE,0,BURST_ADAPT,ON_A,1,20,1044265,127.47,1,1,12
SAMPLE,0,BURST_ADAPT,ON_A,1,21,1040630,127.03,1,2,13
SAMPLE,0,BURST_ADAPT,ON_A,1,22,1298383,158.49,2,2,13
SAMPLE,0,BURST_ADAPT,ON_A,1,23,1296367,158.24,2,2,13
SAMPLE,0,BURST_ADAPT,ON_A,1,24,1297396,158.37,2,2,13
SAMPLE,0,BURST_ADAPT,OFF_B,0,0,1162186,141.86,2,2,14
SAMPLE,0,BURST_ADAPT,OFF_B,0,1,1163117,141.98,2,2,14
SAMPLE,0,BURST_ADAPT,OFF_B,0,2,1162922,141.95,2,2,14
SAMPLE,0,BURST_ADAPT,OFF_B,0,3,1161028,141.72,2,2,15
SAMPLE,0,BURST_ADAPT,OFF_B,0,4,1161034,141.72,2,2,15
SAMPLE,0,BURST_ADAPT,OFF_B,0,5,1164110,142.10,2,2,15
SAMPLE,0,BURST_ADAPT,OFF_B,0,6,1162664,141.92,2,2,16
SAMPLE,0,BURST_ADAPT,OFF_B,0,7,1160377,141.64,2,2,16
SAMPLE,0,BURST_ADAPT,OFF_B,0,8,1163906,142.07,2,2,16
SAMPLE,0,BURST_ADAPT,OFF_B,0,9,1160471,141.65,2,2,17
SAMPLE,0,BURST_ADAPT,OFF_B,0,10,1165082,142.22,2,2,17
SAMPLE,0,BURST_ADAPT,OFF_B,0,11,1162099,141.85,2,2,17
SAMPLE,0,BURST_ADAPT,OFF_B,0,12,1162252,141.87,2,2,18
SAMPLE,0,BURST_ADAPT,OFF_B,0,13,1164394,142.13,2,2,18
SAMPLE,0,BURST_ADAPT,OFF_B,0,14,1164494,142.15,2,2,18
SAMPLE,0,BURST_ADAPT,OFF_B,0,15,1164277,142.12,2,2,19
SAMPLE,0,BURST_ADAPT,OFF_B,0,16,1162502,141.90,2,2,19
SAMPLE,0,BURST_ADAPT,OFF_B,0,17,1159683,141.56,2,2,19
SAMPLE,0,BURST_ADAPT,OFF_B,0,18,1164155,142.10,2,2,20
SAMPLE,0,BURST_ADAPT,OFF_B,0,19,1165059,142.21,2,2,20
SAMPLE,0,BURST_ADAPT,OFF_B,0,20,1162914,141.95,2,2,20
SAMPLE,0,BURST_ADAPT,OFF_B,0,21,1162558,141.91,2,2,21
SAMPLE,0,BURST_ADAPT,OFF_B,0,22,1161315,141.76,2,2,21
SAMPLE,0,BURST_ADAPT,OFF_B,0,23,1164016,142.09,2,2,21
SAMPLE,0,BURST_ADAPT,OFF_B,0,24,1166132,142.35,2,2,22
SAMPLE,0,BURST_ADAPT,ON_B,1,0,1295504,158.14,2,2,23
SAMPLE,0,BURST_ADAPT,ON_B,1,1,1296289,158.23,2,1,23
SAMPLE,0,BURST_ADAPT,ON_B,1,2,1039801,126.92,1,1,23
SAMPLE,0,BURST_ADAPT,ON_B,1,3,1043048,127.32,1,1,23
SAMPLE,0,BURST_ADAPT,ON_B,1,4,1041938,127.18,1,1,24
SAMPLE,0,BURST_ADAPT,ON_B,1,5,1040041,126.95,1,1,24
SAMPLE,0,BURST_ADAPT,ON_B,1,6,1036622,126.54,1,1,24
SAMPLE,0,BURST_ADAPT,ON_B,1,7,1036809,126.56,1,1,24
SAMPLE,0,BURST_ADAPT,ON_B,1,8,1037208,126.61,1,2,24
SAMPLE,0,BURST_ADAPT,ON_B,1,9,1297509,158.38,2,2,25
SAMPLE,0,BURST_ADAPT,ON_B,1,10,1296924,158.31,2,2,25
SAMPLE,0,BURST_ADAPT,ON_B,1,11,1295685,158.16,2,2,25
SAMPLE,0,BURST_ADAPT,ON_B,1,12,1297747,158.41,2,2,26
SAMPLE,0,BURST_ADAPT,ON_B,1,13,1293864,157.94,2,2,26
SAMPLE,0,BURST_ADAPT,ON_B,1,14,1299054,158.57,2,1,26
SAMPLE,0,BURST_ADAPT,ON_B,1,15,1036658,126.54,1,1,26
SAMPLE,0,BURST_ADAPT,ON_B,1,16,1038685,126.79,1,1,27
SAMPLE,0,BURST_ADAPT,ON_B,1,17,1039508,126.89,1,1,27
SAMPLE,0,BURST_ADAPT,ON_B,1,18,1041461,127.13,1,1,27
SAMPLE,0,BURST_ADAPT,ON_B,1,19,1044090,127.45,1,1,27
SAMPLE,0,BURST_ADAPT,ON_B,1,20,1044500,127.50,1,1,27
SAMPLE,0,BURST_ADAPT,ON_B,1,21,1045124,127.57,1,2,28
SAMPLE,0,BURST_ADAPT,ON_B,1,22,1299926,158.68,2,2,28
SAMPLE,0,BURST_ADAPT,ON_B,1,23,1297544,158.39,2,2,28
SAMPLE,0,BURST_ADAPT,ON_B,1,24,1299840,158.67,2,2,28
SAMPLE,1,BURST_ADAPT,OFF_A,0,0,999299,121.98,1,1,29
SAMPLE,1,BURST_ADAPT,OFF_A,0,1,999763,122.04,1,1,29
SAMPLE,1,BURST_ADAPT,OFF_A,0,2,999660,122.02,1,2,29
SAMPLE,1,BURST_ADAPT,OFF_A,0,3,1163175,141.98,2,2,29
SAMPLE,1,BURST_ADAPT,OFF_A,0,4,1164699,142.17,2,2,30
SAMPLE,1,BURST_ADAPT,OFF_A,0,5,1162386,141.89,2,2,30
SAMPLE,1,BURST_ADAPT,OFF_A,0,6,1164416,142.14,2,2,30
SAMPLE,1,BURST_ADAPT,OFF_A,0,7,1163526,142.03,2,2,31
SAMPLE,1,BURST_ADAPT,OFF_A,0,8,1163787,142.06,2,2,31
SAMPLE,1,BURST_ADAPT,OFF_A,0,9,1164559,142.15,2,2,31
SAMPLE,1,BURST_ADAPT,OFF_A,0,10,1163069,141.97,2,2,32
SAMPLE,1,BURST_ADAPT,OFF_A,0,11,1164516,142.15,2,2,32
SAMPLE,1,BURST_ADAPT,OFF_A,0,12,1165557,142.27,2,2,32
SAMPLE,1,BURST_ADAPT,OFF_A,0,13,1163846,142.07,2,2,33
SAMPLE,1,BURST_ADAPT,OFF_A,0,14,1162279,141.87,2,2,33
SAMPLE,1,BURST_ADAPT,OFF_A,0,15,1162296,141.88,2,2,33
SAMPLE,1,BURST_ADAPT,OFF_A,0,16,1161162,141.74,2,2,34
SAMPLE,1,BURST_ADAPT,OFF_A,0,17,1166133,142.35,2,2,34
SAMPLE,1,BURST_ADAPT,OFF_A,0,18,1163038,141.97,2,2,34
SAMPLE,1,BURST_ADAPT,OFF_A,0,19,1160376,141.64,2,2,35
SAMPLE,1,BURST_ADAPT,OFF_A,0,20,1164819,142.18,2,2,35
SAMPLE,1,BURST_ADAPT,OFF_A,0,21,1163065,141.97,2,2,35
SAMPLE,1,BURST_ADAPT,OFF_A,0,22,1160712,141.68,2,2,36
SAMPLE,1,BURST_ADAPT,OFF_A,0,23,1162500,141.90,2,2,36
SAMPLE,1,BURST_ADAPT,OFF_A,0,24,1162610,141.92,2,2,36
SAMPLE,1,BURST_ADAPT,ON_A,1,0,1292923,157.82,2,2,37
SAMPLE,1,BURST_ADAPT,ON_A,1,1,1295177,158.10,2,1,37
SAMPLE,1,BURST_ADAPT,ON_A,1,2,1041004,127.07,1,1,37
SAMPLE,1,BURST_ADAPT,ON_A,1,3,1041538,127.14,1,1,37
SAMPLE,1,BURST_ADAPT,ON_A,1,4,1039305,126.86,1,1,38
SAMPLE,1,BURST_ADAPT,ON_A,1,5,1039533,126.89,1,1,38
SAMPLE,1,BURST_ADAPT,ON_A,1,6,1041239,127.10,1,1,38
SAMPLE,1,BURST_ADAPT,ON_A,1,7,1039575,126.90,1,1,38
SAMPLE,1,BURST_ADAPT,ON_A,1,8,1042830,127.29,1,2,38
SAMPLE,1,BURST_ADAPT,ON_A,1,9,1296280,158.23,2,2,39
SAMPLE,1,BURST_ADAPT,ON_A,1,10,1294055,157.96,2,2,39
SAMPLE,1,BURST_ADAPT,ON_A,1,11,1296132,158.21,2,2,39
SAMPLE,1,BURST_ADAPT,ON_A,1,12,1296197,158.22,2,2,40
SAMPLE,1,BURST_ADAPT,ON_A,1,13,1295456,158.13,2,2,40
SAMPLE,1,BURST_ADAPT,ON_A,1,14,1298692,158.53,2,1,40
SAMPLE,1,BURST_ADAPT,ON_A,1,15,1037803,126.68,1,1,40
SAMPLE,1,BURST_ADAPT,ON_A,1,16,1039591,126.90,1,1,41
SAMPLE,1,BURST_ADAPT,ON_A,1,17,1038606,126.78,1,1,41
SAMPLE,1,BURST_ADAPT,ON_A,1,18,1041294,127.11,1,1,41
SAMPLE,1,BURST_ADAPT,ON_A,1,19,1042893,127.30,1,1,41
SAMPLE,1,BURST_ADAPT,ON_A,1,20,1040297,126.98,1,1,41
SAMPLE,1,BURST_ADAPT,ON_A,1,21,1044578,127.51,1,2,42
SAMPLE,1,BURST_ADAPT,ON_A,1,22,1297789,158.42,2,2,42
SAMPLE,1,BURST_ADAPT,ON_A,1,23,1296548,158.27,2,2,42
SAMPLE,1,BURST_ADAPT,ON_A,1,24,1297541,158.39,2,2,42
SAMPLE,1,BURST_ADAPT,OFF_B,0,0,1166678,142.41,2,2,43
SAMPLE,1,BURST_ADAPT,OFF_B,0,1,1164049,142.09,2,2,43
SAMPLE,1,BURST_ADAPT,OFF_B,0,2,1161111,141.73,2,2,43
SAMPLE,1,BURST_ADAPT,OFF_B,0,3,1164983,142.20,2,2,44
SAMPLE,1,BURST_ADAPT,OFF_B,0,4,1163967,142.08,2,2,44
SAMPLE,1,BURST_ADAPT,OFF_B,0,5,1163646,142.04,2,2,44
SAMPLE,1,BURST_ADAPT,OFF_B,0,6,1166935,142.44,2,2,45
SAMPLE,1,BURST_ADAPT,OFF_B,0,7,1164349,142.13,2,2,45
SAMPLE,1,BURST_ADAPT,OFF_B,0,8,1164174,142.11,2,2,45
SAMPLE,1,BURST_ADAPT,OFF_B,0,9,1163012,141.96,2,2,46
SAMPLE,1,BURST_ADAPT,OFF_B,0,10,1162384,141.89,2,2,46
SAMPLE,1,BURST_ADAPT,OFF_B,0,11,1165183,142.23,2,2,46
SAMPLE,1,BURST_ADAPT,OFF_B,0,12,1162793,141.94,2,2,47
SAMPLE,1,BURST_ADAPT,OFF_B,0,13,1164408,142.13,2,2,47
SAMPLE,1,BURST_ADAPT,OFF_B,0,14,1162286,141.88,2,2,47
SAMPLE,1,BURST_ADAPT,OFF_B,0,15,1161345,141.76,2,2,48
SAMPLE,1,BURST_ADAPT,OFF_B,0,16,1164660,142.17,2,2,48
SAMPLE,1,BURST_ADAPT,OFF_B,0,17,1161543,141.78,2,2,48
SAMPLE,1,BURST_ADAPT,OFF_B,0,18,1162150,141.86,2,2,49
SAMPLE,1,BURST_ADAPT,OFF_B,0,19,1162749,141.93,2,2,49
SAMPLE,1,BURST_ADAPT,OFF_B,0,20,1162558,141.91,2,2,49
SAMPLE,1,BURST_ADAPT,OFF_B,0,21,1165333,142.25,2,2,50
SAMPLE,1,BURST_ADAPT,OFF_B,0,22,1162851,141.94,2,2,50
SAMPLE,1,BURST_ADAPT,OFF_B,0,23,1162617,141.92,2,2,50
SAMPLE,1,BURST_ADAPT,OFF_B,0,24,1164657,142.17,2,2,51
SAMPLE,1,BURST_ADAPT,ON_B,1,0,1298217,158.47,2,2,52
SAMPLE,1,BURST_ADAPT,ON_B,1,1,1294959,158.07,2,1,52
SAMPLE,1,BURST_ADAPT,ON_B,1,2,1043321,127.35,1,1,52
SAMPLE,1,BURST_ADAPT,ON_B,1,3,1043564,127.38,1,1,52
SAMPLE,1,BURST_ADAPT,ON_B,1,4,1040544,127.01,1,1,53
SAMPLE,1,BURST_ADAPT,ON_B,1,5,1043021,127.32,1,1,53
SAMPLE,1,BURST_ADAPT,ON_B,1,6,1038023,126.71,1,1,53
SAMPLE,1,BURST_ADAPT,ON_B,1,7,1039640,126.90,1,1,53
SAMPLE,1,BURST_ADAPT,ON_B,1,8,1043448,127.37,1,2,53
SAMPLE,1,BURST_ADAPT,ON_B,1,9,1298549,158.51,2,2,54
SAMPLE,1,BURST_ADAPT,ON_B,1,10,1297847,158.42,2,2,54
SAMPLE,1,BURST_ADAPT,ON_B,1,11,1294121,157.97,2,2,54
SAMPLE,1,BURST_ADAPT,ON_B,1,12,1296982,158.32,2,2,55
SAMPLE,1,BURST_ADAPT,ON_B,1,13,1297000,158.32,2,2,55
SAMPLE,1,BURST_ADAPT,ON_B,1,14,1295907,158.19,2,1,55
SAMPLE,1,BURST_ADAPT,ON_B,1,15,1040180,126.97,1,1,55
SAMPLE,1,BURST_ADAPT,ON_B,1,16,1037997,126.70,1,1,56
SAMPLE,1,BURST_ADAPT,ON_B,1,17,1040708,127.03,1,1,56
SAMPLE,1,BURST_ADAPT,ON_B,1,18,1040994,127.07,1,1,56
SAMPLE,1,BURST_ADAPT,ON_B,1,19,1040287,126.98,1,1,56
SAMPLE,1,BURST_ADAPT,ON_B,1,20,1041491,127.13,1,1,56
SAMPLE,1,BURST_ADAPT,ON_B,1,21,1044820,127.54,1,2,57
SAMPLE,1,BURST_ADAPT,ON_B,1,22,1297119,158.33,2,2,57
SAMPLE,1,BURST_ADAPT,ON_B,1,23,1301383,158.86,2,2,57
SAMPLE,1,BURST_ADAPT,ON_B,1,24,1298980,158.56,2,2,57
SAMPLE,2,BURST_ADAPT,OFF_A,0,0,998778,121.92,1,1,58
SAMPLE,2,BURST_ADAPT,OFF_A,0,1,998492,121.88,1,1,58
SAMPLE,2,BURST_ADAPT,OFF_A,0,2,1000573,122.14,1,2,58
SAMPLE,2,BURST_ADAPT,OFF_A,0,3,1162740,141.93,2,2,58
SAMPLE,2,BURST_ADAPT,OFF_A,0,4,1163329,142.00,2,2,59
SAMPLE,2,BURST_ADAPT,OFF_A,0,5,1163842,142.07,2,2,59
SAMPLE,2,BURST_ADAPT,OFF_A,0,6,1163907,142.07,2,2,59
SAMPLE,2,BURST_ADAPT,OFF_A,0,7,1164124,142.10,2,2,60
SAMPLE,2,BURST_ADAPT,OFF_A,0,8,1164292,142.12,2,2,60
SAMPLE,2,BURST_ADAPT,OFF_A,0,9,1164313,142.12,2,2,60
SAMPLE,2,BURST_ADAPT,OFF_A,0,10,1164831,142.19,2,2,61
SAMPLE,2,BURST_ADAPT,OFF_A,0,11,1161740,141.81,2,2,61
SAMPLE,2,BURST_ADAPT,OFF_A,0,12,1161091,141.73,2,2,61
SAMPLE,2,BURST_ADAPT,OFF_A,0,13,1162399,141.89,2,2,62
SAMPLE,2,BURST_ADAPT,OFF_A,0,14,1162027,141.84,2,2,62
SAMPLE,2,BURST_ADAPT,OFF_A,0,15,1164092,142.10,2,2,62
SAMPLE,2,BURST_ADAPT,OFF_A,0,16,1164223,142.11,2,2,63
SAMPLE,2,BURST_ADAPT,OFF_A,0,17,1162999,141.96,2,2,63
SAMPLE,2,BURST_ADAPT,OFF_A,0,18,1165210,142.23,2,2,63
SAMPLE,2,BURST_ADAPT,OFF_A,0,19,1161964,141.84,2,2,64
SAMPLE,2,BURST_ADAPT,OFF_A,0,20,1164706,142.17,2,2,64
SAMPLE,2,BURST_ADAPT,OFF_A,0,21,1162544,141.91,2,2,64
SAMPLE,2,BURST_ADAPT,OFF_A,0,22,1165639,142.28,2,2,65
SAMPLE,2,BURST_ADAPT,OFF_A,0,23,1164573,142.15,2,2,65
SAMPLE,2,BURST_ADAPT,OFF_A,0,24,1162476,141.90,2,2,65
SAMPLE,2,BURST_ADAPT,ON_A,1,0,1294245,157.98,2,2,66
SAMPLE,2,BURST_ADAPT,ON_A,1,1,1296896,158.31,2,1,66
SAMPLE,2,BURST_ADAPT,ON_A,1,2,1041629,127.15,1,1,66
SAMPLE,2,BURST_ADAPT,ON_A,1,3,1043142,127.33,1,1,66
SAMPLE,2,BURST_ADAPT,ON_A,1,4,1038606,126.78,1,1,67
SAMPLE,2,BURST_ADAPT,ON_A,1,5,1041489,127.13,1,1,67
SAMPLE,2,BURST_ADAPT,ON_A,1,6,1042373,127.24,1,1,67
SAMPLE,2,BURST_ADAPT,ON_A,1,7,1041575,127.14,1,1,67
SAMPLE,2,BURST_ADAPT,ON_A,1,8,1041091,127.08,1,2,67
SAMPLE,2,BURST_ADAPT,ON_A,1,9,1295525,158.14,2,2,68
SAMPLE,2,BURST_ADAPT,ON_A,1,10,1297794,158.42,2,2,68
SAMPLE,2,BURST_ADAPT,ON_A,1,11,1299512,158.63,2,2,68
SAMPLE,2,BURST_ADAPT,ON_A,1,12,1296399,158.25,2,2,69
SAMPLE,2,BURST_ADAPT,ON_A,1,13,1293902,157.94,2,2,69
SAMPLE,2,BURST_ADAPT,ON_A,1,14,1297949,158.44,2,1,69
SAMPLE,2,BURST_ADAPT,ON_A,1,15,1040878,127.06,1,1,69
SAMPLE,2,BURST_ADAPT,ON_A,1,16,1037639,126.66,1,1,70
SAMPLE,2,BURST_ADAPT,ON_A,1,17,1038571,126.77,1,1,70
SAMPLE,2,BURST_ADAPT,ON_A,1,18,1040440,127.00,1,1,70
SAMPLE,2,BURST_ADAPT,ON_A,1,19,1039751,126.92,1,1,70
SAMPLE,2,BURST_ADAPT,ON_A,1,20,1040341,126.99,1,1,70
SAMPLE,2,BURST_ADAPT,ON_A,1,21,1040853,127.05,1,2,71
SAMPLE,2,BURST_ADAPT,ON_A,1,22,1298842,158.55,2,2,71
SAMPLE,2,BURST_ADAPT,ON_A,1,23,1294847,158.06,2,2,71
SAMPLE,2,BURST_ADAPT,ON_A,1,24,1294346,158.00,2,2,71
SAMPLE,2,BURST_ADAPT,OFF_B,0,0,1166212,142.35,2,2,72
SAMPLE,2,BURST_ADAPT,OFF_B,0,1,1165689,142.29,2,2,72
SAMPLE,2,BURST_ADAPT,OFF_B,0,2,1164969,142.20,2,2,72
SAMPLE,2,BURST_ADAPT,OFF_B,0,3,1160668,141.68,2,2,73
SAMPLE,2,BURST_ADAPT,OFF_B,0,4,1164627,142.16,2,2,73
SAMPLE,2,BURST_ADAPT,OFF_B,0,5,1163953,142.08,2,2,73
SAMPLE,2,BURST_ADAPT,OFF_B,0,6,1165344,142.25,2,2,74
SAMPLE,2,BURST_ADAPT,OFF_B,0,7,1164523,142.15,2,2,74
SAMPLE,2,BURST_ADAPT,OFF_B,0,8,1161473,141.78,2,2,74
SAMPLE,2,BURST_ADAPT,OFF_B,0,9,1163235,141.99,2,2,75
SAMPLE,2,BURST_ADAPT,OFF_B,0,10,1164188,142.11,2,2,75
SAMPLE,2,BURST_ADAPT,OFF_B,0,11,1164738,142.17,2,2,75
SAMPLE,2,BURST_ADAPT,OFF_B,0,12,1163191,141.99,2,2,76
SAMPLE,2,BURST_ADAPT,OFF_B,0,13,1163871,142.07,2,2,76
SAMPLE,2,BURST_ADAPT,OFF_B,0,14,1164023,142.09,2,2,76
SAMPLE,2,BURST_ADAPT,OFF_B,0,15,1164837,142.19,2,2,77
SAMPLE,2,BURST_ADAPT,OFF_B,0,16,1162457,141.90,2,2,77
SAMPLE,2,BURST_ADAPT,OFF_B,0,17,1162635,141.92,2,2,77
SAMPLE,2,BURST_ADAPT,OFF_B,0,18,1163352,142.01,2,2,78
SAMPLE,2,BURST_ADAPT,OFF_B,0,19,1163561,142.03,2,2,78
SAMPLE,2,BURST_ADAPT,OFF_B,0,20,1162427,141.89,2,2,78
SAMPLE,2,BURST_ADAPT,OFF_B,0,21,1165211,142.23,2,2,79
SAMPLE,2,BURST_ADAPT,OFF_B,0,22,1163194,141.99,2,2,79
SAMPLE,2,BURST_ADAPT,OFF_B,0,23,1162606,141.91,2,2,79
SAMPLE,2,BURST_ADAPT,OFF_B,0,24,1162508,141.90,2,2,80
SAMPLE,2,BURST_ADAPT,ON_B,1,0,1292992,157.83,2,2,81
SAMPLE,2,BURST_ADAPT,ON_B,1,1,1292992,157.83,2,1,81
SAMPLE,2,BURST_ADAPT,ON_B,1,2,1041803,127.17,1,1,81
SAMPLE,2,BURST_ADAPT,ON_B,1,3,1042605,127.27,1,1,81
SAMPLE,2,BURST_ADAPT,ON_B,1,4,1040546,127.01,1,1,82
SAMPLE,2,BURST_ADAPT,ON_B,1,5,1040371,126.99,1,1,82
SAMPLE,2,BURST_ADAPT,ON_B,1,6,1039384,126.87,1,1,82
SAMPLE,2,BURST_ADAPT,ON_B,1,7,1040540,127.01,1,1,82
SAMPLE,2,BURST_ADAPT,ON_B,1,8,1039236,126.85,1,2,82
SAMPLE,2,BURST_ADAPT,ON_B,1,9,1295996,158.20,2,2,83
SAMPLE,2,BURST_ADAPT,ON_B,1,10,1299839,158.67,2,2,83
SAMPLE,2,BURST_ADAPT,ON_B,1,11,1295823,158.18,2,2,83
SAMPLE,2,BURST_ADAPT,ON_B,1,12,1297472,158.38,2,2,84
SAMPLE,2,BURST_ADAPT,ON_B,1,13,1293497,157.89,2,2,84
SAMPLE,2,BURST_ADAPT,ON_B,1,14,1296611,158.27,2,1,84
SAMPLE,2,BURST_ADAPT,ON_B,1,15,1041678,127.15,1,1,84
SAMPLE,2,BURST_ADAPT,ON_B,1,16,1038341,126.75,1,1,85
SAMPLE,2,BURST_ADAPT,ON_B,1,17,1039463,126.88,1,1,85
SAMPLE,2,BURST_ADAPT,ON_B,1,18,1040222,126.98,1,1,85
SAMPLE,2,BURST_ADAPT,ON_B,1,19,1039578,126.90,1,1,85
SAMPLE,2,BURST_ADAPT,ON_B,1,20,1040707,127.03,1,1,85
SAMPLE,2,BURST_ADAPT,ON_B,1,21,1041451,127.13,1,2,86
SAMPLE,2,BURST_ADAPT,ON_B,1,22,1297705,158.41,2,2,86
SAMPLE,2,BURST_ADAPT,ON_B,1,23,1296129,158.21,2,2,86
SAMPLE,2,BURST_ADAPT,ON_B,1,24,1299561,158.63,2,2,86
MODE_END,BURST_ADAPT
MODE_BEGIN,RBR_ADAPT
SAMPLE,0,RBR_ADAPT,OFF_A,0,0,1169380,142.74,1,1,0
SAMPLE,0,RBR_ADAPT,OFF_A,0,1,1175343,143.47,1,1,0
SAMPLE,0,RBR_ADAPT,OFF_A,0,2,1173029,143.19,1,1,0
SAMPLE,0,RBR_ADAPT,OFF_A,0,3,1175481,143.49,1,1,0
SAMPLE,0,RBR_ADAPT,OFF_A,0,4,1203692,146.93,1,1,1
SAMPLE,0,RBR_ADAPT,OFF_A,0,5,1205844,147.19,1,1,1
SAMPLE,0,RBR_ADAPT,OFF_A,0,6,1214919,148.30,1,1,1
SAMPLE,0,RBR_ADAPT,OFF_A,0,7,1129008,137.81,1,1,2
SAMPLE,0,RBR_ADAPT,OFF_A,0,8,1128777,137.79,1,1,2
SAMPLE,0,RBR_ADAPT,OFF_A,0,9,1128611,137.76,1,1,2
SAMPLE,0,RBR_ADAPT,OFF_A,0,10,1129261,137.84,1,1,2
SAMPLE,0,RBR_ADAPT,OFF_A,0,11,1136791,138.76,1,1,3
SAMPLE,0,RBR_ADAPT,OFF_A,0,12,1135381,138.59,1,1,3
SAMPLE,0,RBR_ADAPT,OFF_A,0,13,1135949,138.66,1,1,3
SAMPLE,0,RBR_ADAPT,OFF_A,0,14,1134624,138.50,1,1,3
SAMPLE,0,RBR_ADAPT,OFF_A,0,15,1219706,148.88,1,1,4
SAMPLE,0,RBR_ADAPT,OFF_A,0,16,1224107,149.42,1,1,4
SAMPLE,0,RBR_ADAPT,OFF_A,0,17,1225559,149.60,1,1,4
SAMPLE,0,RBR_ADAPT,OFF_A,0,18,1140855,139.26,1,1,5
SAMPLE,0,RBR_ADAPT,OFF_A,0,19,1141767,139.37,1,1,5
SAMPLE,0,RBR_ADAPT,OFF_A,0,20,1141677,139.36,1,1,5
SAMPLE,0,RBR_ADAPT,OFF_A,0,21,1141303,139.31,1,1,5
SAMPLE,0,RBR_ADAPT,OFF_A,0,22,1135724,138.63,1,1,6
SAMPLE,0,RBR_ADAPT,OFF_A,0,23,1135918,138.66,1,1,6
SAMPLE,0,RBR_ADAPT,OFF_A,0,24,1135643,138.62,1,1,6
SAMPLE,0,RBR_ADAPT,ON_A,1,0,1330716,162.44,1,1,7
SAMPLE,0,RBR_ADAPT,ON_A,1,1,1328884,162.21,1,0,7
SAMPLE,0,RBR_ADAPT,ON_A,1,2,1130542,138.00,0,0,7
SAMPLE,0,RBR_ADAPT,ON_A,1,3,1129479,137.87,0,0,7
SAMPLE,0,RBR_ADAPT,ON_A,1,4,1134530,138.49,0,0,8
SAMPLE,0,RBR_ADAPT,ON_A,1,5,1136051,138.67,0,0,8
SAMPLE,0,RBR_ADAPT,ON_A,1,6,1134838,138.53,0,0,8
SAMPLE,0,RBR_ADAPT,ON_A,1,7,1137668,138.87,0,0,8
SAMPLE,0,RBR_ADAPT,ON_A,1,8,1132095,138.19,0,0,8
SAMPLE,0,RBR_ADAPT,ON_A,1,9,1125576,137.39,0,0,9
SAMPLE,0,RBR_ADAPT,ON_A,1,10,1126531,137.51,0,0,9
SAMPLE,0,RBR_ADAPT,ON_A,1,11,1126859,137.55,0,0,9
SAMPLE,0,RBR_ADAPT,ON_A,1,12,1127872,137.67,0,0,9
SAMPLE,0,RBR_ADAPT,ON_A,1,13,1127305,137.61,0,0,9
SAMPLE,0,RBR_ADAPT,ON_A,1,14,1132035,138.18,0,0,10
SAMPLE,0,RBR_ADAPT,ON_A,1,15,1134754,138.51,0,0,10
SAMPLE,0,RBR_ADAPT,ON_A,1,16,1133634,138.38,0,0,10
SAMPLE,0,RBR_ADAPT,ON_A,1,17,1133569,138.37,0,0,10
SAMPLE,0,RBR_ADAPT,ON_A,1,18,1133320,138.34,0,0,10
SAMPLE,0,RBR_ADAPT,ON_A,1,19,1135704,138.63,0,0,11
SAMPLE,0,RBR_ADAPT,ON_A,1,20,1132310,138.22,0,0,11
SAMPLE,0,RBR_ADAPT,ON_A,1,21,1133658,138.38,0,0,11
SAMPLE,0,RBR_ADAPT,ON_A,1,22,1131664,138.14,0,0,11
SAMPLE,0,RBR_ADAPT,ON_A,1,23,1132473,138.24,0,0,11
SAMPLE,0,RBR_ADAPT,ON_A,1,24,1135921,138.66,0,0,12
SAMPLE,0,RBR_ADAPT,OFF_B,0,0,1061472,129.57,0,0,13
SAMPLE,0,RBR_ADAPT,OFF_B,0,1,1063254,129.79,0,0,13
SAMPLE,0,RBR_ADAPT,OFF_B,0,2,1060796,129.49,0,1,13
SAMPLE,0,RBR_ADAPT,OFF_B,0,3,1130154,137.95,1,1,13
SAMPLE,0,RBR_ADAPT,OFF_B,0,4,1171331,142.98,1,1,14
SAMPLE,0,RBR_ADAPT,OFF_B,0,5,1175131,143.44,1,1,14
SAMPLE,0,RBR_ADAPT,OFF_B,0,6,1176238,143.58,1,1,14
SAMPLE,0,RBR_ADAPT,OFF_B,0,7,1173796,143.28,1,1,14
SAMPLE,0,RBR_ADAPT,OFF_B,0,8,1230778,150.24,1,1,15
SAMPLE,0,RBR_ADAPT,OFF_B,0,9,1228743,149.99,1,1,15
SAMPLE,0,RBR_ADAPT,OFF_B,0,10,1229860,150.12,1,1,15
SAMPLE,0,RBR_ADAPT,OFF_B,0,11,1131669,138.14,1,1,16
SAMPLE,0,RBR_ADAPT,OFF_B,0,12,1133612,138.38,1,1,16
SAMPLE,0,RBR_ADAPT,OFF_B,0,13,1133757,138.39,1,1,16
SAMPLE,0,RBR_ADAPT,OFF_B,0,14,1131998,138.18,1,1,16
SAMPLE,0,RBR_ADAPT,OFF_B,0,15,1128705,137.78,1,1,17
SAMPLE,0,RBR_ADAPT,OFF_B,0,16,1130038,137.94,1,1,17
SAMPLE,0,RBR_ADAPT,OFF_B,0,17,1129784,137.91,1,1,17
SAMPLE,0,RBR_ADAPT,OFF_B,0,18,1180310,144.08,1,1,18
SAMPLE,0,RBR_ADAPT,OFF_B,0,19,1182575,144.35,1,1,18
SAMPLE,0,RBR_ADAPT,OFF_B,0,20,1179728,144.00,1,1,18
SAMPLE,0,RBR_ADAPT,OFF_B,0,21,1181420,144.21,1,1,18
SAMPLE,0,RBR_ADAPT,OFF_B,0,22,1123598,137.15,1,1,19
SAMPLE,0,RBR_ADAPT,OFF_B,0,23,1122845,137.06,1,1,19
SAMPLE,0,RBR_ADAPT,OFF_B,0,24,1122214,136.98,1,1,19
SAMPLE,0,RBR_ADAPT,ON_B,1,0,1332118,162.61,1,1,20
SAMPLE,0,RBR_ADAPT,ON_B,1,1,1324378,161.66,1,0,20
SAMPLE,0,RBR_ADAPT,ON_B,1,2,1130839,138.04,0,0,20
SAMPLE,0,RBR_ADAPT,ON_B,1,3,1132509,138.24,0,0,20
SAMPLE,0,RBR_ADAPT,ON_B,1,4,1133738,138.39,0,0,21
SAMPLE,0,RBR_ADAPT,ON_B,1,5,1135033,138.55,0,0,21
SAMPLE,0,RBR_ADAPT,ON_B,1,6,1138399,138.96,0,0,21
SAMPLE,0,RBR_ADAPT,ON_B,1,7,1127678,137.65,0,0,21
SAMPLE,0,RBR_ADAPT,ON_B,1,8,1135794,138.64,0,0,21
SAMPLE,0,RBR_ADAPT,ON_B,1,9,1150896,140.49,0,0,22
SAMPLE,0,RBR_ADAPT,ON_B,1,10,1158533,141.42,0,0,22
SAMPLE,0,RBR_ADAPT,ON_B,1,11,1149328,140.29,0,0,22
SAMPLE,0,RBR_ADAPT,ON_B,1,12,1152744,140.71,0,0,22
SAMPLE,0,RBR_ADAPT,ON_B,1,13,1149176,140.28,0,0,22
SAMPLE,0,RBR_ADAPT,ON_B,1,14,1137211,138.81,0,0,23
SAMPLE,0,RBR_ADAPT,ON_B,1,15,1140801,139.25,0,0,23
SAMPLE,0,RBR_ADAPT,ON_B,1,16,1135739,138.64,0,0,23
SAMPLE,0,RBR_ADAPT,ON_B,1,17,1135548,138.61,0,0,23
SAMPLE,0,RBR_ADAPT,ON_B,1,18,1134032,138.43,0,0,23
SAMPLE,0,RBR_ADAPT,ON_B,1,19,1141550,139.34,0,0,24
SAMPLE,0,RBR_ADAPT,ON_B,1,20,1142569,139.47,0,0,24
SAMPLE,0,RBR_ADAPT,ON_B,1,21,1143067,139.53,0,0,24
SAMPLE,0,RBR_ADAPT,ON_B,1,22,1143610,139.60,0,0,24
SAMPLE,0,RBR_ADAPT,ON_B,1,23,1140410,139.21,0,0,24
SAMPLE,0,RBR_ADAPT,ON_B,1,24,1122648,137.04,0,0,25
SAMPLE,1,RBR_ADAPT,OFF_A,0,0,1099314,134.19,1,1,26
SAMPLE,1,RBR_ADAPT,OFF_A,0,1,1123420,137.13,1,1,26
SAMPLE,1,RBR_ADAPT,OFF_A,0,2,1123551,137.15,1,1,26
SAMPLE,1,RBR_ADAPT,OFF_A,0,3,1121979,136.96,1,1,26
SAMPLE,1,RBR_ADAPT,OFF_A,0,4,1133571,138.37,1,1,27
SAMPLE,1,RBR_ADAPT,OFF_A,0,5,1134537,138.49,1,1,27
SAMPLE,1,RBR_ADAPT,OFF_A,0,6,1135122,138.56,1,1,27
SAMPLE,1,RBR_ADAPT,OFF_A,0,7,1173075,143.19,1,1,28
SAMPLE,1,RBR_ADAPT,OFF_A,0,8,1173868,143.29,1,1,28
SAMPLE,1,RBR_ADAPT,OFF_A,0,9,1172949,143.18,1,1,28
SAMPLE,1,RBR_ADAPT,OFF_A,0,10,1174464,143.36,1,1,28
SAMPLE,1,RBR_ADAPT,OFF_A,0,11,1129382,137.86,1,1,29
SAMPLE,1,RBR_ADAPT,OFF_A,0,12,1131803,138.15,1,1,29
SAMPLE,1,RBR_ADAPT,OFF_A,0,13,1130407,137.98,1,1,29
SAMPLE,1,RBR_ADAPT,OFF_A,0,14,1126647,137.53,1,1,30
SAMPLE,1,RBR_ADAPT,OFF_A,0,15,1126956,137.56,1,1,30
SAMPLE,1,RBR_ADAPT,OFF_A,0,16,1126019,137.45,1,1,30
SAMPLE,1,RBR_ADAPT,OFF_A,0,17,1125586,137.40,1,1,30
SAMPLE,1,RBR_ADAPT,OFF_A,0,18,1131593,138.13,1,1,31
SAMPLE,1,RBR_ADAPT,OFF_A,0,19,1131970,138.17,1,1,31
SAMPLE,1,RBR_ADAPT,OFF_A,0,20,1131181,138.08,1,1,31
SAMPLE,1,RBR_ADAPT,OFF_A,0,21,1129043,137.82,1,1,32
SAMPLE,1,RBR_ADAPT,OFF_A,0,22,1129526,137.88,1,1,32
SAMPLE,1,RBR_ADAPT,OFF_A,0,23,1130132,137.95,1,1,32
SAMPLE,1,RBR_ADAPT,OFF_A,0,24,1131097,138.07,1,1,32
SAMPLE,1,RBR_ADAPT,ON_A,1,0,1328181,162.13,1,1,33
SAMPLE,1,RBR_ADAPT,ON_A,1,1,1322660,161.45,1,0,33
SAMPLE,1,RBR_ADAPT,ON_A,1,2,1120971,136.83,0,0,33
SAMPLE,1,RBR_ADAPT,ON_A,1,3,1122246,136.99,0,0,33
SAMPLE,1,RBR_ADAPT,ON_A,1,4,1125212,137.35,0,0,34
SAMPLE,1,RBR_ADAPT,ON_A,1,5,1125512,137.39,0,0,34
SAMPLE,1,RBR_ADAPT,ON_A,1,6,1125441,137.38,0,0,34
SAMPLE,1,RBR_ADAPT,ON_A,1,7,1127845,137.67,0,0,34
SAMPLE,1,RBR_ADAPT,ON_A,1,8,1126908,137.56,0,0,34
SAMPLE,1,RBR_ADAPT,ON_A,1,9,1122737,137.05,0,0,35
SAMPLE,1,RBR_ADAPT,ON_A,1,10,1123660,137.16,0,0,35
SAMPLE,1,RBR_ADAPT,ON_A,1,11,1120307,136.75,0,0,35
SAMPLE,1,RBR_ADAPT,ON_A,1,12,1125461,137.38,0,0,35
SAMPLE,1,RBR_ADAPT,ON_A,1,13,1124943,137.32,0,0,35
SAMPLE,1,RBR_ADAPT,ON_A,1,14,1151197,140.52,0,0,36
SAMPLE,1,RBR_ADAPT,ON_A,1,15,1150230,140.40,0,0,36
SAMPLE,1,RBR_ADAPT,ON_A,1,16,1147914,140.12,0,0,36
SAMPLE,1,RBR_ADAPT,ON_A,1,17,1150163,140.40,0,0,36
SAMPLE,1,RBR_ADAPT,ON_A,1,18,1152603,140.69,0,0,36
SAMPLE,1,RBR_ADAPT,ON_A,1,19,1148290,140.17,0,0,37
SAMPLE,1,RBR_ADAPT,ON_A,1,20,1149927,140.37,0,0,37
SAMPLE,1,RBR_ADAPT,ON_A,1,21,1149030,140.26,0,0,37
SAMPLE,1,RBR_ADAPT,ON_A,1,22,1153441,140.80,0,0,37
SAMPLE,1,RBR_ADAPT,ON_A,1,23,1150798,140.47,0,0,37
SAMPLE,1,RBR_ADAPT,ON_A,1,24,1130112,137.95,0,0,38
SAMPLE,1,RBR_ADAPT,OFF_B,0,0,1042856,127.30,0,0,39
SAMPLE,1,RBR_ADAPT,OFF_B,0,1,1041060,127.08,0,0,39
SAMPLE,1,RBR_ADAPT,OFF_B,0,2,1042175,127.21,0,1,39
SAMPLE,1,RBR_ADAPT,OFF_B,0,3,1127007,137.57,1,1,39
SAMPLE,1,RBR_ADAPT,OFF_B,0,4,1132868,138.28,1,1,40
SAMPLE,1,RBR_ADAPT,OFF_B,0,5,1133714,138.39,1,1,40
SAMPLE,1,RBR_ADAPT,OFF_B,0,6,1132537,138.24,1,1,40
SAMPLE,1,RBR_ADAPT,OFF_B,0,7,1133486,138.36,1,1,40
SAMPLE,1,RBR_ADAPT,OFF_B,0,8,1123396,137.13,1,1,41
SAMPLE,1,RBR_ADAPT,OFF_B,0,9,1124213,137.23,1,1,41
SAMPLE,1,RBR_ADAPT,OFF_B,0,10,1123777,137.17,1,1,41
SAMPLE,1,RBR_ADAPT,OFF_B,0,11,1142634,139.48,1,1,42
SAMPLE,1,RBR_ADAPT,OFF_B,0,12,1144577,139.71,1,1,42
SAMPLE,1,RBR_ADAPT,OFF_B,0,13,1144031,139.65,1,1,42
SAMPLE,1,RBR_ADAPT,OFF_B,0,14,1143037,139.53,1,1,42
SAMPLE,1,RBR_ADAPT,OFF_B,0,15,1135572,138.61,1,1,43
SAMPLE,1,RBR_ADAPT,OFF_B,0,16,1136752,138.76,1,1,43
SAMPLE,1,RBR_ADAPT,OFF_B,0,17,1137957,138.91,1,1,43
SAMPLE,1,RBR_ADAPT,OFF_B,0,18,1136296,138.70,1,1,44
SAMPLE,1,RBR_ADAPT,OFF_B,0,19,1136821,138.77,1,1,44
SAMPLE,1,RBR_ADAPT,OFF_B,0,20,1136756,138.76,1,1,44
SAMPLE,1,RBR_ADAPT,OFF_B,0,21,1137535,138.85,1,1,44
SAMPLE,1,RBR_ADAPT,OFF_B,0,22,1135469,138.60,1,1,45
SAMPLE,1,RBR_ADAPT,OFF_B,0,23,1135986,138.67,1,1,45
SAMPLE,1,RBR_ADAPT,OFF_B,0,24,1136542,138.73,1,1,45
SAMPLE,1,RBR_ADAPT,ON_B,1,0,1326787,161.96,1,1,46
SAMPLE,1,RBR_ADAPT,ON_B,1,1,1326534,161.93,1,0,46
SAMPLE,1,RBR_ADAPT,ON_B,1,2,1121456,136.89,0,0,46
SAMPLE,1,RBR_ADAPT,ON_B,1,3,1127686,137.65,0,0,46
SAMPLE,1,RBR_ADAPT,ON_B,1,4,1123093,137.09,0,0,47
SAMPLE,1,RBR_ADAPT,ON_B,1,5,1123838,137.18,0,0,47
SAMPLE,1,RBR_ADAPT,ON_B,1,6,1123342,137.12,0,0,47
SAMPLE,1,RBR_ADAPT,ON_B,1,7,1122929,137.07,0,0,47
SAMPLE,1,RBR_ADAPT,ON_B,1,8,1119051,136.60,0,0,47
SAMPLE,1,RBR_ADAPT,ON_B,1,9,1122053,136.96,0,0,48
SAMPLE,1,RBR_ADAPT,ON_B,1,10,1122760,137.05,0,0,48
SAMPLE,1,RBR_ADAPT,ON_B,1,11,1122722,137.05,0,0,48
SAMPLE,1,RBR_ADAPT,ON_B,1,12,1120765,136.81,0,0,48
SAMPLE,1,RBR_ADAPT,ON_B,1,13,1118958,136.59,0,0,48
SAMPLE,1,RBR_ADAPT,ON_B,1,14,1147331,140.05,0,0,49
SAMPLE,1,RBR_ADAPT,ON_B,1,15,1150697,140.46,0,0,49
SAMPLE,1,RBR_ADAPT,ON_B,1,16,1150468,140.43,0,0,49
SAMPLE,1,RBR_ADAPT,ON_B,1,17,1146688,139.97,0,0,49
SAMPLE,1,RBR_ADAPT,ON_B,1,18,1150457,140.43,0,0,49
SAMPLE,1,RBR_ADAPT,ON_B,1,19,1126882,137.55,0,0,50
SAMPLE,1,RBR_ADAPT,ON_B,1,20,1124241,137.23,0,0,50
SAMPLE,1,RBR_ADAPT,ON_B,1,21,1127476,137.63,0,0,50
SAMPLE,1,RBR_ADAPT,ON_B,1,22,1126417,137.50,0,0,50
SAMPLE,1,RBR_ADAPT,ON_B,1,23,1127585,137.64,0,0,50
SAMPLE,1,RBR_ADAPT,ON_B,1,24,1121140,136.85,0,0,51
SAMPLE,2,RBR_ADAPT,OFF_A,0,0,1141412,139.33,1,1,52
SAMPLE,2,RBR_ADAPT,OFF_A,0,1,1136293,138.70,1,1,52
SAMPLE,2,RBR_ADAPT,OFF_A,0,2,1137497,138.85,1,1,52
SAMPLE,2,RBR_ADAPT,OFF_A,0,3,1139316,139.07,1,1,52
SAMPLE,2,RBR_ADAPT,OFF_A,0,4,1137861,138.89,1,1,53
SAMPLE,2,RBR_ADAPT,OFF_A,0,5,1136144,138.68,1,1,53
SAMPLE,2,RBR_ADAPT,OFF_A,0,6,1136772,138.76,1,1,53
SAMPLE,2,RBR_ADAPT,OFF_A,0,7,1133117,138.31,1,1,54
SAMPLE,2,RBR_ADAPT,OFF_A,0,8,1132189,138.20,1,1,54
SAMPLE,2,RBR_ADAPT,OFF_A,0,9,1133557,138.37,1,1,54
SAMPLE,2,RBR_ADAPT,OFF_A,0,10,1133089,138.31,1,1,54
SAMPLE,2,RBR_ADAPT,OFF_A,0,11,1123271,137.11,1,1,55
SAMPLE,2,RBR_ADAPT,OFF_A,0,12,1124945,137.32,1,1,55
SAMPLE,2,RBR_ADAPT,OFF_A,0,13,1122394,137.01,1,1,55
SAMPLE,2,RBR_ADAPT,OFF_A,0,14,1152923,140.73,1,1,56
SAMPLE,2,RBR_ADAPT,OFF_A,0,15,1145985,139.89,1,1,56
SAMPLE,2,RBR_ADAPT,OFF_A,0,16,1147372,140.06,1,1,56
SAMPLE,2,RBR_ADAPT,OFF_A,0,17,1146828,139.99,1,1,56
SAMPLE,2,RBR_ADAPT,OFF_A,0,18,1123598,137.15,1,1,57
SAMPLE,2,RBR_ADAPT,OFF_A,0,19,1124605,137.28,1,1,57

SAMPLE,2,RBR_ADAPT,OFF_A,0,20,1124479,137.26,1,1,57
SAMPLE,2,RBR_ADAPT,OFF_A,0,21,1181427,144.21,1,1,58
SAMPLE,2,RBR_ADAPT,OFF_A,0,22,1181070,144.17,1,1,58
SAMPLE,2,RBR_ADAPT,OFF_A,0,23,1182066,144.29,1,1,58
SAMPLE,2,RBR_ADAPT,OFF_A,0,24,1181204,144.18,1,1,58
SAMPLE,2,RBR_ADAPT,ON_A,1,0,1328835,162.21,1,1,59
SAMPLE,2,RBR_ADAPT,ON_A,1,1,1325052,161.74,1,0,59
SAMPLE,2,RBR_ADAPT,ON_A,1,2,1121587,136.91,0,0,59
SAMPLE,2,RBR_ADAPT,ON_A,1,3,1120614,136.79,0,0,59
SAMPLE,2,RBR_ADAPT,ON_A,1,4,1149464,140.31,0,0,60
SAMPLE,2,RBR_ADAPT,ON_A,1,5,1148813,140.23,0,0,60
SAMPLE,2,RBR_ADAPT,ON_A,1,6,1152112,140.63,0,0,60
SAMPLE,2,RBR_ADAPT,ON_A,1,7,1148696,140.22,0,0,60
SAMPLE,2,RBR_ADAPT,ON_A,1,8,1148224,140.16,0,0,60
SAMPLE,2,RBR_ADAPT,ON_A,1,9,1143475,139.58,0,0,61
SAMPLE,2,RBR_ADAPT,ON_A,1,10,1146801,139.99,0,0,61
SAMPLE,2,RBR_ADAPT,ON_A,1,11,1143332,139.56,0,0,61
SAMPLE,2,RBR_ADAPT,ON_A,1,12,1142800,139.50,0,0,61
SAMPLE,2,RBR_ADAPT,ON_A,1,13,1143529,139.59,0,0,61
SAMPLE,2,RBR_ADAPT,ON_A,1,14,1140348,139.20,0,0,62
SAMPLE,2,RBR_ADAPT,ON_A,1,15,1143627,139.60,0,0,62
SAMPLE,2,RBR_ADAPT,ON_A,1,16,1143616,139.60,0,0,62
SAMPLE,2,RBR_ADAPT,ON_A,1,17,1141923,139.39,0,0,62
SAMPLE,2,RBR_ADAPT,ON_A,1,18,1143967,139.64,0,0,62
SAMPLE,2,RBR_ADAPT,ON_A,1,19,1139721,139.12,0,0,63
SAMPLE,2,RBR_ADAPT,ON_A,1,20,1138321,138.95,0,0,63
SAMPLE,2,RBR_ADAPT,ON_A,1,21,1136225,138.69,0,0,63
SAMPLE,2,RBR_ADAPT,ON_A,1,22,1142013,139.40,0,0,63
SAMPLE,2,RBR_ADAPT,ON_A,1,23,1138815,139.01,0,0,63
SAMPLE,2,RBR_ADAPT,ON_A,1,24,1146977,140.01,0,0,64
SAMPLE,2,RBR_ADAPT,OFF_B,0,0,1084807,132.42,0,0,65
SAMPLE,2,RBR_ADAPT,OFF_B,0,1,1083771,132.29,0,0,65
SAMPLE,2,RBR_ADAPT,OFF_B,0,2,1084479,132.38,0,0,65
SAMPLE,2,RBR_ADAPT,OFF_B,0,3,1085311,132.48,0,0,65
SAMPLE,2,RBR_ADAPT,OFF_B,0,4,1085663,132.52,0,0,65
SAMPLE,2,RBR_ADAPT,OFF_B,0,5,1076127,131.36,0,0,66
SAMPLE,2,RBR_ADAPT,OFF_B,0,6,1076831,131.44,0,0,66
SAMPLE,2,RBR_ADAPT,OFF_B,0,7,1075294,131.26,0,0,66
SAMPLE,2,RBR_ADAPT,OFF_B,0,8,1075552,131.29,0,0,66
SAMPLE,2,RBR_ADAPT,OFF_B,0,9,1076489,131.40,0,0,66
SAMPLE,2,RBR_ADAPT,OFF_B,0,10,1041855,127.17,0,0,67
SAMPLE,2,RBR_ADAPT,OFF_B,0,11,1043229,127.34,0,0,67
SAMPLE,2,RBR_ADAPT,OFF_B,0,12,1043256,127.35,0,1,67
SAMPLE,2,RBR_ADAPT,OFF_B,0,13,1141994,139.40,1,1,67
SAMPLE,2,RBR_ADAPT,OFF_B,0,14,1133512,138.36,1,1,68
SAMPLE,2,RBR_ADAPT,OFF_B,0,15,1133156,138.32,1,1,68
SAMPLE,2,RBR_ADAPT,OFF_B,0,16,1133081,138.31,1,1,68
SAMPLE,2,RBR_ADAPT,OFF_B,0,17,1133770,138.39,1,1,68
SAMPLE,2,RBR_ADAPT,OFF_B,0,18,1150902,140.49,1,1,69
SAMPLE,2,RBR_ADAPT,OFF_B,0,19,1146013,139.89,1,1,69
SAMPLE,2,RBR_ADAPT,OFF_B,0,20,1146897,140.00,1,1,69
SAMPLE,2,RBR_ADAPT,OFF_B,0,21,1133432,138.35,1,1,70
SAMPLE,2,RBR_ADAPT,OFF_B,0,22,1132661,138.26,1,1,70
SAMPLE,2,RBR_ADAPT,OFF_B,0,23,1134333,138.46,1,1,70
SAMPLE,2,RBR_ADAPT,OFF_B,0,24,1132048,138.18,1,1,70
SAMPLE,2,RBR_ADAPT,ON_B,1,0,1325824,161.84,1,1,71
SAMPLE,2,RBR_ADAPT,ON_B,1,1,1329189,162.25,1,0,71
SAMPLE,2,RBR_ADAPT,ON_B,1,2,1151012,140.50,0,0,71
SAMPLE,2,RBR_ADAPT,ON_B,1,3,1146102,139.90,0,0,71
SAMPLE,2,RBR_ADAPT,ON_B,1,4,1123416,137.13,0,0,72
SAMPLE,2,RBR_ADAPT,ON_B,1,5,1127251,137.60,0,0,72
SAMPLE,2,RBR_ADAPT,ON_B,1,6,1123805,137.18,0,0,72
SAMPLE,2,RBR_ADAPT,ON_B,1,7,1126312,137.48,0,0,72
SAMPLE,2,RBR_ADAPT,ON_B,1,8,1131687,138.14,0,0,72
SAMPLE,2,RBR_ADAPT,ON_B,1,9,1135175,138.57,0,0,73
SAMPLE,2,RBR_ADAPT,ON_B,1,10,1138755,139.00,0,0,73
SAMPLE,2,RBR_ADAPT,ON_B,1,11,1133713,138.39,0,0,73
SAMPLE,2,RBR_ADAPT,ON_B,1,12,1134312,138.46,0,0,73
SAMPLE,2,RBR_ADAPT,ON_B,1,13,1134445,138.48,0,0,73
SAMPLE,2,RBR_ADAPT,ON_B,1,14,1119922,136.70,0,0,74
SAMPLE,2,RBR_ADAPT,ON_B,1,15,1126523,137.51,0,0,74
SAMPLE,2,RBR_ADAPT,ON_B,1,16,1121005,136.84,0,0,74
SAMPLE,2,RBR_ADAPT,ON_B,1,17,1125943,137.44,0,0,74
SAMPLE,2,RBR_ADAPT,ON_B,1,18,1122770,137.05,0,0,74
SAMPLE,2,RBR_ADAPT,ON_B,1,19,1150132,140.39,0,0,75
SAMPLE,2,RBR_ADAPT,ON_B,1,20,1151156,140.52,0,0,75
SAMPLE,2,RBR_ADAPT,ON_B,1,21,1148422,140.18,0,0,75
SAMPLE,2,RBR_ADAPT,ON_B,1,22,1149574,140.32,0,0,75
SAMPLE,2,RBR_ADAPT,ON_B,1,23,1151425,140.55,0,0,75
SAMPLE,2,RBR_ADAPT,ON_B,1,24,1122146,136.98,0,0,76
MODE_END,RBR_ADAPT
PHASE_SUMMARY_HEADER,mode,phase,load,min,mean,p95,max,violations
PHASE_SUMMARY,CPU_ONLY,OFF_A,0,100.62,100.63,100.65,100.66,0
PHASE_SUMMARY,CPU_ONLY,ON_A,1,102.83,103.19,103.33,103.40,0
PHASE_SUMMARY,CPU_ONLY,OFF_B,0,100.62,100.63,100.65,100.65,0
PHASE_SUMMARY,CPU_ONLY,ON_B,1,102.84,103.20,103.35,103.38,0
PHASE_SUMMARY,FIXED_MAX,OFF_A,0,217.32,218.32,219.10,219.53,75
PHASE_SUMMARY,FIXED_MAX,ON_A,1,240.09,241.30,242.05,242.28,75
PHASE_SUMMARY,FIXED_MAX,OFF_B,0,216.74,218.17,218.82,219.12,75
PHASE_SUMMARY,FIXED_MAX,ON_B,1,240.55,241.39,242.11,242.39,75
PHASE_SUMMARY,STATIC_B8,OFF_A,0,141.55,141.91,142.28,142.43,0
PHASE_SUMMARY,STATIC_B8,ON_A,1,157.72,158.26,158.67,158.70,75
PHASE_SUMMARY,STATIC_B8,OFF_B,0,141.52,141.88,142.15,142.20,0
PHASE_SUMMARY,STATIC_B8,ON_B,1,157.70,158.29,158.65,158.69,75
PHASE_SUMMARY,RBR_50,OFF_A,0,119.93,126.93,132.39,132.48,0
PHASE_SUMMARY,RBR_50,ON_A,1,136.68,138.16,140.21,140.65,0
PHASE_SUMMARY,RBR_50,OFF_B,0,119.95,126.84,132.35,132.43,0
PHASE_SUMMARY,RBR_50,ON_B,1,136.31,137.90,140.12,140.47,0
PHASE_SUMMARY,RBR_67,OFF_A,0,135.11,139.83,144.27,144.45,0
PHASE_SUMMARY,RBR_67,ON_A,1,161.04,161.83,162.57,162.87,75
PHASE_SUMMARY,RBR_67,OFF_B,0,136.87,140.30,149.59,150.27,0
PHASE_SUMMARY,RBR_67,ON_B,1,161.00,161.87,162.56,162.95,75
PHASE_SUMMARY,RBR_80,OFF_A,0,151.99,152.47,152.79,152.90,75
PHASE_SUMMARY,RBR_80,ON_A,1,180.69,181.53,182.15,182.31,75
PHASE_SUMMARY,RBR_80,OFF_B,0,151.79,152.39,152.80,153.02,75
PHASE_SUMMARY,RBR_80,ON_B,1,180.75,181.52,182.16,182.28,75
PHASE_SUMMARY,BURST_ADAPT,OFF_A,0,121.88,139.56,142.27,142.35,0
PHASE_SUMMARY,BURST_ADAPT,ON_A,1,126.66,140.77,158.49,158.63,33
PHASE_SUMMARY,BURST_ADAPT,OFF_B,0,141.56,142.01,142.35,142.44,0
PHASE_SUMMARY,BURST_ADAPT,ON_B,1,126.54,140.79,158.67,158.86,33
PHASE_SUMMARY,RBR_ADAPT,OFF_A,0,134.19,139.89,148.30,149.60,0
PHASE_SUMMARY,RBR_ADAPT,ON_A,1,136.75,140.60,162.13,162.44,6
PHASE_SUMMARY,RBR_ADAPT,OFF_B,0,127.08,137.35,144.35,150.24,0
PHASE_SUMMARY,RBR_ADAPT,ON_B,1,136.59,140.35,161.93,162.61,6
PHASE_DMA_HEADER,mode,phase,load,commands,dma_MiB_per_s,dma_cycles,r_wait,w_wait,r_windows,w_windows
PHASE_DMA,CPU_ONLY,OFF_A,0,0,0.00,0,0,0,0,0
PHASE_DMA,CPU_ONLY,ON_A,1,0,0.00,0,0,0,0,0
PHASE_DMA,CPU_ONLY,OFF_B,0,0,0.00,0,0,0,0,0
PHASE_DMA,CPU_ONLY,ON_B,1,0,0.00,0,0,0,0,0
PHASE_DMA,FIXED_MAX,OFF_A,0,41,724.32,45283444,0,0,0,0
PHASE_DMA,FIXED_MAX,ON_A,1,75,660.68,90815032,0,0,0,0
PHASE_DMA,FIXED_MAX,OFF_B,0,39,724.74,43049583,0,0,0,0
PHASE_DMA,FIXED_MAX,ON_B,1,75,660.55,90833355,0,0,0,0
PHASE_DMA,STATIC_B8,OFF_A,0,27,578.05,37366571,0,0,0,536872192
PHASE_DMA,STATIC_B8,ON_A,1,27,543.23,39762110,0,0,0,-33554579
PHASE_DMA,STATIC_B8,OFF_B,0,27,578.19,37357437,0,0,0,-2138520552
PHASE_DMA,STATIC_B8,ON_B,1,27,543.31,39756055,0,0,0,-4276486
PHASE_DMA,RBR_50,OFF_A,0,17,381.46,35651777,17825534,17825517,557056,557056
PHASE_DMA,RBR_50,ON_A,1,15,381.46,31457432,15727760,15727746,491520,491520
PHASE_DMA,RBR_50,OFF_B,0,18,381.46,37748890,18874116,18874098,589824,589824
PHASE_DMA,RBR_50,ON_B,1,15,381.46,31457446,15727811,15727797,491520,491520
PHASE_DMA,RBR_67,OFF_A,0,21,508.61,33030677,11010039,11010039,688128,688128
PHASE_DMA,RBR_67,ON_A,1,27,506.71,42627735,13897832,13897832,884736,884736
PHASE_DMA,RBR_67,OFF_B,0,22,508.61,34603550,11534316,11534316,720896,720896
PHASE_DMA,RBR_67,ON_B,1,27,506.72,42626327,13900738,13900738,884736,884736
PHASE_DMA,RBR_80,OFF_A,0,27,609.03,35465940,6957501,6957501,884736,884736
PHASE_DMA,RBR_80,ON_A,1,39,599.15,52073381,9376241,9376241,1277952,1277952
PHASE_DMA,RBR_80,OFF_B,0,27,609.02,35466359,6959004,6959004,884736,884736
PHASE_DMA,RBR_80,ON_B,1,39,599.08,52079804,9377122,9377115,1277952,1277952
PHASE_DMA,BURST_ADAPT,OFF_A,0,24,557.44,34442574,0,0,0,0
PHASE_DMA,BURST_ADAPT,ON_A,1,18,427.44,33688588,0,0,0,0
PHASE_DMA,BURST_ADAPT,OFF_B,0,27,577.99,37370396,0,0,0,0
PHASE_DMA,BURST_ADAPT,ON_B,1,18,427.27,33702161,0,0,0,0
PHASE_DMA,RBR_ADAPT,OFF_A,0,21,508.61,33030682,11010009,11010009,688128,688128
PHASE_DMA,RBR_ADAPT,ON_A,1,18,389.77,36944106,18043194,18043176,589824,589824
PHASE_DMA,RBR_ADAPT,OFF_B,0,20,481.21,33249507,12277462,12277460,655360,655360
PHASE_DMA,RBR_ADAPT,ON_B,1,18,389.79,36942680,18042508,18042490,589824,589824
SUMMARY_HEADER,mode,min,mean,p95,p99,max,violations,dma_commands,dma_MiB_per_s,dma_cycles,r_wait,w_wait,r_windows,w_windows,transitions
SUMMARY,CPU_ONLY,100.62,101.91,103.32,103.35,103.40,0,0,0.00,0,0,0,0,0,0
SUMMARY,FIXED_MAX,216.74,229.80,241.86,242.13,242.39,300,230,681.52,269981414,0,0,0,0,0
SUMMARY,STATIC_B8,141.52,150.09,158.62,158.67,158.70,150,108,560.15,154242173,0,0,0,0,0
SUMMARY,RBR_50,119.93,132.46,139.82,140.42,140.65,0,65,381.46,136315545,68155221,68155158,2129920,2129920,0
SUMMARY,RBR_67,135.11,150.96,162.31,162.75,162.95,150,97,507.56,152888289,50342925,50342925,3178496,3178496,0
SUMMARY,RBR_80,151.79,166.98,181.95,182.24,182.31,300,132,603.13,175085484,32669868,32669861,4325376,4325376,0
SUMMARY,BURST_ADAPT,121.88,140.78,158.42,158.67,158.86,66,87,499.98,139203719,0,0,0,0,27
SUMMARY,RBR_ADAPT,127.08,139.55,149.60,162.21,162.61,12,77,439.47,140166975,59373173,59373135,2523136,2523136,9
LEVEL_HITS,BURST_ADAPT,L0=0,L1=90,L2=210,L3=0,up=1,down=1
LEVEL_HITS,RBR_ADAPT,L0=160,L1=140,L2=0,L3=0,up=1,down=1
CPU1,passes=24,checksum=0x00000000
PASS: final adaptive benchmark complete, sink=16382
