AdaptiveDMA parameter sweep
configs=25,runs=100,dma_bytes=8388608,latency_limit_percent=50
SAMPLE_HEADER,name,run,base_cpu,load_cpu,dma_cycles,r_wait,w_wait,r_windows,w_windows,stall_ar,stall_r,stall_aw,stall_w,stall_b,overlap,checks_ok
SUMMARY_HEADER,name,burst,rd_out,wr_out,rbr_ctrl,threshold,nominal,r_delta_q8,w_delta_q8,base_mean,cpu_mean,p95,p99,target,slowdown_percent,violations,violation_percent,dma_cycles,dma_MiB_per_s,r_wait,w_wait,r_windows,w_windows,stall_ar,stall_r,stall_aw,stall_w,stall_b,errors
SAMPLE,RAW_B1_O1,0,106.43,109.09,33749756,0,0,0,0,0,0,0,0,0,1,1
SAMPLE,RAW_B1_O1,1,106.35,109.04,33750463,0,0,0,0,0,0,0,0,0,1,1
SAMPLE,RAW_B1_O1,2,106.43,109.05,33750616,0,0,0,0,0,0,0,0,0,1,1
SAMPLE,RAW_B1_O1,3,106.29,109.07,33750029,0,0,0,0,0,0,0,0,0,1,1
SAMPLE,RAW_B1_O1,4,106.43,109.15,33749777,0,0,0,0,0,0,0,0,0,1,1
SAMPLE,RAW_B1_O1,5,106.36,109.08,33750279,0,0,0,0,0,0,0,0,0,1,1
SAMPLE,RAW_B1_O1,6,106.43,109.09,33750081,0,0,0,0,0,0,0,0,0,1,1
SAMPLE,RAW_B1_O1,7,106.31,109.04,33750279,0,0,0,0,0,0,0,0,0,1,1
SAMPLE,RAW_B1_O1,8,106.42,109.09,33750387,0,0,0,0,0,0,0,0,0,1,1
SAMPLE,RAW_B1_O1,9,106.36,109.08,33750056,0,0,0,0,0,0,0,0,0,1,1
SAMPLE,RAW_B1_O1,10,106.42,109.12,33750146,0,0,0,0,0,0,0,0,0,1,1
SAMPLE,RAW_B1_O1,11,106.48,109.10,33749891,0,0,0,0,0,0,0,0,0,1,1
SAMPLE,RAW_B1_O1,12,106.34,109.08,33749844,0,0,0,0,0,0,0,0,0,1,1
SAMPLE,RAW_B1_O1,13,106.39,109.13,33750349,0,0,0,0,0,0,0,0,0,1,1
SAMPLE,RAW_B1_O1,14,106.36,109.06,33749656,0,0,0,0,0,0,0,0,0,1,1
SAMPLE,RAW_B1_O1,15,106.29,109.10,33749963,0,0,0,0,0,0,0,0,0,1,1
SAMPLE,RAW_B1_O1,16,106.40,109.12,33749584,0,0,0,0,0,0,0,0,0,1,1
SAMPLE,RAW_B1_O1,17,106.37,109.01,33750180,0,0,0,0,0,0,0,0,0,1,1
SAMPLE,RAW_B1_O1,18,106.34,109.06,33749982,0,0,0,0,0,0,0,0,0,1,1
SAMPLE,RAW_B1_O1,19,106.35,109.02,33750196,0,0,0,0,0,0,0,0,0,1,1
SAMPLE,RAW_B1_O1,20,106.45,109.10,33750257,0,0,0,0,0,0,0,0,0,1,1
SAMPLE,RAW_B1_O1,21,106.40,109.07,33749955,0,0,0,0,0,0,0,0,0,1,1
SAMPLE,RAW_B1_O1,22,106.34,109.04,33749921,0,0,0,0,0,0,0,0,0,1,1
SAMPLE,RAW_B1_O1,23,106.37,109.11,33749908,0,0,0,0,0,0,0,0,0,1,1
SAMPLE,RAW_B1_O1,24,106.28,109.00,33750822,0,0,0,0,0,0,0,0,0,1,1
SAMPLE,RAW_B1_O1,25,106.31,109.05,33750707,0,0,0,0,0,0,0,0,0,1,1
SAMPLE,RAW_B1_O1,26,106.36,109.14,33750548,0,0,0,0,0,0,0,0,0,1,1
SAMPLE,RAW_B1_O1,27,106.45,109.12,33750611,0,0,0,0,0,0,0,0,0,1,1
SAMPLE,RAW_B1_O1,28,106.42,108.99,33749661,0,0,0,0,0,0,0,0,0,1,1
SAMPLE,RAW_B1_O1,29,106.41,109.05,33750579,0,0,0,0,0,0,0,0,0,1,1
SAMPLE,RAW_B1_O1,30,106.26,109.08,33750813,0,0,0,0,0,0,0,0,0,1,1
SAMPLE,RAW_B1_O1,31,106.41,109.00,33750469,0,0,0,0,0,0,0,0,0,1,1
SAMPLE,RAW_B1_O1,32,106.33,108.98,33750227,0,0,0,0,0,0,0,0,0,1,1
SAMPLE,RAW_B1_O1,33,106.43,109.07,33750584,0,0,0,0,0,0,0,0,0,1,1
SAMPLE,RAW_B1_O1,34,106.37,109.02,33750426,0,0,0,0,0,0,0,0,0,1,1
SAMPLE,RAW_B1_O1,35,106.41,109.03,33750795,0,0,0,0,0,0,0,0,0,1,1
SAMPLE,RAW_B1_O1,36,106.37,109.09,33750656,0,0,0,0,0,0,0,0,0,1,1
SAMPLE,RAW_B1_O1,37,106.42,109.12,33750673,0,0,0,0,0,0,0,0,0,1,1
SAMPLE,RAW_B1_O1,38,106.37,109.14,33750711,0,0,0,0,0,0,0,0,0,1,1
SAMPLE,RAW_B1_O1,39,106.38,109.10,33750412,0,0,0,0,0,0,0,0,0,1,1
SAMPLE,RAW_B1_O1,40,106.35,109.07,33750093,0,0,0,0,0,0,0,0,0,1,1
SAMPLE,RAW_B1_O1,41,106.41,109.10,33749959,0,0,0,0,0,0,0,0,0,1,1
SAMPLE,RAW_B1_O1,42,106.35,109.11,33750577,0,0,0,0,0,0,0,0,0,1,1
SAMPLE,RAW_B1_O1,43,106.34,109.11,33749647,0,0,0,0,0,0,0,0,0,1,1
SAMPLE,RAW_B1_O1,44,106.40,109.06,33750375,0,0,0,0,0,0,0,0,0,1,1
SAMPLE,RAW_B1_O1,45,106.31,109.13,33750021,0,0,0,0,0,0,0,0,0,1,1
SAMPLE,RAW_B1_O1,46,106.32,109.11,33750468,0,0,0,0,0,0,0,0,0,1,1
SAMPLE,RAW_B1_O1,47,106.44,109.07,33750336,0,0,0,0,0,0,0,0,0,1,1
SAMPLE,RAW_B1_O1,48,106.36,109.06,33750588,0,0,0,0,0,0,0,0,0,1,1
SAMPLE,RAW_B1_O1,49,106.31,109.04,33750686,0,0,0,0,0,0,0,0,0,1,1
SAMPLE,RAW_B1_O1,50,106.35,109.13,33750017,0,0,0,0,0,0,0,0,0,1,1
SAMPLE,RAW_B1_O1,51,106.47,109.06,33750220,0,0,0,0,0,0,0,0,0,1,1
SAMPLE,RAW_B1_O1,52,106.32,109.02,33751172,0,0,0,0,0,0,0,0,0,1,1
SAMPLE,RAW_B1_O1,53,106.42,109.03,33750448,0,0,0,0,0,0,0,0,0,1,1
SAMPLE,RAW_B1_O1,54,106.35,109.17,33749801,0,0,0,0,0,0,0,0,0,1,1
SAMPLE,RAW_B1_O1,55,106.52,109.14,33750795,0,0,0,0,0,0,0,0,0,1,1
SAMPLE,RAW_B1_O1,56,106.35,109.11,33750077,0,0,0,0,0,0,0,0,0,1,1
SAMPLE,RAW_B1_O1,57,106.39,109.08,33750147,0,0,0,0,0,0,0,0,0,1,1
SAMPLE,RAW_B1_O1,58,106.37,109.11,33749957,0,0,0,0,0,0,0,0,0,1,1
SAMPLE,RAW_B1_O1,59,106.35,109.06,33749920,0,0,0,0,0,0,0,0,0,1,1
SAMPLE,RAW_B1_O1,60,106.32,109.07,33750188,0,0,0,0,0,0,0,0,0,1,1
SAMPLE,RAW_B1_O1,61,106.34,109.09,33750378,0,0,0,0,0,0,0,0,0,1,1
SAMPLE,RAW_B1_O1,62,106.42,109.07,33750483,0,0,0,0,0,0,0,0,0,1,1
SAMPLE,RAW_B1_O1,63,106.30,109.14,33750648,0,0,0,0,0,0,0,0,0,1,1
SAMPLE,RAW_B1_O1,64,106.39,109.03,33750527,0,0,0,0,0,0,0,0,0,1,1
SAMPLE,RAW_B1_O1,65,106.37,109.14,33750141,0,0,0,0,0,0,0,0,0,1,1
SAMPLE,RAW_B1_O1,66,106.33,109.12,33749729,0,0,0,0,0,0,0,0,0,1,1
SAMPLE,RAW_B1_O1,67,106.38,109.07,33750100,0,0,0,0,0,0,0,0,0,1,1
SAMPLE,RAW_B1_O1,68,106.46,109.09,33750550,0,0,0,0,0,0,0,0,0,1,1
SAMPLE,RAW_B1_O1,69,106.38,109.07,33750751,0,0,0,0,0,0,0,0,0,1,1
SAMPLE,RAW_B1_O1,70,106.35,109.14,33750347,0,0,0,0,0,0,0,0,0,1,1
SAMPLE,RAW_B1_O1,71,106.38,109.04,33750310,0,0,0,0,0,0,0,0,0,1,1
SAMPLE,RAW_B1_O1,72,106.37,109.04,33750858,0,0,0,0,0,0,0,0,0,1,1
SAMPLE,RAW_B1_O1,73,106.38,109.12,33750092,0,0,0,0,0,0,0,0,0,1,1
SAMPLE,RAW_B1_O1,74,106.42,108.99,33750678,0,0,0,0,0,0,0,0,0,1,1
SAMPLE,RAW_B1_O1,75,106.47,109.07,33750285,0,0,0,0,0,0,0,0,0,1,1
SAMPLE,RAW_B1_O1,76,106.37,109.09,33750266,0,0,0,0,0,0,0,0,0,1,1
SAMPLE,RAW_B1_O1,77,106.43,109.10,33750074,0,0,0,0,0,0,0,0,0,1,1
SAMPLE,RAW_B1_O1,78,106.34,109.14,33749902,0,0,0,0,0,0,0,0,0,1,1
SAMPLE,RAW_B1_O1,79,106.40,109.08,33749509,0,0,0,0,0,0,0,0,0,1,1
SAMPLE,RAW_B1_O1,80,106.41,109.07,33749574,0,0,0,0,0,0,0,0,0,1,1
SAMPLE,RAW_B1_O1,81,106.33,109.09,33750047,0,0,0,0,0,0,0,0,0,1,1
SAMPLE,RAW_B1_O1,82,106.38,109.09,33750102,0,0,0,0,0,0,0,0,0,1,1
SAMPLE,RAW_B1_O1,83,106.31,109.06,33750130,0,0,0,0,0,0,0,0,0,1,1
SAMPLE,RAW_B1_O1,84,106.38,109.10,33750256,0,0,0,0,0,0,0,0,0,1,1
SAMPLE,RAW_B1_O1,85,106.45,109.13,33750263,0,0,0,0,0,0,0,0,0,1,1
SAMPLE,RAW_B1_O1,86,106.31,109.05,33750197,0,0,0,0,0,0,0,0,0,1,1
SAMPLE,RAW_B1_O1,87,106.35,109.07,33750712,0,0,0,0,0,0,0,0,0,1,1
SAMPLE,RAW_B1_O1,88,106.36,109.11,33750371,0,0,0,0,0,0,0,0,0,1,1
SAMPLE,RAW_B1_O1,89,106.39,109.12,33749995,0,0,0,0,0,0,0,0,0,1,1
SAMPLE,RAW_B1_O1,90,106.37,109.09,33750299,0,0,0,0,0,0,0,0,0,1,1
SAMPLE,RAW_B1_O1,91,106.43,109.07,33750630,0,0,0,0,0,0,0,0,0,1,1
SAMPLE,RAW_B1_O1,92,106.33,109.05,33750509,0,0,0,0,0,0,0,0,0,1,1
SAMPLE,RAW_B1_O1,93,106.31,109.15,33750318,0,0,0,0,0,0,0,0,0,1,1
SAMPLE,RAW_B1_O1,94,106.35,109.05,33749810,0,0,0,0,0,0,0,0,0,1,1
SAMPLE,RAW_B1_O1,95,106.42,109.07,33750133,0,0,0,0,0,0,0,0,0,1,1
SAMPLE,RAW_B1_O1,96,106.31,109.11,33750475,0,0,0,0,0,0,0,0,0,1,1
SAMPLE,RAW_B1_O1,97,106.36,109.09,33750592,0,0,0,0,0,0,0,0,0,1,1
SAMPLE,RAW_B1_O1,98,106.53,109.11,33750511,0,0,0,0,0,0,0,0,0,1,1
SAMPLE,RAW_B1_O1,99,106.30,109.10,33750210,0,0,0,0,0,0,0,0,0,1,1
SUMMARY,RAW_B1_O1,1,1,1,0,256,32,0,0,106.37,109.08,109.14,109.15,159.55,2.54,0,0.00,33750265,23.70,0,0,0,0,0,0,0,0,0,0
SAMPLE,RAW_B1_O2,0,106.36,110.51,17203428,0,0,0,0,524155,0,523755,0,0,1,1
SAMPLE,RAW_B1_O2,1,106.35,110.18,17203426,0,0,0,0,524130,0,523866,0,0,1,1
SAMPLE,RAW_B1_O2,2,106.28,110.75,17200527,0,0,0,0,524115,0,523523,0,0,1,1
SAMPLE,RAW_B1_O2,3,106.38,110.68,17199779,0,0,0,0,524088,0,523557,0,0,1,1
SAMPLE,RAW_B1_O2,4,106.35,110.63,17199863,0,0,0,0,524088,0,523585,0,0,1,1
SAMPLE,RAW_B1_O2,5,106.40,110.16,17204653,0,0,0,0,524118,0,523877,0,0,1,1
SAMPLE,RAW_B1_O2,6,106.39,110.81,17200805,0,0,0,0,524118,0,523508,0,0,1,1
SAMPLE,RAW_B1_O2,7,106.45,110.41,17204536,0,0,0,0,524161,0,523815,0,0,1,1
SAMPLE,RAW_B1_O2,8,106.46,110.81,17199258,0,0,0,0,524112,0,523491,0,0,1,1
SAMPLE,RAW_B1_O2,9,106.39,110.39,17204484,0,0,0,0,524132,0,523798,0,0,1,1
SAMPLE,RAW_B1_O2,10,106.32,110.38,17203410,0,0,0,0,524121,0,523805,0,0,1,1
SAMPLE,RAW_B1_O2,11,106.38,110.36,17202652,0,0,0,0,524103,0,523823,0,0,1,1
SAMPLE,RAW_B1_O2,12,106.32,110.57,17201370,0,0,0,0,524130,0,523610,0,0,1,1
SAMPLE,RAW_B1_O2,13,106.34,110.90,17199414,0,0,0,0,524087,0,523503,0,0,1,1
SAMPLE,RAW_B1_O2,14,106.45,110.63,17198508,0,0,0,0,524086,0,523558,0,0,1,1
SAMPLE,RAW_B1_O2,15,106.37,110.41,17200874,0,0,0,0,524112,0,523646,0,0,1,1
SAMPLE,RAW_B1_O2,16,106.39,110.22,17206117,0,0,0,0,524166,0,523922,0,0,1,1
SAMPLE,RAW_B1_O2,17,106.33,110.51,17202114,0,0,0,0,524108,0,523613,0,0,1,1
SAMPLE,RAW_B1_O2,18,106.31,110.55,17200061,0,0,0,0,524096,0,523628,0,0,1,1
SAMPLE,RAW_B1_O2,19,106.27,110.70,17198728,0,0,0,0,524104,0,523544,0,0,1,1
SAMPLE,RAW_B1_O2,20,106.29,110.75,17198984,0,0,0,0,524084,0,523543,0,0,1,1
SAMPLE,RAW_B1_O2,21,106.36,110.50,17203238,0,0,0,0,524161,0,523723,0,0,1,1
SAMPLE,RAW_B1_O2,22,106.27,110.58,17201632,0,0,0,0,524103,0,523631,0,0,1,1
SAMPLE,RAW_B1_O2,23,106.31,110.50,17203473,0,0,0,0,524139,0,523735,0,0,1,1

SAMPLE,RAW_B1_O2,24,106.39,110.64,17196568,0,0,0,0,524020,0,523508,0,0,1,1
SAMPLE,RAW_B1_O2,25,106.32,110.90,17196968,0,0,0,0,524101,0,523384,0,0,1,1
SAMPLE,RAW_B1_O2,26,106.32,110.87,17199680,0,0,0,0,524130,0,523494,0,0,1,1
SAMPLE,RAW_B1_O2,27,106.38,110.52,17202508,0,0,0,0,524121,0,523649,0,0,1,1
SAMPLE,RAW_B1_O2,28,106.31,110.46,17203616,0,0,0,0,524138,0,523693,0,0,1,1
SAMPLE,RAW_B1_O2,29,106.35,110.76,17201903,0,0,0,0,524156,0,523629,0,0,1,1
SAMPLE,RAW_B1_O2,30,106.37,110.52,17200605,0,0,0,0,524102,0,523582,0,0,1,1
SAMPLE,RAW_B1_O2,31,106.39,110.45,17200146,0,0,0,0,524064,0,523711,0,0,1,1
SAMPLE,RAW_B1_O2,32,106.39,110.78,17198531,0,0,0,0,524107,0,523468,0,0,1,1
SAMPLE,RAW_B1_O2,33,106.41,110.32,17204550,0,0,0,0,524174,0,523843,0,0,1,1
SAMPLE,RAW_B1_O2,34,106.46,110.45,17203331,0,0,0,0,524124,0,523697,0,0,1,1
SAMPLE,RAW_B1_O2,35,106.33,110.37,17205659,0,0,0,0,524165,0,523890,0,0,1,1
SAMPLE,RAW_B1_O2,36,106.42,110.51,17203226,0,0,0,0,524120,0,523705,0,0,1,1
SAMPLE,RAW_B1_O2,37,106.38,110.54,17203008,0,0,0,0,524144,0,523790,0,0,1,1
SAMPLE,RAW_B1_O2,38,106.39,110.34,17205532,0,0,0,0,524137,0,523867,0,0,1,1
SAMPLE,RAW_B1_O2,39,106.44,110.63,17202157,0,0,0,0,524123,0,523616,0,0,1,1
SAMPLE,RAW_B1_O2,40,106.28,110.47,17202950,0,0,0,0,524103,0,523695,0,0,1,1
SAMPLE,RAW_B1_O2,41,106.37,110.84,17198156,0,0,0,0,524047,0,523383,0,0,1,1
SAMPLE,RAW_B1_O2,42,106.35,110.88,17197234,0,0,0,0,524083,0,523374,0,0,1,1
SAMPLE,RAW_B1_O2,43,106.31,110.51,17201871,0,0,0,0,524095,0,523637,0,0,1,1
SAMPLE,RAW_B1_O2,44,106.35,110.56,17200098,0,0,0,0,524068,0,523606,0,0,1,1
SAMPLE,RAW_B1_O2,45,106.38,110.38,17202646,0,0,0,0,524096,0,523748,0,0,1,1
SAMPLE,RAW_B1_O2,46,106.36,110.50,17203364,0,0,0,0,524098,0,523692,0,0,1,1
SAMPLE,RAW_B1_O2,47,106.34,110.40,17203006,0,0,0,0,524159,0,523753,0,0,1,1
SAMPLE,RAW_B1_O2,48,106.38,110.93,17197106,0,0,0,0,524075,0,523356,0,0,1,1
SAMPLE,RAW_B1_O2,49,106.37,110.70,17199660,0,0,0,0,524088,0,523495,0,0,1,1
SAMPLE,RAW_B1_O2,50,106.38,110.50,17202448,0,0,0,0,524135,0,523628,0,0,1,1
SAMPLE,RAW_B1_O2,51,106.39,110.52,17200406,0,0,0,0,524084,0,523554,0,0,1,1
SAMPLE,RAW_B1_O2,52,106.45,110.33,17203076,0,0,0,0,524131,0,523867,0,0,1,1
SAMPLE,RAW_B1_O2,53,106.35,110.45,17203957,0,0,0,0,524141,0,523765,0,0,1,1
SAMPLE,RAW_B1_O2,54,106.36,110.43,17204681,0,0,0,0,524145,0,523811,0,0,1,1
SAMPLE,RAW_B1_O2,55,106.29,110.78,17196725,0,0,0,0,524042,0,523446,0,0,1,1
SAMPLE,RAW_B1_O2,56,106.30,110.46,17200907,0,0,0,0,524119,0,523615,0,0,1,1
SAMPLE,RAW_B1_O2,57,106.37,110.69,17199814,0,0,0,0,524099,0,523557,0,0,1,1
SAMPLE,RAW_B1_O2,58,106.42,110.70,17201998,0,0,0,0,524134,0,523593,0,0,1,1
SAMPLE,RAW_B1_O2,59,106.52,110.47,17200735,0,0,0,0,524091,0,523660,0,0,1,1
SAMPLE,RAW_B1_O2,60,106.39,110.43,17203437,0,0,0,0,524149,0,523727,0,0,1,1
SAMPLE,RAW_B1_O2,61,106.27,110.46,17203588,0,0,0,0,524125,0,523734,0,0,1,1
SAMPLE,RAW_B1_O2,62,106.38,110.37,17202568,0,0,0,0,524092,0,523730,0,0,1,1
SAMPLE,RAW_B1_O2,63,106.38,110.84,17200315,0,0,0,0,524133,0,523492,0,0,1,1
SAMPLE,RAW_B1_O2,64,106.30,110.54,17203033,0,0,0,0,524148,0,523691,0,0,1,1
SAMPLE,RAW_B1_O2,65,106.32,110.44,17202614,0,0,0,0,524123,0,523736,0,0,1,1
SAMPLE,RAW_B1_O2,66,106.42,110.35,17202826,0,0,0,0,524118,0,523762,0,0,1,1
SAMPLE,RAW_B1_O2,67,106.44,110.53,17201596,0,0,0,0,524069,0,523535,0,0,1,1
SAMPLE,RAW_B1_O2,68,106.41,110.40,17203784,0,0,0,0,524142,0,523808,0,0,1,1
SAMPLE,RAW_B1_O2,69,106.31,110.47,17200741,0,0,0,0,524090,0,523636,0,0,1,1
SAMPLE,RAW_B1_O2,70,106.40,110.47,17203631,0,0,0,0,524127,0,523746,0,0,1,1
SAMPLE,RAW_B1_O2,71,106.42,110.60,17201982,0,0,0,0,524133,0,523639,0,0,1,1
SAMPLE,RAW_B1_O2,72,106.42,110.33,17205439,0,0,0,0,524163,0,523888,0,0,1,1

SAMPLE,RAW_B1_O2,73,106.43,110.57,17200443,0,0,0,0,524105,0,523657,0,0,1,1
SAMPLE,RAW_B1_O2,74,106.37,110.25,17204767,0,0,0,0,524147,0,523861,0,0,1,1
SAMPLE,RAW_B1_O2,75,106.43,110.44,17203917,0,0,0,0,524152,0,523795,0,0,1,1
SAMPLE,RAW_B1_O2,76,106.30,110.26,17203704,0,0,0,0,524156,0,523880,0,0,1,1
SAMPLE,RAW_B1_O2,77,106.30,110.69,17199584,0,0,0,0,524100,0,523520,0,0,1,1
SAMPLE,RAW_B1_O2,78,106.34,110.48,17201934,0,0,0,0,524101,0,523643,0,0,1,1
SAMPLE,RAW_B1_O2,79,106.38,110.44,17202861,0,0,0,0,524099,0,523670,0,0,1,1
SAMPLE,RAW_B1_O2,80,106.35,110.26,17205232,0,0,0,0,524132,0,523823,0,0,1,1
SAMPLE,RAW_B1_O2,81,106.43,110.57,17202621,0,0,0,0,524081,0,523601,0,0,1,1
SAMPLE,RAW_B1_O2,82,106.42,110.24,17203575,0,0,0,0,524075,0,523816,0,0,1,1
SAMPLE,RAW_B1_O2,83,106.38,110.31,17204701,0,0,0,0,524141,0,523830,0,0,1,1
SAMPLE,RAW_B1_O2,84,106.33,110.55,17201811,0,0,0,0,524108,0,523709,0,0,1,1
SAMPLE,RAW_B1_O2,85,106.44,110.41,17202525,0,0,0,0,524131,0,523793,0,0,1,1
SAMPLE,RAW_B1_O2,86,106.33,110.63,17200405,0,0,0,0,524101,0,523596,0,0,1,1
SAMPLE,RAW_B1_O2,87,106.39,110.41,17201163,0,0,0,0,524082,0,523587,0,0,1,1
SAMPLE,RAW_B1_O2,88,106.37,110.42,17203587,0,0,0,0,524153,0,523803,0,0,1,1
SAMPLE,RAW_B1_O2,89,106.33,110.60,17201356,0,0,0,0,524145,0,523642,0,0,1,1
SAMPLE,RAW_B1_O2,90,106.31,110.54,17201756,0,0,0,0,524136,0,523661,0,0,1,1
SAMPLE,RAW_B1_O2,91,106.39,110.50,17202259,0,0,0,0,524142,0,523771,0,0,1,1
SAMPLE,RAW_B1_O2,92,106.31,110.54,17203054,0,0,0,0,524142,0,523680,0,0,1,1
SAMPLE,RAW_B1_O2,93,106.22,110.44,17202209,0,0,0,0,524124,0,523708,0,0,1,1
SAMPLE,RAW_B1_O2,94,106.27,110.40,17204113,0,0,0,0,524151,0,523797,0,0,1,1
SAMPLE,RAW_B1_O2,95,106.39,110.64,17200191,0,0,0,0,524092,0,523534,0,0,1,1
SAMPLE,RAW_B1_O2,96,106.43,110.61,17202349,0,0,0,0,524131,0,523639,0,0,1,1
SAMPLE,RAW_B1_O2,97,106.35,110.45,17200558,0,0,0,0,524083,0,523662,0,0,1,1
SAMPLE,RAW_B1_O2,98,106.24,110.40,17201601,0,0,0,0,524115,0,523733,0,0,1,1
SAMPLE,RAW_B1_O2,99,106.34,110.38,17205096,0,0,0,0,524160,0,523849,0,0,1,1
SUMMARY,RAW_B1_O2,1,2,2,0,256,32,0,0,106.36,110.52,110.84,110.90,159.54,3.91,0,0.00,17201930,46.50,0,0,0,0,524116,0,523672,0,0,0
SAMPLE,RAW_B1_O4,0,106.52,113.79,8935428,0,0,0,0,780659,0,780622,0,0,1,1
SAMPLE,RAW_B1_O4,1,106.43,113.77,8934093,0,0,0,0,780472,0,780452,0,0,1,1
SAMPLE,RAW_B1_O4,2,106.38,113.75,8935658,0,0,0,0,780519,0,780494,0,0,1,1
SAMPLE,RAW_B1_O4,3,106.36,113.66,8936026,0,0,0,0,780774,0,780735,0,0,1,1
SAMPLE,RAW_B1_O4,4,106.43,113.49,8942031,0,0,0,0,780816,0,780780,0,0,1,1
SAMPLE,RAW_B1_O4,5,106.27,113.77,8938985,0,0,0,0,780461,0,780434,0,0,1,1
SAMPLE,RAW_B1_O4,6,106.34,113.52,8937568,0,0,0,0,780609,0,780580,0,0,1,1
SAMPLE,RAW_B1_O4,7,106.36,113.57,8946648,0,0,0,0,780845,0,780809,0,0,1,1
SAMPLE,RAW_B1_O4,8,106.36,113.54,8943164,0,0,0,0,781070,0,781028,0,0,1,1
SAMPLE,RAW_B1_O4,9,106.37,113.67,8939717,0,0,0,0,780829,0,780801,0,0,1,1
SAMPLE,RAW_B1_O4,10,106.39,113.81,8943485,0,0,0,0,780999,0,780962,0,0,1,1
SAMPLE,RAW_B1_O4,11,106.40,113.67,8945914,0,0,0,0,781118,0,781073,0,0,1,1
SAMPLE,RAW_B1_O4,12,106.44,113.83,8932311,0,0,0,0,780685,0,780649,0,0,1,1
SAMPLE,RAW_B1_O4,13,106.36,113.55,8944219,0,0,0,0,780652,0,780619,0,0,1,1
SAMPLE,RAW_B1_O4,14,106.40,113.89,8943912,0,0,0,0,780914,0,780883,0,0,1,1
SAMPLE,RAW_B1_O4,15,106.27,113.54,8923695,0,0,0,0,780382,0,780354,0,0,1,1
SAMPLE,RAW_B1_O4,16,106.49,113.63,8940804,0,0,0,0,780515,0,780488,0,0,1,1
SAMPLE,RAW_B1_O4,17,106.45,113.56,8944769,0,0,0,0,781219,0,781178,0,0,1,1
SAMPLE,RAW_B1_O4,18,106.40,113.68,8936875,0,0,0,0,780609,0,780579,0,0,1,1
SAMPLE,RAW_B1_O4,19,106.28,113.74,8942602,0,0,0,0,781069,0,781028,0,0,1,1
SAMPLE,RAW_B1_O4,20,106.36,113.59,8935686,0,0,0,0,780512,0,780470,0,0,1,1
SAMPLE,RAW_B1_O4,21,106.46,113.87,8943542,0,0,0,0,780935,0,780900,0,0,1,1
SAMPLE,RAW_B1_O4,22,106.26,113.57,8937721,0,0,0,0,780807,0,780774,0,0,1,1
SAMPLE,RAW_B1_O4,23,106.41,113.59,8939197,0,0,0,0,780605,0,780570,0,0,1,1
SAMPLE,RAW_B1_O4,24,106.37,113.41,8942309,0,0,0,0,780955,0,780921,0,0,1,1
SAMPLE,RAW_B1_O4,25,106.29,113.58,8945037,0,0,0,0,781376,0,781330,0,0,1,1
SAMPLE,RAW_B1_O4,26,106.36,113.75,8936267,0,0,0,0,780549,0,780514,0,0,1,1
SAMPLE,RAW_B1_O4,27,106.39,113.80,8940888,0,0,0,0,780963,0,780930,0,0,1,1
SAMPLE,RAW_B1_O4,28,106.29,113.33,8943379,0,0,0,0,780952,0,780918,0,0,1,1
SAMPLE,RAW_B1_O4,29,106.33,113.67,8944289,0,0,0,0,780995,0,780967,0,0,1,1
SAMPLE,RAW_B1_O4,30,106.48,113.70,8944687,0,0,0,0,780878,0,780843,0,0,1,1
SAMPLE,RAW_B1_O4,31,106.39,113.46,8945107,0,0,0,0,781062,0,781019,0,0,1,1
SAMPLE,RAW_B1_O4,32,106.34,114.00,8943940,0,0,0,0,781073,0,781036,0,0,1,1
SAMPLE,RAW_B1_O4,33,106.39,113.85,8941713,0,0,0,0,781296,0,781252,0,0,1,1
SAMPLE,RAW_B1_O4,34,106.48,113.63,8940921,0,0,0,0,780874,0,780847,0,0,1,1
SAMPLE,RAW_B1_O4,35,106.39,113.56,8942011,0,0,0,0,781154,0,781113,0,0,1,1
SAMPLE,RAW_B1_O4,36,106.44,113.72,8938746,0,0,0,0,780747,0,780715,0,0,1,1
SAMPLE,RAW_B1_O4,37,106.32,113.73,8937983,0,0,0,0,780691,0,780663,0,0,1,1
SAMPLE,RAW_B1_O4,38,106.28,113.38,8937557,0,0,0,0,780436,0,780408,0,0,1,1
SAMPLE,RAW_B1_O4,39,106.39,113.50,8945474,0,0,0,0,780950,0,780911,0,0,1,1
SAMPLE,RAW_B1_O4,40,106.39,113.92,8938416,0,0,0,0,780770,0,780737,0,0,1,1
SAMPLE,RAW_B1_O4,41,106.43,113.85,8938497,0,0,0,0,780913,0,780867,0,0,1,1
SAMPLE,RAW_B1_O4,42,106.35,113.77,8946296,0,0,0,0,781080,0,781034,0,0,1,1
SAMPLE,RAW_B1_O4,43,106.45,113.92,8942899,0,0,0,0,780822,0,780791,0,0,1,1
SAMPLE,RAW_B1_O4,44,106.47,113.63,8940681,0,0,0,0,780858,0,780822,0,0,1,1
SAMPLE,RAW_B1_O4,45,106.34,113.79,8940126,0,0,0,0,780697,0,780660,0,0,1,1
SAMPLE,RAW_B1_O4,46,106.29,113.75,8943204,0,0,0,0,780999,0,780957,0,0,1,1
SAMPLE,RAW_B1_O4,47,106.32,113.71,8947154,0,0,0,0,780905,0,780855,0,0,1,1
SAMPLE,RAW_B1_O4,48,106.41,113.76,8939166,0,0,0,0,780534,0,780505,0,0,1,1
SAMPLE,RAW_B1_O4,49,106.41,113.69,8941110,0,0,0,0,780461,0,780437,0,0,1,1
SAMPLE,RAW_B1_O4,50,106.42,113.78,8942455,0,0,0,0,780758,0,780709,0,0,1,1
SAMPLE,RAW_B1_O4,51,106.38,113.55,8941409,0,0,0,0,780771,0,780738,0,0,1,1
SAMPLE,RAW_B1_O4,52,106.33,114.03,8938450,0,0,0,0,780730,0,780701,0,0,1,1
SAMPLE,RAW_B1_O4,53,106.34,113.62,8942331,0,0,0,0,781060,0,781027,0,0,1,1
SAMPLE,RAW_B1_O4,54,106.38,113.74,8945261,0,0,0,0,781119,0,781078,0,0,1,1
SAMPLE,RAW_B1_O4,55,106.43,113.56,8937422,0,0,0,0,781011,0,780978,0,0,1,1
SAMPLE,RAW_B1_O4,56,106.37,114.03,8936991,0,0,0,0,780719,0,780688,0,0,1,1
SAMPLE,RAW_B1_O4,57,106.36,113.40,8940622,0,0,0,0,780916,0,780882,0,0,1,1
SAMPLE,RAW_B1_O4,58,106.39,113.77,8939674,0,0,0,0,780695,0,780660,0,0,1,1
SAMPLE,RAW_B1_O4,59,106.36,113.40,8939584,0,0,0,0,780752,0,780724,0,0,1,1
SAMPLE,RAW_B1_O4,60,106.37,113.98,8922780,0,0,0,0,780478,0,780448,0,0,1,1
SAMPLE,RAW_B1_O4,61,106.40,113.79,8946043,0,0,0,0,781034,0,780999,0,0,1,1
SAMPLE,RAW_B1_O4,62,106.50,113.75,8940313,0,0,0,0,780891,0,780851,0,0,1,1
SAMPLE,RAW_B1_O4,63,106.35,113.64,8939637,0,0,0,0,780843,0,780802,0,0,1,1
SAMPLE,RAW_B1_O4,64,106.40,113.35,8946780,0,0,0,0,780945,0,780903,0,0,1,1
SAMPLE,RAW_B1_O4,65,106.39,113.66,8940534,0,0,0,0,781098,0,781062,0,0,1,1
SAMPLE,RAW_B1_O4,66,106.44,113.75,8933698,0,0,0,0,780523,0,780488,0,0,1,1
SAMPLE,RAW_B1_O4,67,106.45,113.47,8937968,0,0,0,0,780544,0,780515,0,0,1,1
SAMPLE,RAW_B1_O4,68,106.49,113.57,8936605,0,0,0,0,780803,0,780772,0,0,1,1
SAMPLE,RAW_B1_O4,69,106.30,113.58,8937346,0,0,0,0,780786,0,780749,0,0,1,1
SAMPLE,RAW_B1_O4,70,106.44,113.42,8939844,0,0,0,0,780810,0,780778,0,0,1,1
SAMPLE,RAW_B1_O4,71,106.38,113.82,8939816,0,0,0,0,780761,0,780718,0,0,1,1
SAMPLE,RAW_B1_O4,72,106.39,113.74,8938475,0,0,0,0,781061,0,781020,0,0,1,1
SAMPLE,RAW_B1_O4,73,106.35,113.87,8942425,0,0,0,0,780807,0,780769,0,0,1,1
SAMPLE,RAW_B1_O4,74,106.45,113.48,8937290,0,0,0,0,780655,0,780621,0,0,1,1
SAMPLE,RAW_B1_O4,75,106.37,113.67,8942393,0,0,0,0,781050,0,781015,0,0,1,1
SAMPLE,RAW_B1_O4,76,106.43,113.69,8936796,0,0,0,0,780763,0,780734,0,0,1,1
SAMPLE,RAW_B1_O4,77,106.32,113.62,8929177,0,0,0,0,780794,0,780765,0,0,1,1
SAMPLE,RAW_B1_O4,78,106.28,113.76,8941917,0,0,0,0,780959,0,780931,0,0,1,1
SAMPLE,RAW_B1_O4,79,106.35,113.64,8941352,0,0,0,0,780921,0,780888,0,0,1,1
SAMPLE,RAW_B1_O4,80,106.39,113.68,8938197,0,0,0,0,780649,0,780618,0,0,1,1
SAMPLE,RAW_B1_O4,81,106.30,113.57,8932948,0,0,0,0,780658,0,780618,0,0,1,1
SAMPLE,RAW_B1_O4,82,106.39,113.44,8939668,0,0,0,0,780714,0,780670,0,0,1,1
SAMPLE,RAW_B1_O4,83,106.41,113.72,8942656,0,0,0,0,781022,0,780991,0,0,1,1
SAMPLE,RAW_B1_O4,84,106.34,113.42,8930804,0,0,0,0,780584,0,780561,0,0,1,1
SAMPLE,RAW_B1_O4,85,106.40,113.39,8939958,0,0,0,0,780645,0,780612,0,0,1,1
SAMPLE,RAW_B1_O4,86,106.38,113.58,8938193,0,0,0,0,780544,0,780515,0,0,1,1
SAMPLE,RAW_B1_O4,87,106.30,113.77,8944488,0,0,0,0,781121,0,781093,0,0,1,1
SAMPLE,RAW_B1_O4,88,106.31,113.76,8939508,0,0,0,0,780922,0,780883,0,0,1,1
SAMPLE,RAW_B1_O4,89,106.35,113.69,8937986,0,0,0,0,780835,0,780795,0,0,1,1
SAMPLE,RAW_B1_O4,90,106.39,113.80,8938034,0,0,0,0,780815,0,780779,0,0,1,1
SAMPLE,RAW_B1_O4,91,106.30,113.70,8945823,0,0,0,0,780743,0,780702,0,0,1,1
SAMPLE,RAW_B1_O4,92,106.34,113.62,8944054,0,0,0,0,781105,0,781069,0,0,1,1
SAMPLE,RAW_B1_O4,93,106.34,113.66,8939502,0,0,0,0,780961,0,780925,0,0,1,1
SAMPLE,RAW_B1_O4,94,106.30,113.41,8935520,0,0,0,0,780919,0,780891,0,0,1,1
SAMPLE,RAW_B1_O4,95,106.33,113.74,8938757,0,0,0,0,780700,0,780672,0,0,1,1
SAMPLE,RAW_B1_O4,96,106.41,113.90,8934313,0,0,0,0,780561,0,780531,0,0,1,1
SAMPLE,RAW_B1_O4,97,106.31,113.89,8940220,0,0,0,0,780826,0,780785,0,0,1,1
SAMPLE,RAW_B1_O4,98,106.30,113.77,8931307,0,0,0,0,780440,0,780402,0,0,1,1
SAMPLE,RAW_B1_O4,99,106.37,113.40,8945552,0,0,0,0,781194,0,781148,0,0,1,1
SUMMARY,RAW_B1_O4,1,4,4,0,256,32,0,0,106.37,113.66,113.92,114.03,159.55,6.85,0,0.00,8939847,89.48,0,0,0,0,780820,0,780785,0,0,0
SAMPLE,RAW_B2_O1,0,106.44,107.67,17227007,0,0,0,0,0,0,0,0,0,1,1
SAMPLE,RAW_B2_O1,1,106.25,107.66,17227055,0,0,0,0,0,0,0,0,0,1,1
SAMPLE,RAW_B2_O1,2,106.47,107.64,17227349,0,0,0,0,0,0,0,0,0,1,1
SAMPLE,RAW_B2_O1,3,106.36,107.68,17227217,0,0,0,0,0,0,0,0,0,1,1
SAMPLE,RAW_B2_O1,4,106.29,107.66,17227105,0,0,0,0,0,0,0,0,0,1,1
SAMPLE,RAW_B2_O1,5,106.46,107.68,17227278,0,0,0,0,0,0,0,0,0,1,1
SAMPLE,RAW_B2_O1,6,106.28,107.68,17227172,0,0,0,0,0,0,0,0,0,1,1
SAMPLE,RAW_B2_O1,7,106.44,107.67,17226893,0,0,0,0,0,0,0,0,0,1,1
SAMPLE,RAW_B2_O1,8,106.42,107.67,17226984,0,0,0,0,0,0,0,0,0,1,1
SAMPLE,RAW_B2_O1,9,106.39,107.67,17226988,0,0,0,0,0,0,0,0,0,1,1
SAMPLE,RAW_B2_O1,10,106.27,107.68,17226921,0,0,0,0,0,0,0,0,0,1,1
SAMPLE,RAW_B2_O1,11,106.32,107.71,17227187,0,0,0,0,0,0,0,0,0,1,1
SAMPLE,RAW_B2_O1,12,106.38,107.66,17227009,0,0,0,0,0,0,0,0,0,1,1
SAMPLE,RAW_B2_O1,13,106.23,107.67,17227180,0,0,0,0,0,0,0,0,0,1,1
SAMPLE,RAW_B2_O1,14,106.38,107.70,17227178,0,0,0,0,0,0,0,0,0,1,1
SAMPLE,RAW_B2_O1,15,106.35,107.65,17227342,0,0,0,0,0,0,0,0,0,1,1
SAMPLE,RAW_B2_O1,16,106.43,107.70,17226957,0,0,0,0,0,0,0,0,0,1,1
SAMPLE,RAW_B2_O1,17,106.44,107.66,17227038,0,0,0,0,0,0,0,0,0,1,1
SAMPLE,RAW_B2_O1,18,106.38,107.67,17227231,0,0,0,0,0,0,0,0,0,1,1
SAMPLE,RAW_B2_O1,19,106.36,107.71,17227141,0,0,0,0,0,0,0,0,0,1,1
SAMPLE,RAW_B2_O1,20,106.32,107.69,17226979,0,0,0,0,0,0,0,0,0,1,1
SAMPLE,RAW_B2_O1,21,106.40,107.65,17227085,0,0,0,0,0,0,0,0,0,1,1
SAMPLE,RAW_B2_O1,22,106.42,107.67,17227154,0,0,0,0,0,0,0,0,0,1,1
SAMPLE,RAW_B2_O1,23,106.26,107.67,17227147,0,0,0,0,0,0,0,0,0,1,1
SAMPLE,RAW_B2_O1,24,106.39,107.67,17227165,0,0,0,0,0,0,0,0,0,1,1
SAMPLE,RAW_B2_O1,25,106.32,107.64,17227119,0,0,0,0,0,0,0,0,0,1,1
SAMPLE,RAW_B2_O1,26,106.36,107.72,17227037,0,0,0,0,0,0,0,0,0,1,1
SAMPLE,RAW_B2_O1,27,106.38,107.65,17226800,0,0,0,0,0,0,0,0,0,1,1
SAMPLE,RAW_B2_O1,28,106.39,107.67,17227003,0,0,0,0,0,0,0,0,0,1,1
SAMPLE,RAW_B2_O1,29,106.41,107.69,17226994,0,0,0,0,0,0,0,0,0,1,1
SAMPLE,RAW_B2_O1,30,106.36,107.70,17226975,0,0,0,0,0,0,0,0,0,1,1
SAMPLE,RAW_B2_O1,31,106.37,107.65,17227453,0,0,0,0,0,0,0,0,0,1,1
SAMPLE,RAW_B2_O1,32,106.45,107.71,17226960,0,0,0,0,0,0,0,0,0,1,1
SAMPLE,RAW_B2_O1,33,106.39,107.69,17227119,0,0,0,0,0,0,0,0,0,1,1
SAMPLE,RAW_B2_O1,34,106.30,107.68,17227219,0,0,0,0,0,0,0,0,0,1,1
SAMPLE,RAW_B2_O1,35,106.31,107.70,17227025,0,0,0,0,0,0,0,0,0,1,1
SAMPLE,RAW_B2_O1,36,106.29,107.69,17227234,0,0,0,0,0,0,0,0,0,1,1
SAMPLE,RAW_B2_O1,37,106.36,107.71,17226906,0,0,0,0,0,0,0,0,0,1,1
SAMPLE,RAW_B2_O1,38,106.33,107.69,17227153,0,0,0,0,0,0,0,0,0,1,1
SAMPLE,RAW_B2_O1,39,106.52,107.68,17227016,0,0,0,0,0,0,0,0,0,1,1
SAMPLE,RAW_B2_O1,40,106.34,107.67,17227045,0,0,0,0,0,0,0,0,0,1,1
SAMPLE,RAW_B2_O1,41,106.32,107.64,17226975,0,0,0,0,0,0,0,0,0,1,1
SAMPLE,RAW_B2_O1,42,106.41,107.63,17227114,0,0,0,0,0,0,0,0,0,1,1
SAMPLE,RAW_B2_O1,43,106.45,107.66,17227342,0,0,0,0,0,0,0,0,0,1,1
SAMPLE,RAW_B2_O1,44,106.33,107.63,17227368,0,0,0,0,0,0,0,0,0,1,1
SAMPLE,RAW_B2_O1,45,106.35,107.72,17227006,0,0,0,0,0,0,0,0,0,1,1
SAMPLE,RAW_B2_O1,46,106.39,107.68,17227189,0,0,0,0,0,0,0,0,0,1,1
SAMPLE,RAW_B2_O1,47,106.47,107.65,17226955,0,0,0,0,0,0,0,0,0,1,1
SAMPLE,RAW_B2_O1,48,106.36,107.67,17227098,0,0,0,0,0,0,0,0,0,1,1
SAMPLE,RAW_B2_O1,49,106.29,107.66,17226933,0,0,0,0,0,0,0,0,0,1,1
SAMPLE,RAW_B2_O1,50,106.34,107.65,17227383,0,0,0,0,0,0,0,0,0,1,1
SAMPLE,RAW_B2_O1,51,106.39,107.67,17227031,0,0,0,0,0,0,0,0,0,1,1
SAMPLE,RAW_B2_O1,52,106.41,107.65,17227260,0,0,0,0,0,0,0,0,0,1,1
SAMPLE,RAW_B2_O1,53,106.37,107.68,17227122,0,0,0,0,0,0,0,0,0,1,1
SAMPLE,RAW_B2_O1,54,106.31,107.68,17227158,0,0,0,0,0,0,0,0,0,1,1
SAMPLE,RAW_B2_O1,55,106.37,107.67,17227178,0,0,0,0,0,0,0,0,0,1,1
SAMPLE,RAW_B2_O1,56,106.40,107.69,17227330,0,0,0,0,0,0,0,0,0,1,1
SAMPLE,RAW_B2_O1,57,106.40,107.68,17227157,0,0,0,0,0,0,0,0,0,1,1
SAMPLE,RAW_B2_O1,58,106.39,107.66,17227221,0,0,0,0,0,0,0,0,0,1,1
SAMPLE,RAW_B2_O1,59,106.41,107.71,17226954,0,0,0,0,0,0,0,0,0,1,1
SAMPLE,RAW_B2_O1,60,106.36,107.68,17227065,0,0,0,0,0,0,0,0,0,1,1
SAMPLE,RAW_B2_O1,61,106.42,107.65,17227382,0,0,0,0,0,0,0,0,0,1,1
SAMPLE,RAW_B2_O1,62,106.29,107.64,17227061,0,0,0,0,0,0,0,0,0,1,1
SAMPLE,RAW_B2_O1,63,106.34,107.70,17227067,0,0,0,0,0,0,0,0,0,1,1
SAMPLE,RAW_B2_O1,64,106.40,107.68,17227209,0,0,0,0,0,0,0,0,0,1,1
SAMPLE,RAW_B2_O1,65,106.35,107.68,17227110,0,0,0,0,0,0,0,0,0,1,1
SAMPLE,RAW_B2_O1,66,106.41,107.67,17227210,0,0,0,0,0,0,0,0,0,1,1
SAMPLE,RAW_B2_O1,67,106.41,107.69,17227049,0,0,0,0,0,0,0,0,0,1,1
SAMPLE,RAW_B2_O1,68,106.42,107.69,17227050,0,0,0,0,0,0,0,0,0,1,1
SAMPLE,RAW_B2_O1,69,106.41,107.69,17227202,0,0,0,0,0,0,0,0,0,1,1
SAMPLE,RAW_B2_O1,70,106.38,107.64,17227272,0,0,0,0,0,0,0,0,0,1,1
SAMPLE,RAW_B2_O1,71,106.33,107.64,17227063,0,0,0,0,0,0,0,0,0,1,1
SAMPLE,RAW_B2_O1,72,106.32,107.71,17226931,0,0,0,0,0,0,0,0,0,1,1
SAMPLE,RAW_B2_O1,73,106.34,107.68,17227292,0,0,0,0,0,0,0,0,0,1,1
SAMPLE,RAW_B2_O1,74,106.33,107.66,17226766,0,0,0,0,0,0,0,0,0,1,1
SAMPLE,RAW_B2_O1,75,106.39,107.65,17226969,0,0,0,0,0,0,0,0,0,1,1
SAMPLE,RAW_B2_O1,76,106.43,107.70,17227402,0,0,0,0,0,0,0,0,0,1,1
SAMPLE,RAW_B2_O1,77,106.44,107.70,17227074,0,0,0,0,0,0,0,0,0,1,1
SAMPLE,RAW_B2_O1,78,106.33,107.66,17226908,0,0,0,0,0,0,0,0,0,1,1
SAMPLE,RAW_B2_O1,79,106.32,107.66,17227010,0,0,0,0,0,0,0,0,0,1,1
SAMPLE,RAW_B2_O1,80,106.48,107.67,17227137,0,0,0,0,0,0,0,0,0,1,1
SAMPLE,RAW_B2_O1,81,106.36,107.67,17227253,0,0,0,0,0,0,0,0,0,1,1
SAMPLE,RAW_B2_O1,82,106.49,107.69,17227194,0,0,0,0,0,0,0,0,0,1,1
SAMPLE,RAW_B2_O1,83,106.38,107.66,17227203,0,0,0,0,0,0,0,0,0,1,1
SAMPLE,RAW_B2_O1,84,106.39,107.69,17227134,0,0,0,0,0,0,0,0,0,1,1
SAMPLE,RAW_B2_O1,85,106.39,107.67,17227263,0,0,0,0,0,0,0,0,0,1,1
SAMPLE,RAW_B2_O1,86,106.37,107.67,17227293,0,0,0,0,0,0,0,0,0,1,1
SAMPLE,RAW_B2_O1,87,106.38,107.68,17226968,0,0,0,0,0,0,0,0,0,1,1
SAMPLE,RAW_B2_O1,88,106.35,107.68,17226900,0,0,0,0,0,0,0,0,0,1,1
SAMPLE,RAW_B2_O1,89,106.41,107.70,17227004,0,0,0,0,0,0,0,0,0,1,1
SAMPLE,RAW_B2_O1,90,106.42,107.68,17227000,0,0,0,0,0,0,0,0,0,1,1
SAMPLE,RAW_B2_O1,91,106.36,107.64,17226999,0,0,0,0,0,0,0,0,0,1,1
SAMPLE,RAW_B2_O1,92,106.41,107.64,17227416,0,0,0,0,0,0,0,0,0,1,1
SAMPLE,RAW_B2_O1,93,106.38,107.63,17227073,0,0,0,0,0,0,0,0,0,1,1
SAMPLE,RAW_B2_O1,94,106.42,107.67,17227268,0,0,0,0,0,0,0,0,0,1,1
SAMPLE,RAW_B2_O1,95,106.32,107.69,17226927,0,0,0,0,0,0,0,0,0,1,1
SAMPLE,RAW_B2_O1,96,106.42,107.65,17227222,0,0,0,0,0,0,0,0,0,1,1
SAMPLE,RAW_B2_O1,97,106.38,107.67,17226988,0,0,0,0,0,0,0,0,0,1,1
SAMPLE,RAW_B2_O1,98,106.35,107.66,17226940,0,0,0,0,0,0,0,0,0,1,1
SAMPLE,RAW_B2_O1,99,106.39,107.66,17227288,0,0,0,0,0,0,0,0,0,1,1
SUMMARY,RAW_B2_O1,2,1,1,0,256,32,0,0,106.37,107.67,107.71,107.72,159.55,1.22,0,0.00,17227111,46.43,0,0,0,0,0,0,0,0,0,0
SAMPLE,RAW_B2_O2,0,106.37,111.97,8803669,0,0,0,0,1,0,1,0,0,1,1
SAMPLE,RAW_B2_O2,1,106.45,111.84,8803656,0,0,0,0,1,0,1,0,0,1,1
SAMPLE,RAW_B2_O2,2,106.51,111.71,8802780,0,0,0,0,1,0,1,0,0,1,1
SAMPLE,RAW_B2_O2,3,106.27,111.69,8804299,0,0,0,0,1,0,1,0,0,1,1
SAMPLE,RAW_B2_O2,4,106.37,111.90,8804946,0,0,0,0,1,0,1,0,0,1,1
SAMPLE,RAW_B2_O2,5,106.43,112.01,8804059,0,0,0,0,1,0,1,0,0,1,1
SAMPLE,RAW_B2_O2,6,106.42,111.69,8803226,0,0,0,0,1,0,1,0,0,1,1
SAMPLE,RAW_B2_O2,7,106.27,112.05,8803413,0,0,0,0,1,0,1,0,0,1,1
SAMPLE,RAW_B2_O2,8,106.38,111.38,8804407,0,0,0,0,1,0,1,0,0,1,1
SAMPLE,RAW_B2_O2,9,106.40,111.62,8803180,0,0,0,0,1,0,1,0,0,1,1
SAMPLE,RAW_B2_O2,10,106.34,111.64,8802721,0,0,0,0,1,0,2,0,0,1,1
SAMPLE,RAW_B2_O2,11,106.35,111.90,8799984,0,0,0,0,1,0,1,0,0,1,1
SAMPLE,RAW_B2_O2,12,106.40,111.99,8804977,0,0,0,0,1,0,2,0,0,1,1
SAMPLE,RAW_B2_O2,13,106.39,111.95,8801268,0,0,0,0,1,0,1,0,0,1,1
SAMPLE,RAW_B2_O2,14,106.33,111.91,8801833,0,0,0,0,1,0,1,0,0,1,1
SAMPLE,RAW_B2_O2,15,106.45,111.75,8803788,0,0,0,0,1,0,1,0,0,1,1
SAMPLE,RAW_B2_O2,16,106.32,111.94,8804183,0,0,0,0,1,0,1,0,0,1,1
SAMPLE,RAW_B2_O2,17,106.41,111.37,8802763,0,0,0,0,1,0,1,0,0,1,1
SAMPLE,RAW_B2_O2,18,106.37,111.54,8801756,0,0,0,0,1,0,1,0,0,1,1
SAMPLE,RAW_B2_O2,19,106.49,111.29,8801451,0,0,0,0,1,0,1,0,0,1,1
SAMPLE,RAW_B2_O2,20,106.40,111.77,8803582,0,0,0,0,1,0,1,0,0,1,1
SAMPLE,RAW_B2_O2,21,106.36,111.46,8803522,0,0,0,0,1,0,2,0,0,1,1
SAMPLE,RAW_B2_O2,22,106.34,111.80,8802201,0,0,0,0,1,0,1,0,0,1,1
SAMPLE,RAW_B2_O2,23,106.34,111.67,8802671,0,0,0,0,1,0,1,0,0,1,1
SAMPLE,RAW_B2_O2,24,106.47,111.82,8802724,0,0,0,0,1,0,1,0,0,1,1
SAMPLE,RAW_B2_O2,25,106.36,111.99,8803824,0,0,0,0,1,0,1,0,0,1,1
SAMPLE,RAW_B2_O2,26,106.41,111.74,8804503,0,0,0,0,1,0,1,0,0,1,1
SAMPLE,RAW_B2_O2,27,106.41,111.67,8803700,0,0,0,0,1,0,1,0,0,1,1
SAMPLE,RAW_B2_O2,28,106.32,111.31,8802999,0,0,0,0,1,0,1,0,0,1,1
SAMPLE,RAW_B2_O2,29,106.41,111.90,8802815,0,0,0,0,1,0,1,0,0,1,1
SAMPLE,RAW_B2_O2,30,106.39,111.97,8802651,0,0,0,0,1,0,1,0,0,1,1
SAMPLE,RAW_B2_O2,31,106.30,112.08,8803781,0,0,0,0,1,0,2,0,0,1,1
SAMPLE,RAW_B2_O2,32,106.36,111.81,8804478,0,0,0,0,1,0,2,0,0,1,1
SAMPLE,RAW_B2_O2,33,106.46,111.53,8802458,0,0,0,0,1,0,1,0,0,1,1
SAMPLE,RAW_B2_O2,34,106.45,111.68,8803293,0,0,0,0,1,0,2,0,0,1,1
SAMPLE,RAW_B2_O2,35,106.36,111.99,8803769,0,0,0,0,1,0,1,0,0,1,1
SAMPLE,RAW_B2_O2,36,106.38,110.72,8802488,0,0,0,0,1,0,1,0,0,1,1
SAMPLE,RAW_B2_O2,37,106.36,111.91,8803237,0,0,0,0,1,0,1,0,0,1,1
SAMPLE,RAW_B2_O2,38,106.38,112.11,8803689,0,0,0,0,1,0,1,0,0,1,1
SAMPLE,RAW_B2_O2,39,106.36,111.68,8802081,0,0,0,0,1,0,1,0,0,1,1
SAMPLE,RAW_B2_O2,40,106.30,111.40,8804883,0,0,0,0,1,0,1,0,0,1,1
SAMPLE,RAW_B2_O2,41,106.43,111.56,8803019,0,0,0,0,1,0,1,0,0,1,1
SAMPLE,RAW_B2_O2,42,106.40,111.95,8802644,0,0,0,0,1,0,1,0,0,1,1
SAMPLE,RAW_B2_O2,43,106.34,111.48,8803445,0,0,0,0,1,0,1,0,0,1,1
SAMPLE,RAW_B2_O2,44,106.33,112.13,8803829,0,0,0,0,1,0,2,0,0,1,1
SAMPLE,RAW_B2_O2,45,106.40,111.84,8802753,0,0,0,0,1,0,1,0,0,1,1
SAMPLE,RAW_B2_O2,46,106.30,111.58,8803722,0,0,0,0,1,0,1,0,0,1,1
SAMPLE,RAW_B2_O2,47,106.44,111.66,8800074,0,0,0,0,1,0,1,0,0,1,1
SAMPLE,RAW_B2_O2,48,106.32,111.78,8803082,0,0,0,0,1,0,1,0,0,1,1
SAMPLE,RAW_B2_O2,49,106.38,112.11,8804401,0,0,0,0,1,0,1,0,0,1,1
SAMPLE,RAW_B2_O2,50,106.40,111.84,8802905,0,0,0,0,1,0,1,0,0,1,1
SAMPLE,RAW_B2_O2,51,106.35,111.45,8803942,0,0,0,0,1,0,1,0,0,1,1
SAMPLE,RAW_B2_O2,52,106.45,111.68,8805602,0,0,0,0,1,0,1,0,0,1,1
SAMPLE,RAW_B2_O2,53,106.35,111.97,8803690,0,0,0,0,1,0,1,0,0,1,1
SAMPLE,RAW_B2_O2,54,106.29,111.49,8803461,0,0,0,0,1,0,1,0,0,1,1
SAMPLE,RAW_B2_O2,55,106.39,111.92,8803910,0,0,0,0,1,0,1,0,0,1,1
SAMPLE,RAW_B2_O2,56,106.36,111.78,8802921,0,0,0,0,1,0,1,0,0,1,1
SAMPLE,RAW_B2_O2,57,106.31,112.09,8802555,0,0,0,0,1,0,2,0,0,1,1
SAMPLE,RAW_B2_O2,58,106.35,111.78,8800444,0,0,0,0,1,0,1,0,0,1,1
SAMPLE,RAW_B2_O2,59,106.37,111.96,8803888,0,0,0,0,1,0,1,0,0,1,1
SAMPLE,RAW_B2_O2,60,106.41,111.60,8802535,0,0,0,0,1,0,1,0,0,1,1
SAMPLE,RAW_B2_O2,61,106.38,111.70,8802078,0,0,0,0,1,0,1,0,0,1,1
SAMPLE,RAW_B2_O2,62,106.43,111.79,8805050,0,0,0,0,1,0,1,0,0,1,1
SAMPLE,RAW_B2_O2,63,106.40,111.61,8802147,0,0,0,0,1,0,1,0,0,1,1
SAMPLE,RAW_B2_O2,64,106.31,111.71,8804123,0,0,0,0,1,0,1,0,0,1,1
SAMPLE,RAW_B2_O2,65,106.36,111.78,8804802,0,0,0,0,1,0,1,0,0,1,1
SAMPLE,RAW_B2_O2,66,106.48,110.92,8802244,0,0,0,0,1,0,1,0,0,1,1
SAMPLE,RAW_B2_O2,67,106.47,111.66,8803061,0,0,0,0,1,0,1,0,0,1,1
SAMPLE,RAW_B2_O2,68,106.41,111.91,8803985,0,0,0,0,1,0,1,0,0,1,1
SAMPLE,RAW_B2_O2,69,106.39,111.92,8803415,0,0,0,0,1,0,1,0,0,1,1
SAMPLE,RAW_B2_O2,70,106.44,111.93,8804426,0,0,0,0,1,0,1,0,0,1,1
SAMPLE,RAW_B2_O2,71,106.44,111.96,8802645,0,0,0,0,1,0,1,0,0,1,1
SAMPLE,RAW_B2_O2,72,106.40,111.81,8803912,0,0,0,0,1,0,1,0,0,1,1
SAMPLE,RAW_B2_O2,73,106.38,111.96,8803326,0,0,0,0,1,0,1,0,0,1,1
SAMPLE,RAW_B2_O2,74,106.38,111.59,8802107,0,0,0,0,1,0,1,0,0,1,1
SAMPLE,RAW_B2_O2,75,106.38,111.83,8803269,0,0,0,0,1,0,1,0,0,1,1
SAMPLE,RAW_B2_O2,76,106.34,111.57,8803103,0,0,0,0,1,0,1,0,0,1,1
SAMPLE,RAW_B2_O2,77,106.45,111.73,8802450,0,0,0,0,1,0,1,0,0,1,1
SAMPLE,RAW_B2_O2,78,106.37,111.58,8802358,0,0,0,0,1,0,1,0,0,1,1
SAMPLE,RAW_B2_O2,79,106.37,111.73,8802827,0,0,0,0,1,0,1,0,0,1,1
SAMPLE,RAW_B2_O2,80,106.47,111.71,8801749,0,0,0,0,1,0,1,0,0,1,1
SAMPLE,RAW_B2_O2,81,106.37,111.76,8803750,0,0,0,0,1,0,2,0,0,1,1
SAMPLE,RAW_B2_O2,82,106.32,111.29,8802653,0,0,0,0,1,0,1,0,0,1,1
SAMPLE,RAW_B2_O2,83,106.41,111.84,8802680,0,0,0,0,1,0,1,0,0,1,1
SAMPLE,RAW_B2_O2,84,106.30,111.51,8802571,0,0,0,0,1,0,1,0,0,1,1
SAMPLE,RAW_B2_O2,85,106.29,111.98,8803145,0,0,0,0,1,0,1,0,0,1,1
SAMPLE,RAW_B2_O2,86,106.45,111.50,8801613,0,0,0,0,1,0,1,0,0,1,1
SAMPLE,RAW_B2_O2,87,106.37,111.76,8803129,0,0,0,0,1,0,1,0,0,1,1
SAMPLE,RAW_B2_O2,88,106.34,111.72,8803399,0,0,0,0,1,0,1,0,0,1,1
SAMPLE,RAW_B2_O2,89,106.40,111.71,8802119,0,0,0,0,1,0,1,0,0,1,1
SAMPLE,RAW_B2_O2,90,106.33,111.48,8802422,0,0,0,0,1,0,1,0,0,1,1
SAMPLE,RAW_B2_O2,91,106.31,112.00,8802711,0,0,0,0,1,0,1,0,0,1,1
SAMPLE,RAW_B2_O2,92,106.44,111.36,8802155,0,0,0,0,1,0,1,0,0,1,1
SAMPLE,RAW_B2_O2,93,106.36,111.75,8802215,0,0,0,0,1,0,1,0,0,1,1
SAMPLE,RAW_B2_O2,94,106.45,111.61,8804329,0,0,0,0,1,0,1,0,0,1,1
SAMPLE,RAW_B2_O2,95,106.36,111.46,8801419,0,0,0,0,1,0,1,0,0,1,1
SAMPLE,RAW_B2_O2,96,106.36,111.80,8802641,0,0,0,0,1,0,1,0,0,1,1
SAMPLE,RAW_B2_O2,97,106.35,111.91,8802036,0,0,0,0,1,0,1,0,0,1,1
SAMPLE,RAW_B2_O2,98,106.45,111.83,8804012,0,0,0,0,1,0,1,0,0,1,1
SAMPLE,RAW_B2_O2,99,106.46,111.66,8803907,0,0,0,0,1,0,1,0,0,1,1
SUMMARY,RAW_B2_O2,2,2,2,0,256,32,0,0,106.38,111.73,112.05,112.11,159.57,5.02,0,0.00,8803105,90.87,0,0,0,0,1,0,1,0,0,0
SAMPLE,RAW_B2_O4,0,106.48,115.01,4034515,0,0,0,0,3,0,71,0,0,1,1
SAMPLE,RAW_B2_O4,1,106.41,115.28,4035971,0,0,0,0,3,0,67,0,0,1,1
SAMPLE,RAW_B2_O4,2,106.39,115.13,4106201,0,0,0,0,3,0,82,0,0,1,1
SAMPLE,RAW_B2_O4,3,106.49,115.02,4035968,0,0,0,0,3,0,94,0,0,1,1
SAMPLE,RAW_B2_O4,4,106.41,115.46,4149905,0,0,0,0,3,0,89,0,0,1,1
SAMPLE,RAW_B2_O4,5,106.46,114.94,4034464,0,0,0,0,3,0,83,0,0,1,1
SAMPLE,RAW_B2_O4,6,106.40,115.17,4148801,0,0,0,0,3,0,85,0,0,1,1
SAMPLE,RAW_B2_O4,7,106.40,115.19,4144332,0,0,0,0,3,0,91,0,0,1,1
SAMPLE,RAW_B2_O4,8,106.42,115.34,4034427,0,0,0,0,3,0,70,0,0,1,1
SAMPLE,RAW_B2_O4,9,106.40,115.18,4033084,0,0,0,0,3,0,80,0,0,1,1
SAMPLE,RAW_B2_O4,10,106.39,115.26,4034961,0,0,0,0,3,0,97,0,0,1,1
SAMPLE,RAW_B2_O4,11,106.42,115.00,4035168,0,0,0,0,3,0,87,0,0,1,1
SAMPLE,RAW_B2_O4,12,106.33,115.30,4142559,0,0,0,0,3,0,93,0,0,1,1
SAMPLE,RAW_B2_O4,13,106.40,115.27,4144242,0,0,0,0,3,0,86,0,0,1,1
SAMPLE,RAW_B2_O4,14,106.36,115.29,4032326,0,0,0,0,3,0,104,0,0,1,1
SAMPLE,RAW_B2_O4,15,106.39,115.12,4034802,0,0,0,0,3,0,99,0,0,1,1
SAMPLE,RAW_B2_O4,16,106.42,114.89,4144058,0,0,0,0,3,0,89,0,0,1,1
SAMPLE,RAW_B2_O4,17,106.44,115.44,4036205,0,0,0,0,3,0,81,0,0,1,1
SAMPLE,RAW_B2_O4,18,106.46,115.19,4139163,0,0,0,0,3,0,77,0,0,1,1
SAMPLE,RAW_B2_O4,19,106.37,114.99,4144772,0,0,0,0,3,0,63,0,0,1,1
SAMPLE,RAW_B2_O4,20,106.43,115.13,4145111,0,0,0,0,3,0,83,0,0,1,1
SAMPLE,RAW_B2_O4,21,106.40,115.15,4034810,0,0,0,0,3,0,79,0,0,1,1
SAMPLE,RAW_B2_O4,22,106.24,114.91,4146715,0,0,0,0,3,0,98,0,0,1,1
SAMPLE,RAW_B2_O4,23,106.37,115.14,4034554,0,0,0,0,3,0,84,0,0,1,1
SAMPLE,RAW_B2_O4,24,106.46,115.01,4152700,0,0,0,0,3,0,53,0,0,1,1
SAMPLE,RAW_B2_O4,25,106.28,115.09,4142686,0,0,0,0,3,0,93,0,0,1,1
SAMPLE,RAW_B2_O4,26,106.42,115.22,4144203,0,0,0,0,3,0,92,0,0,1,1
SAMPLE,RAW_B2_O4,27,106.44,115.28,4148146,0,0,0,0,3,0,75,0,0,1,1
SAMPLE,RAW_B2_O4,28,106.44,115.17,4034742,0,0,0,0,3,0,84,0,0,1,1
SAMPLE,RAW_B2_O4,29,106.41,115.21,4035354,0,0,0,0,3,0,66,0,0,1,1
SAMPLE,RAW_B2_O4,30,106.34,115.35,4142303,0,0,0,0,3,0,72,0,0,1,1
SAMPLE,RAW_B2_O4,31,106.47,114.98,4147734,0,0,0,0,3,0,82,0,0,1,1
SAMPLE,RAW_B2_O4,32,106.37,115.23,4145739,0,0,0,0,3,0,66,0,0,1,1
SAMPLE,RAW_B2_O4,33,106.48,115.33,4035306,0,0,0,0,3,0,94,0,0,1,1
SAMPLE,RAW_B2_O4,34,106.43,115.35,4036541,0,0,0,0,3,0,82,0,0,1,1
SAMPLE,RAW_B2_O4,35,106.31,115.38,4035794,0,0,0,0,3,0,98,0,0,1,1
SAMPLE,RAW_B2_O4,36,106.27,115.19,4144628,0,0,0,0,3,0,88,0,0,1,1
SAMPLE,RAW_B2_O4,37,106.37,115.46,4147610,0,0,0,0,3,0,86,0,0,1,1
SAMPLE,RAW_B2_O4,38,106.39,115.14,4146320,0,0,0,0,3,0,109,0,0,1,1
SAMPLE,RAW_B2_O4,39,106.43,115.00,4033771,0,0,0,0,3,0,66,0,0,1,1
SAMPLE,RAW_B2_O4,40,106.37,115.18,4146999,0,0,0,0,3,0,102,0,0,1,1
SAMPLE,RAW_B2_O4,41,106.39,115.04,4084159,0,0,0,0,3,0,105,0,0,1,1
SAMPLE,RAW_B2_O4,42,106.38,115.09,4144468,0,0,0,0,3,0,89,0,0,1,1
SAMPLE,RAW_B2_O4,43,106.43,115.12,4033999,0,0,0,0,3,0,94,0,0,1,1
SAMPLE,RAW_B2_O4,44,106.39,115.15,4148439,0,0,0,0,3,0,76,0,0,1,1
SAMPLE,RAW_B2_O4,45,106.38,115.38,4151489,0,0,0,0,3,0,97,0,0,1,1
SAMPLE,RAW_B2_O4,46,106.41,115.11,4146751,0,0,0,0,3,0,101,0,0,1,1
SAMPLE,RAW_B2_O4,47,106.45,115.27,4143501,0,0,0,0,3,0,86,0,0,1,1
SAMPLE,RAW_B2_O4,48,106.43,115.21,4034281,0,0,0,0,3,0,96,0,0,1,1
SAMPLE,RAW_B2_O4,49,106.34,115.17,3923396,0,0,0,0,3,0,93,0,0,1,1
SAMPLE,RAW_B2_O4,50,106.35,115.25,4035362,0,0,0,0,3,0,84,0,0,1,1
SAMPLE,RAW_B2_O4,51,106.51,115.26,4145952,0,0,0,0,3,0,91,0,0,1,1
SAMPLE,RAW_B2_O4,52,106.38,115.40,4033854,0,0,0,0,3,0,68,0,0,1,1
SAMPLE,RAW_B2_O4,53,106.42,115.09,4033519,0,0,0,0,3,0,101,0,0,1,1
SAMPLE,RAW_B2_O4,54,106.33,115.36,4035118,0,0,0,0,3,0,101,0,0,1,1
SAMPLE,RAW_B2_O4,55,106.33,115.08,4033436,0,0,0,0,3,0,76,0,0,1,1
SAMPLE,RAW_B2_O4,56,106.32,115.37,4036690,0,0,0,0,3,0,101,0,0,1,1
SAMPLE,RAW_B2_O4,57,106.30,115.19,4143285,0,0,0,0,3,0,87,0,0,1,1
SAMPLE,RAW_B2_O4,58,106.41,115.36,4036109,0,0,0,0,3,0,75,0,0,1,1
SAMPLE,RAW_B2_O4,59,106.41,115.09,4147079,0,0,0,0,3,0,92,0,0,1,1
SAMPLE,RAW_B2_O4,60,106.40,115.19,4144737,0,0,0,0,3,0,63,0,0,1,1
SAMPLE,RAW_B2_O4,61,106.26,115.34,4146401,0,0,0,0,3,0,85,0,0,1,1
SAMPLE,RAW_B2_O4,62,106.43,115.22,4140396,0,0,0,0,3,0,86,0,0,1,1
SAMPLE,RAW_B2_O4,63,106.30,115.03,4145338,0,0,0,0,3,0,66,0,0,1,1
SAMPLE,RAW_B2_O4,64,106.42,115.23,4146524,0,0,0,0,3,0,81,0,0,1,1
SAMPLE,RAW_B2_O4,65,106.36,114.97,4138072,0,0,0,0,3,0,82,0,0,1,1
SAMPLE,RAW_B2_O4,66,106.43,115.19,4033866,0,0,0,0,3,0,96,0,0,1,1
SAMPLE,RAW_B2_O4,67,106.40,115.09,4033921,0,0,0,0,3,0,62,0,0,1,1
SAMPLE,RAW_B2_O4,68,106.26,115.25,4146116,0,0,0,0,3,0,81,0,0,1,1
SAMPLE,RAW_B2_O4,69,106.39,115.01,4034182,0,0,0,0,3,0,100,0,0,1,1
SAMPLE,RAW_B2_O4,70,106.36,115.48,4037190,0,0,0,0,3,0,79,0,0,1,1
SAMPLE,RAW_B2_O4,71,106.43,115.32,4033742,0,0,0,0,3,0,87,0,0,1,1
SAMPLE,RAW_B2_O4,72,106.39,115.17,4145424,0,0,0,0,3,0,51,0,0,1,1
SAMPLE,RAW_B2_O4,73,106.32,115.36,4146993,0,0,0,0,3,0,69,0,0,1,1
SAMPLE,RAW_B2_O4,74,106.35,115.25,4036118,0,0,0,0,3,0,94,0,0,1,1
SAMPLE,RAW_B2_O4,75,106.45,115.22,4037478,0,0,0,0,3,0,98,0,0,1,1
SAMPLE,RAW_B2_O4,76,106.36,115.25,4144628,0,0,0,0,3,0,71,0,0,1,1
SAMPLE,RAW_B2_O4,77,106.57,115.26,4147279,0,0,0,0,3,0,84,0,0,1,1
SAMPLE,RAW_B2_O4,78,106.41,115.10,4034560,0,0,0,0,3,0,93,0,0,1,1
SAMPLE,RAW_B2_O4,79,106.51,115.22,4033155,0,0,0,0,3,0,83,0,0,1,1
SAMPLE,RAW_B2_O4,80,106.35,115.32,4035440,0,0,0,0,3,0,76,0,0,1,1
SAMPLE,RAW_B2_O4,81,106.39,115.13,4146736,0,0,0,0,3,0,97,0,0,1,1
SAMPLE,RAW_B2_O4,82,106.34,115.33,4139569,0,0,0,0,3,0,87,0,0,1,1
SAMPLE,RAW_B2_O4,83,106.35,115.21,4145834,0,0,0,0,3,0,102,0,0,1,1
SAMPLE,RAW_B2_O4,84,106.31,115.27,4035055,0,0,0,0,3,0,85,0,0,1,1
SAMPLE,RAW_B2_O4,85,106.32,115.31,4035912,0,0,0,0,3,0,92,0,0,1,1
SAMPLE,RAW_B2_O4,86,106.38,115.23,4035033,0,0,0,0,3,0,84,0,0,1,1
SAMPLE,RAW_B2_O4,87,106.32,115.15,4140264,0,0,0,0,3,0,73,0,0,1,1
SAMPLE,RAW_B2_O4,88,106.44,115.28,4034646,0,0,0,0,3,0,82,0,0,1,1
SAMPLE,RAW_B2_O4,89,106.30,115.09,4108413,0,0,0,0,3,0,88,0,0,1,1
SAMPLE,RAW_B2_O4,90,106.33,115.30,4034735,0,0,0,0,3,0,78,0,0,1,1
SAMPLE,RAW_B2_O4,91,106.37,115.21,4034912,0,0,0,0,3,0,68,0,0,1,1
SAMPLE,RAW_B2_O4,92,106.43,115.40,4152438,0,0,0,0,3,0,76,0,0,1,1
SAMPLE,RAW_B2_O4,93,106.27,115.44,4147341,0,0,0,0,3,0,80,0,0,1,1
SAMPLE,RAW_B2_O4,94,106.41,115.02,4049290,0,0,0,0,3,0,83,0,0,1,1
SAMPLE,RAW_B2_O4,95,106.37,115.28,4035843,0,0,0,0,3,0,78,0,0,1,1
SAMPLE,RAW_B2_O4,96,106.38,115.33,4036953,0,0,0,0,3,0,64,0,0,1,1
SAMPLE,RAW_B2_O4,97,106.29,115.23,4035220,0,0,0,0,3,0,105,0,0,1,1
SAMPLE,RAW_B2_O4,98,106.36,115.22,4041720,0,0,0,0,3,0,76,0,0,1,1
SAMPLE,RAW_B2_O4,99,106.51,115.30,4146039,0,0,0,0,3,0,92,0,0,1,1
SUMMARY,RAW_B2_O4,2,4,4,0,256,32,0,0,106.38,115.20,115.40,115.46,159.57,8.29,0,0.00,4087960,195.69,0,0,0,0,3,0,84,0,0,0
SAMPLE,RAW_B4_O1,0,106.39,114.52,9223742,0,0,0,0,0,0,0,0,0,1,1
SAMPLE,RAW_B4_O1,1,106.36,114.47,9223834,0,0,0,0,0,0,0,0,0,1,1
SAMPLE,RAW_B4_O1,2,106.37,114.53,9223835,0,0,0,0,0,0,0,0,0,1,1
SAMPLE,RAW_B4_O1,3,106.52,114.53,9223861,0,0,0,0,0,0,0,0,0,1,1
SAMPLE,RAW_B4_O1,4,106.47,114.51,9223837,0,0,0,0,0,0,0,0,0,1,1
SAMPLE,RAW_B4_O1,5,106.36,114.50,9223853,0,0,0,0,0,0,0,0,0,1,1
SAMPLE,RAW_B4_O1,6,106.40,114.52,9223839,0,0,0,0,0,0,0,0,0,1,1
SAMPLE,RAW_B4_O1,7,106.32,114.53,9223824,0,0,0,0,0,0,0,0,0,1,1
SAMPLE,RAW_B4_O1,8,106.39,114.51,9223806,0,0,0,0,0,0,0,0,0,1,1
SAMPLE,RAW_B4_O1,9,106.37,114.50,9223783,0,0,0,0,0,0,0,0,0,1,1
SAMPLE,RAW_B4_O1,10,106.42,114.51,9223801,0,0,0,0,0,0,0,0,0,1,1
SAMPLE,RAW_B4_O1,11,106.32,114.50,9223829,0,0,0,0,0,0,0,0,0,1,1
SAMPLE,RAW_B4_O1,12,106.41,114.52,9223815,0,0,0,0,0,0,0,0,0,1,1
SAMPLE,RAW_B4_O1,13,106.36,114.54,9223803,0,0,0,0,0,0,0,0,0,1,1
SAMPLE,RAW_B4_O1,14,106.36,114.52,9223860,0,0,0,0,0,0,0,0,0,1,1
SAMPLE,RAW_B4_O1,15,106.38,114.49,9223831,0,0,0,0,0,0,0,0,0,1,1
SAMPLE,RAW_B4_O1,16,106.46,114.53,9223818,0,0,0,0,0,0,0,0,0,1,1
SAMPLE,RAW_B4_O1,17,106.37,114.53,9223864,0,0,0,0,0,0,0,0,0,1,1
SAMPLE,RAW_B4_O1,18,106.29,114.49,9223833,0,0,0,0,0,0,0,0,0,1,1
SAMPLE,RAW_B4_O1,19,106.43,114.51,9223838,0,0,0,0,0,0,0,0,0,1,1
SAMPLE,RAW_B4_O1,20,106.41,114.54,9223846,0,0,0,0,0,0,0,0,0,1,1
SAMPLE,RAW_B4_O1,21,106.33,114.51,9223817,0,0,0,0,0,0,0,0,0,1,1
SAMPLE,RAW_B4_O1,22,106.48,114.50,9223829,0,0,0,0,0,0,0,0,0,1,1
SAMPLE,RAW_B4_O1,23,106.34,114.50,9223838,0,0,0,0,0,0,0,0,0,1,1
SAMPLE,RAW_B4_O1,24,106.38,114.52,9223843,0,0,0,0,0,0,0,0,0,1,1
SAMPLE,RAW_B4_O1,25,106.46,114.52,9223837,0,0,0,0,0,0,0,0,0,1,1
SAMPLE,RAW_B4_O1,26,106.33,114.46,9223840,0,0,0,0,0,0,0,0,0,1,1
SAMPLE,RAW_B4_O1,27,106.35,114.51,9223829,0,0,0,0,0,0,0,0,0,1,1
SAMPLE,RAW_B4_O1,28,106.41,114.52,9223818,0,0,0,0,0,0,0,0,0,1,1
SAMPLE,RAW_B4_O1,29,106.22,114.50,9223854,0,0,0,0,0,0,0,0,0,1,1
SAMPLE,RAW_B4_O1,30,106.38,114.52,9223823,0,0,0,0,0,0,0,0,0,1,1
SAMPLE,RAW_B4_O1,31,106.49,114.55,9223815,0,0,0,0,0,0,0,0,0,1,1
SAMPLE,RAW_B4_O1,32,106.43,114.52,9223838,0,0,0,0,0,0,0,0,0,1,1
SAMPLE,RAW_B4_O1,33,106.32,114.49,9223836,0,0,0,0,0,0,0,0,0,1,1
SAMPLE,RAW_B4_O1,34,106.36,114.53,9223824,0,0,0,0,0,0,0,0,0,1,1
SAMPLE,RAW_B4_O1,35,106.37,114.49,9223864,0,0,0,0,0,0,0,0,0,1,1
SAMPLE,RAW_B4_O1,36,106.42,114.51,9223857,0,0,0,0,0,0,0,0,0,1,1
SAMPLE,RAW_B4_O1,37,106.32,114.49,9223839,0,0,0,0,0,0,0,0,0,1,1
SAMPLE,RAW_B4_O1,38,106.30,114.51,9223852,0,0,0,0,0,0,0,0,0,1,1
SAMPLE,RAW_B4_O1,39,106.31,114.49,9223852,0,0,0,0,0,0,0,0,0,1,1
SAMPLE,RAW_B4_O1,40,106.32,114.51,9223801,0,0,0,0,0,0,0,0,0,1,1
SAMPLE,RAW_B4_O1,41,106.30,114.52,9223852,0,0,0,0,0,0,0,0,0,1,1
SAMPLE,RAW_B4_O1,42,106.35,114.48,9223825,0,0,0,0,0,0,0,0,0,1,1
SAMPLE,RAW_B4_O1,43,106.38,114.54,9223848,0,0,0,0,0,0,0,0,0,1,1
SAMPLE,RAW_B4_O1,44,106.38,114.52,9223861,0,0,0,0,0,0,0,0,0,1,1
SAMPLE,RAW_B4_O1,45,106.34,114.50,9223830,0,0,0,0,0,0,0,0,0,1,1
SAMPLE,RAW_B4_O1,46,106.40,114.51,9223861,0,0,0,0,0,0,0,0,0,1,1
SAMPLE,RAW_B4_O1,47,106.42,114.53,9223842,0,0,0,0,0,0,0,0,0,1,1
SAMPLE,RAW_B4_O1,48,106.37,114.52,9223834,0,0,0,0,0,0,0,0,0,1,1
SAMPLE,RAW_B4_O1,49,106.36,114.48,9223828,0,0,0,0,0,0,0,0,0,1,1
SAMPLE,RAW_B4_O1,50,106.37,114.52,9223820,0,0,0,0,0,0,0,0,0,1,1
SAMPLE,RAW_B4_O1,51,106.29,114.51,9223824,0,0,0,0,0,0,0,0,0,1,1
SAMPLE,RAW_B4_O1,52,106.41,114.51,9223843,0,0,0,0,0,0,0,0,0,1,1
SAMPLE,RAW_B4_O1,53,106.37,114.51,9223794,0,0,0,0,0,0,0,0,0,1,1
SAMPLE,RAW_B4_O1,54,106.41,114.49,9223840,0,0,0,0,0,0,0,0,0,1,1
SAMPLE,RAW_B4_O1,55,106.40,114.51,9223830,0,0,0,0,0,0,0,0,0,1,1
SAMPLE,RAW_B4_O1,56,106.35,114.53,9223818,0,0,0,0,0,0,0,0,0,1,1
SAMPLE,RAW_B4_O1,57,106.43,114.55,9223824,0,0,0,0,0,0,0,0,0,1,1
SAMPLE,RAW_B4_O1,58,106.34,114.50,9223842,0,0,0,0,0,0,0,0,0,1,1
SAMPLE,RAW_B4_O1,59,106.41,114.50,9223836,0,0,0,0,0,0,0,0,0,1,1
SAMPLE,RAW_B4_O1,60,106.46,114.51,9223866,0,0,0,0,0,0,0,0,0,1,1
SAMPLE,RAW_B4_O1,61,106.38,114.54,9223833,0,0,0,0,0,0,0,0,0,1,1
SAMPLE,RAW_B4_O1,62,106.41,114.51,9223832,0,0,0,0,0,0,0,0,0,1,1
SAMPLE,RAW_B4_O1,63,106.40,114.48,9223849,0,0,0,0,0,0,0,0,0,1,1
SAMPLE,RAW_B4_O1,64,106.40,114.52,9223808,0,0,0,0,0,0,0,0,0,1,1
SAMPLE,RAW_B4_O1,65,106.42,114.50,9223836,0,0,0,0,0,0,0,0,0,1,1
SAMPLE,RAW_B4_O1,66,106.40,114.53,9223851,0,0,0,0,0,0,0,0,0,1,1
SAMPLE,RAW_B4_O1,67,106.35,114.48,9223828,0,0,0,0,0,0,0,0,0,1,1
SAMPLE,RAW_B4_O1,68,106.30,114.52,9223863,0,0,0,0,0,0,0,0,0,1,1
SAMPLE,RAW_B4_O1,69,106.26,114.50,9223817,0,0,0,0,0,0,0,0,0,1,1
SAMPLE,RAW_B4_O1,70,106.38,114.51,9223838,0,0,0,0,0,0,0,0,0,1,1
SAMPLE,RAW_B4_O1,71,106.37,114.50,9223791,0,0,0,0,0,0,0,0,0,1,1
SAMPLE,RAW_B4_O1,72,106.42,114.49,9223865,0,0,0,0,0,0,0,0,0,1,1
SAMPLE,RAW_B4_O1,73,106.36,114.50,9223851,0,0,0,0,0,0,0,0,0,1,1
SAMPLE,RAW_B4_O1,74,106.43,114.52,9223834,0,0,0,0,0,0,0,0,0,1,1
SAMPLE,RAW_B4_O1,75,106.31,114.52,9223774,0,0,0,0,0,0,0,0,0,1,1
SAMPLE,RAW_B4_O1,76,106.43,114.51,9223851,0,0,0,0,0,0,0,0,0,1,1
SAMPLE,RAW_B4_O1,77,106.35,114.50,9223805,0,0,0,0,0,0,0,0,0,1,1
SAMPLE,RAW_B4_O1,78,106.45,114.53,9223821,0,0,0,0,0,0,0,0,0,1,1
SAMPLE,RAW_B4_O1,79,106.38,114.48,9223869,0,0,0,0,0,0,0,0,0,1,1
SAMPLE,RAW_B4_O1,80,106.46,114.51,9223821,0,0,0,0,0,0,0,0,0,1,1
SAMPLE,RAW_B4_O1,81,106.41,114.53,9223806,0,0,0,0,0,0,0,0,0,1,1
SAMPLE,RAW_B4_O1,82,106.41,114.52,9223825,0,0,0,0,0,0,0,0,0,1,1
SAMPLE,RAW_B4_O1,83,106.48,114.51,9223787,0,0,0,0,0,0,0,0,0,1,1
SAMPLE,RAW_B4_O1,84,106.44,114.48,9223810,0,0,0,0,0,0,0,0,0,1,1
SAMPLE,RAW_B4_O1,85,106.37,114.51,9223861,0,0,0,0,0,0,0,0,0,1,1
SAMPLE,RAW_B4_O1,86,106.45,114.52,9223831,0,0,0,0,0,0,0,0,0,1,1
SAMPLE,RAW_B4_O1,87,106.30,114.50,9223841,0,0,0,0,0,0,0,0,0,1,1
SAMPLE,RAW_B4_O1,88,106.36,114.48,9223856,0,0,0,0,0,0,0,0,0,1,1
SAMPLE,RAW_B4_O1,89,106.40,114.52,9223823,0,0,0,0,0,0,0,0,0,1,1
SAMPLE,RAW_B4_O1,90,106.38,114.51,9223853,0,0,0,0,0,0,0,0,0,1,1
SAMPLE,RAW_B4_O1,91,106.41,114.50,9223853,0,0,0,0,0,0,0,0,0,1,1
SAMPLE,RAW_B4_O1,92,106.30,114.49,9223816,0,0,0,0,0,0,0,0,0,1,1
SAMPLE,RAW_B4_O1,93,106.44,114.56,9223861,0,0,0,0,0,0,0,0,0,1,1
SAMPLE,RAW_B4_O1,94,106.36,114.50,9223836,0,0,0,0,0,0,0,0,0,1,1
SAMPLE,RAW_B4_O1,95,106.36,114.49,9223836,0,0,0,0,0,0,0,0,0,1,1
SAMPLE,RAW_B4_O1,96,106.42,114.54,9223859,0,0,0,0,0,0,0,0,0,1,1
SAMPLE,RAW_B4_O1,97,106.41,114.52,9223858,0,0,0,0,0,0,0,0,0,1,1
SAMPLE,RAW_B4_O1,98,106.32,114.50,9223829,0,0,0,0,0,0,0,0,0,1,1
SAMPLE,RAW_B4_O1,99,106.37,114.50,9223849,0,0,0,0,0,0,0,0,0,1,1
SUMMARY,RAW_B4_O1,4,1,1,0,256,32,0,0,106.38,114.51,114.54,114.55,159.57,7.64,0,0.00,9223833,86.73,0,0,0,0,0,0,0,0,0,0
SAMPLE,RAW_B4_O2,0,106.43,116.44,4748945,0,0,0,0,1,0,1,0,0,1,1
SAMPLE,RAW_B4_O2,1,106.38,116.50,4625629,0,0,0,0,1,0,1,0,0,1,1
SAMPLE,RAW_B4_O2,2,106.34,115.92,4747125,0,0,0,0,1,0,1,0,0,1,1
SAMPLE,RAW_B4_O2,3,106.39,115.59,4622791,0,0,0,0,1,0,1,0,0,1,1
SAMPLE,RAW_B4_O2,4,106.36,116.06,4623889,0,0,0,0,1,0,1,0,0,1,1
SAMPLE,RAW_B4_O2,5,106.32,116.81,4626254,0,0,0,0,1,0,1,0,0,1,1
SAMPLE,RAW_B4_O2,6,106.34,116.44,4625716,0,0,0,0,1,0,1,0,0,1,1
SAMPLE,RAW_B4_O2,7,106.39,116.38,4625694,0,0,0,0,1,0,1,0,0,1,1
SAMPLE,RAW_B4_O2,8,106.45,116.24,4748221,0,0,0,0,1,0,1,0,0,1,1
SAMPLE,RAW_B4_O2,9,106.36,115.88,4747127,0,0,0,0,1,0,1,0,0,1,1
SAMPLE,RAW_B4_O2,10,106.43,116.47,4625623,0,0,0,0,1,0,1,0,0,1,1
SAMPLE,RAW_B4_O2,11,106.39,116.76,4626212,0,0,0,0,1,0,1,0,0,1,1
SAMPLE,RAW_B4_O2,12,106.32,116.78,4626941,0,0,0,0,1,0,1,0,0,1,1
SAMPLE,RAW_B4_O2,13,106.44,117.22,4628082,0,0,0,0,1,0,1,0,0,1,1
SAMPLE,RAW_B4_O2,14,106.36,116.51,4625109,0,0,0,0,1,0,1,0,0,1,1
SAMPLE,RAW_B4_O2,15,106.39,116.25,4748174,0,0,0,0,1,0,1,0,0,1,1
SAMPLE,RAW_B4_O2,16,106.37,117.12,4751307,0,0,0,0,1,0,1,0,0,1,1
SAMPLE,RAW_B4_O2,17,106.39,116.27,4625057,0,0,0,0,1,0,1,0,0,1,1
SAMPLE,RAW_B4_O2,18,106.31,115.93,4623997,0,0,0,0,1,0,1,0,0,1,1
SAMPLE,RAW_B4_O2,19,106.40,115.99,4624290,0,0,0,0,1,0,1,0,0,1,1
SAMPLE,RAW_B4_O2,20,106.39,116.73,4646759,0,0,0,0,1,0,1,0,0,1,1
SAMPLE,RAW_B4_O2,21,106.40,116.32,4625318,0,0,0,0,1,0,1,0,0,1,1
SAMPLE,RAW_B4_O2,22,106.35,116.87,4651330,0,0,0,0,1,0,1,0,0,1,1
SAMPLE,RAW_B4_O2,23,106.42,115.99,4747201,0,0,0,0,1,0,1,0,0,1,1
SAMPLE,RAW_B4_O2,24,106.46,116.11,4748104,0,0,0,0,1,0,1,0,0,1,1
SAMPLE,RAW_B4_O2,25,106.38,116.84,4749942,0,0,0,0,1,0,1,0,0,1,1
SAMPLE,RAW_B4_O2,26,106.32,116.46,4626026,0,0,0,0,1,0,1,0,0,1,1
SAMPLE,RAW_B4_O2,27,106.30,117.19,4627497,0,0,0,0,1,0,1,0,0,1,1
SAMPLE,RAW_B4_O2,28,106.36,116.38,4624829,0,0,0,0,1,0,1,0,0,1,1
SAMPLE,RAW_B4_O2,29,106.34,117.20,4627629,0,0,0,0,1,0,1,0,0,1,1
SAMPLE,RAW_B4_O2,30,106.47,117.13,4664386,0,0,0,0,1,0,1,0,0,1,1
SAMPLE,RAW_B4_O2,31,106.34,116.55,4749750,0,0,0,0,1,0,1,0,0,1,1
SAMPLE,RAW_B4_O2,32,106.42,117.01,4627064,0,0,0,0,1,0,1,0,0,1,1
SAMPLE,RAW_B4_O2,33,106.41,116.83,4750204,0,0,0,0,1,0,1,0,0,1,1
SAMPLE,RAW_B4_O2,34,106.38,116.12,4623980,0,0,0,0,1,0,1,0,0,1,1
SAMPLE,RAW_B4_O2,35,106.31,116.44,4748903,0,0,0,0,1,0,1,0,0,1,1
SAMPLE,RAW_B4_O2,36,106.32,116.43,4624827,0,0,0,0,1,0,1,0,0,1,1
SAMPLE,RAW_B4_O2,37,106.37,117.17,4751413,0,0,0,0,1,0,1,0,0,1,1
SAMPLE,RAW_B4_O2,38,106.26,116.43,4749012,0,0,0,0,1,0,1,0,0,1,1
SAMPLE,RAW_B4_O2,39,106.33,116.57,4625370,0,0,0,0,1,0,1,0,0,1,1
SAMPLE,RAW_B4_O2,40,106.41,115.96,4747768,0,0,0,0,1,0,1,0,0,1,1
SAMPLE,RAW_B4_O2,41,106.31,116.34,4625669,0,0,0,0,1,0,1,0,0,1,1
SAMPLE,RAW_B4_O2,42,106.35,115.95,4623957,0,0,0,0,1,0,1,0,0,1,1
SAMPLE,RAW_B4_O2,43,106.37,115.80,4746779,0,0,0,0,1,0,1,0,0,1,1
SAMPLE,RAW_B4_O2,44,106.38,115.79,4622941,0,0,0,0,1,0,1,0,0,1,1
SAMPLE,RAW_B4_O2,45,106.40,116.70,4749686,0,0,0,0,1,0,1,0,0,1,1
SAMPLE,RAW_B4_O2,46,106.34,116.45,4626266,0,0,0,0,1,0,1,0,0,1,1
SAMPLE,RAW_B4_O2,47,106.28,115.71,4622673,0,0,0,0,1,0,1,0,0,1,1
SAMPLE,RAW_B4_O2,48,106.40,117.30,4752282,0,0,0,0,1,0,1,0,0,1,1
SAMPLE,RAW_B4_O2,49,106.39,117.10,4750563,0,0,0,0,1,0,1,0,0,1,1
SAMPLE,RAW_B4_O2,50,106.39,116.72,4626551,0,0,0,0,1,0,1,0,0,1,1
SAMPLE,RAW_B4_O2,51,106.35,116.82,4750051,0,0,0,0,1,0,1,0,0,1,1
SAMPLE,RAW_B4_O2,52,106.33,116.63,4687558,0,0,0,0,1,0,1,0,0,1,1
SAMPLE,RAW_B4_O2,53,106.41,115.68,4623221,0,0,0,0,1,0,1,0,0,1,1
SAMPLE,RAW_B4_O2,54,106.29,116.93,4750539,0,0,0,0,1,0,1,0,0,1,1
SAMPLE,RAW_B4_O2,55,106.43,116.82,4626354,0,0,0,0,1,0,1,0,0,1,1
SAMPLE,RAW_B4_O2,56,106.25,116.30,4692036,0,0,0,0,1,0,1,0,0,1,1
SAMPLE,RAW_B4_O2,57,106.44,116.57,4749334,0,0,0,0,1,0,1,0,0,1,1
SAMPLE,RAW_B4_O2,58,106.45,116.48,4626121,0,0,0,0,1,0,1,0,0,1,1
SAMPLE,RAW_B4_O2,59,106.32,116.55,4749270,0,0,0,0,1,0,1,0,0,1,1
SAMPLE,RAW_B4_O2,60,106.47,116.53,4626319,0,0,0,0,1,0,1,0,0,1,1
SAMPLE,RAW_B4_O2,61,106.34,116.38,4625065,0,0,0,0,1,0,1,0,0,1,1
SAMPLE,RAW_B4_O2,62,106.29,116.57,4749681,0,0,0,0,1,0,1,0,0,1,1
SAMPLE,RAW_B4_O2,63,106.25,116.81,4750200,0,0,0,0,1,0,1,0,0,1,1
SAMPLE,RAW_B4_O2,64,106.33,115.68,4746417,0,0,0,0,1,0,1,0,0,1,1
SAMPLE,RAW_B4_O2,65,106.41,117.50,4628950,0,0,0,0,1,0,1,0,0,1,1
SAMPLE,RAW_B4_O2,66,106.33,115.79,4623269,0,0,0,0,1,0,1,0,0,1,1
SAMPLE,RAW_B4_O2,67,106.33,116.47,4625641,0,0,0,0,1,0,1,0,0,1,1
SAMPLE,RAW_B4_O2,68,106.51,116.11,4624161,0,0,0,0,1,0,1,0,0,1,1
SAMPLE,RAW_B4_O2,69,106.32,116.12,4623803,0,0,0,0,1,0,1,0,0,1,1
SAMPLE,RAW_B4_O2,70,106.31,116.39,4748601,0,0,0,0,1,0,1,0,0,1,1
SAMPLE,RAW_B4_O2,71,106.43,116.35,4624645,0,0,0,0,1,0,1,0,0,1,1
SAMPLE,RAW_B4_O2,72,106.34,116.64,4750110,0,0,0,0,1,0,1,0,0,1,1
SAMPLE,RAW_B4_O2,73,106.33,116.94,4627251,0,0,0,0,1,0,1,0,0,1,1
SAMPLE,RAW_B4_O2,74,106.44,115.84,4623849,0,0,0,0,1,0,1,0,0,1,1
SAMPLE,RAW_B4_O2,75,106.30,116.37,4625655,0,0,0,0,1,0,1,0,0,1,1
SAMPLE,RAW_B4_O2,76,106.41,116.23,4624921,0,0,0,0,1,0,1,0,0,1,1
SAMPLE,RAW_B4_O2,77,106.32,116.23,4625083,0,0,0,0,1,0,1,0,0,1,1
SAMPLE,RAW_B4_O2,78,106.42,116.03,4624408,0,0,0,0,1,0,1,0,0,1,1
SAMPLE,RAW_B4_O2,79,106.35,116.52,4625832,0,0,0,0,1,0,1,0,0,1,1
SAMPLE,RAW_B4_O2,80,106.39,116.71,4626262,0,0,0,0,1,0,1,0,0,1,1
SAMPLE,RAW_B4_O2,81,106.39,115.89,4623291,0,0,0,0,1,0,1,0,0,1,1
SAMPLE,RAW_B4_O2,82,106.34,116.43,4625870,0,0,0,0,1,0,1,0,0,1,1
SAMPLE,RAW_B4_O2,83,106.34,116.55,4625535,0,0,0,0,1,0,1,0,0,1,1
SAMPLE,RAW_B4_O2,84,106.39,116.41,4625504,0,0,0,0,1,0,1,0,0,1,1
SAMPLE,RAW_B4_O2,85,106.36,117.01,4750966,0,0,0,0,1,0,1,0,0,1,1
SAMPLE,RAW_B4_O2,86,106.35,116.29,4748731,0,0,0,0,1,0,1,0,0,1,1
SAMPLE,RAW_B4_O2,87,106.29,116.91,4626723,0,0,0,0,1,0,1,0,0,1,1
SAMPLE,RAW_B4_O2,88,106.31,115.89,4623205,0,0,0,0,1,0,1,0,0,1,1
SAMPLE,RAW_B4_O2,89,106.46,115.77,4746380,0,0,0,0,1,0,1,0,0,1,1
SAMPLE,RAW_B4_O2,90,106.38,116.57,4625660,0,0,0,0,1,0,1,0,0,1,1
SAMPLE,RAW_B4_O2,91,106.34,116.97,4751013,0,0,0,0,1,0,1,0,0,1,1
SAMPLE,RAW_B4_O2,92,106.38,116.55,4749350,0,0,0,0,1,0,1,0,0,1,1
SAMPLE,RAW_B4_O2,93,106.39,116.98,4750948,0,0,0,0,1,0,1,0,0,1,1
SAMPLE,RAW_B4_O2,94,106.40,115.43,4621928,0,0,0,0,1,0,1,0,0,1,1
SAMPLE,RAW_B4_O2,95,106.25,116.12,4624385,0,0,0,0,1,0,1,0,0,1,1
SAMPLE,RAW_B4_O2,96,106.40,115.58,4622333,0,0,0,0,1,0,1,0,0,1,1
SAMPLE,RAW_B4_O2,97,106.32,116.46,4625631,0,0,0,0,1,0,1,0,0,1,1
SAMPLE,RAW_B4_O2,98,106.31,115.97,4747250,0,0,0,0,1,0,1,0,0,1,1
SAMPLE,RAW_B4_O2,99,106.40,115.90,4623758,0,0,0,0,1,0,1,0,0,1,1
SUMMARY,RAW_B4_O2,4,2,2,0,256,32,0,0,106.36,116.42,117.17,117.30,159.54,9.45,0,0.00,4670739,171.27,0,0,0,0,1,0,1,0,0,0
SAMPLE,RAW_B4_O4,0,106.49,119.33,2334770,0,0,0,0,3,0,3,0,0,1,1
SAMPLE,RAW_B4_O4,1,106.35,119.46,2335197,0,0,0,0,3,0,3,0,0,1,1
SAMPLE,RAW_B4_O4,2,106.37,119.34,2333758,0,0,0,0,3,0,3,0,0,1,1
SAMPLE,RAW_B4_O4,3,106.46,119.45,2334418,0,0,0,0,3,0,3,0,0,1,1
SAMPLE,RAW_B4_O4,4,106.37,119.16,2334077,0,0,0,0,3,0,3,0,0,1,1
SAMPLE,RAW_B4_O4,5,106.50,119.48,2334879,0,0,0,0,3,0,3,0,0,1,1
SAMPLE,RAW_B4_O4,6,106.25,119.46,2334951,0,0,0,0,3,0,3,0,0,1,1
SAMPLE,RAW_B4_O4,7,106.37,119.42,2334005,0,0,0,0,3,0,3,0,0,1,1
SAMPLE,RAW_B4_O4,8,106.33,119.50,2334463,0,0,0,0,3,0,3,0,0,1,1
SAMPLE,RAW_B4_O4,9,106.35,119.21,2333545,0,0,0,0,3,0,3,0,0,1,1
SAMPLE,RAW_B4_O4,10,106.40,119.29,2334526,0,0,0,0,3,0,3,0,0,1,1
SAMPLE,RAW_B4_O4,11,106.43,119.49,2334727,0,0,0,0,3,0,3,0,0,1,1
SAMPLE,RAW_B4_O4,12,106.38,119.52,2334552,0,0,0,0,3,0,3,0,0,1,1
SAMPLE,RAW_B4_O4,13,106.42,119.64,2334704,0,0,0,0,3,0,3,0,0,1,1
SAMPLE,RAW_B4_O4,14,106.31,119.22,2333937,0,0,0,0,3,0,3,0,0,1,1
SAMPLE,RAW_B4_O4,15,106.25,119.39,2334566,0,0,0,0,3,0,3,0,0,1,1
SAMPLE,RAW_B4_O4,16,106.36,119.25,2334377,0,0,0,0,3,0,3,0,0,1,1
SAMPLE,RAW_B4_O4,17,106.38,119.27,2333934,0,0,0,0,3,0,3,0,0,1,1
SAMPLE,RAW_B4_O4,18,106.40,119.51,2334301,0,0,0,0,3,0,3,0,0,1,1
SAMPLE,RAW_B4_O4,19,106.41,119.61,2334480,0,0,0,0,3,0,3,0,0,1,1
SAMPLE,RAW_B4_O4,20,106.35,119.32,2334367,0,0,0,0,3,0,3,0,0,1,1
SAMPLE,RAW_B4_O4,21,106.35,119.52,2334625,0,0,0,0,3,0,3,0,0,1,1
SAMPLE,RAW_B4_O4,22,106.32,119.29,2334164,0,0,0,0,3,0,3,0,0,1,1
SAMPLE,RAW_B4_O4,23,106.34,119.26,2334139,0,0,0,0,3,0,3,0,0,1,1
SAMPLE,RAW_B4_O4,24,106.45,119.59,2334701,0,0,0,0,3,0,3,0,0,1,1
SAMPLE,RAW_B4_O4,25,106.42,119.51,2335034,0,0,0,0,3,0,3,0,0,1,1
SAMPLE,RAW_B4_O4,26,106.37,119.38,2334582,0,0,0,0,3,0,3,0,0,1,1
SAMPLE,RAW_B4_O4,27,106.28,119.31,2334787,0,0,0,0,3,0,3,0,0,1,1
SAMPLE,RAW_B4_O4,28,106.32,119.76,2335028,0,0,0,0,3,0,3,0,0,1,1
SAMPLE,RAW_B4_O4,29,106.48,119.32,2333773,0,0,0,0,3,0,3,0,0,1,1
SAMPLE,RAW_B4_O4,30,106.34,119.49,2334673,0,0,0,0,3,0,3,0,0,1,1
SAMPLE,RAW_B4_O4,31,106.42,119.68,2334774,0,0,0,0,3,0,3,0,0,1,1
SAMPLE,RAW_B4_O4,32,106.33,119.73,2334711,0,0,0,0,3,0,3,0,0,1,1
SAMPLE,RAW_B4_O4,33,106.38,119.35,2333693,0,0,0,0,3,0,3,0,0,1,1
SAMPLE,RAW_B4_O4,34,106.38,119.53,2335189,0,0,0,0,3,0,3,0,0,1,1
SAMPLE,RAW_B4_O4,35,106.31,119.39,2334160,0,0,0,0,3,0,3,0,0,1,1
SAMPLE,RAW_B4_O4,36,106.34,119.57,2334886,0,0,0,0,3,0,3,0,0,1,1
SAMPLE,RAW_B4_O4,37,106.31,119.35,2334812,0,0,0,0,3,0,3,0,0,1,1
SAMPLE,RAW_B4_O4,38,106.37,119.39,2334311,0,0,0,0,3,0,3,0,0,1,1
SAMPLE,RAW_B4_O4,39,106.35,119.21,2334924,0,0,0,0,3,0,3,0,0,1,1
SAMPLE,RAW_B4_O4,40,106.40,119.36,2334534,0,0,0,0,3,0,3,0,0,1,1
SAMPLE,RAW_B4_O4,41,106.30,119.15,2334495,0,0,0,0,3,0,3,0,0,1,1
SAMPLE,RAW_B4_O4,42,106.31,119.26,2334453,0,0,0,0,3,0,3,0,0,1,1
SAMPLE,RAW_B4_O4,43,106.43,119.33,2333853,0,0,0,0,3,0,3,0,0,1,1
SAMPLE,RAW_B4_O4,44,106.32,119.49,2334182,0,0,0,0,3,0,3,0,0,1,1
SAMPLE,RAW_B4_O4,45,106.42,119.69,2335103,0,0,0,0,3,0,3,0,0,1,1
SAMPLE,RAW_B4_O4,46,106.37,119.49,2335398,0,0,0,0,3,0,3,0,0,1,1
SAMPLE,RAW_B4_O4,47,106.41,119.27,2334504,0,0,0,0,3,0,3,0,0,1,1
SAMPLE,RAW_B4_O4,48,106.35,119.44,2334941,0,0,0,0,3,0,3,0,0,1,1
SAMPLE,RAW_B4_O4,49,106.34,119.52,2334974,0,0,0,0,3,0,3,0,0,1,1
SAMPLE,RAW_B4_O4,50,106.42,119.41,2333918,0,0,0,0,3,0,3,0,0,1,1
SAMPLE,RAW_B4_O4,51,106.38,119.35,2334871,0,0,0,0,3,0,3,0,0,1,1
SAMPLE,RAW_B4_O4,52,106.34,119.21,2334348,0,0,0,0,3,0,3,0,0,1,1
SAMPLE,RAW_B4_O4,53,106.39,119.64,2334830,0,0,0,0,3,0,3,0,0,1,1
SAMPLE,RAW_B4_O4,54,106.42,119.28,2333920,0,0,0,0,3,0,3,0,0,1,1
SAMPLE,RAW_B4_O4,55,106.35,119.66,2334643,0,0,0,0,3,0,3,0,0,1,1
SAMPLE,RAW_B4_O4,56,106.36,119.32,2334367,0,0,0,0,3,0,3,0,0,1,1
SAMPLE,RAW_B4_O4,57,106.29,119.55,2334447,0,0,0,0,3,0,3,0,0,1,1
SAMPLE,RAW_B4_O4,58,106.29,119.57,2334851,0,0,0,0,3,0,3,0,0,1,1
SAMPLE,RAW_B4_O4,59,106.37,119.41,2334068,0,0,0,0,3,0,3,0,0,1,1
SAMPLE,RAW_B4_O4,60,106.43,119.32,2333867,0,0,0,0,3,0,3,0,0,1,1
SAMPLE,RAW_B4_O4,61,106.39,119.44,2334773,0,0,0,0,3,0,3,0,0,1,1
SAMPLE,RAW_B4_O4,62,106.33,119.39,2333905,0,0,0,0,3,0,3,0,0,1,1
SAMPLE,RAW_B4_O4,63,106.40,119.51,2334516,0,0,0,0,3,0,3,0,0,1,1
SAMPLE,RAW_B4_O4,64,106.41,119.51,2334797,0,0,0,0,3,0,3,0,0,1,1
SAMPLE,RAW_B4_O4,65,106.31,119.25,2334399,0,0,0,0,3,0,3,0,0,1,1
SAMPLE,RAW_B4_O4,66,106.35,119.33,2334989,0,0,0,0,3,0,3,0,0,1,1
SAMPLE,RAW_B4_O4,67,106.40,119.45,2335437,0,0,0,0,3,0,3,0,0,1,1
SAMPLE,RAW_B4_O4,68,106.32,119.32,2334889,0,0,0,0,3,0,3,0,0,1,1
SAMPLE,RAW_B4_O4,69,106.32,119.49,2334453,0,0,0,0,3,0,3,0,0,1,1
SAMPLE,RAW_B4_O4,70,106.35,119.42,2334385,0,0,0,0,3,0,3,0,0,1,1
SAMPLE,RAW_B4_O4,71,106.43,119.68,2335048,0,0,0,0,3,0,3,0,0,1,1
SAMPLE,RAW_B4_O4,72,106.36,119.84,2335149,0,0,0,0,3,0,3,0,0,1,1
SAMPLE,RAW_B4_O4,73,106.36,119.13,2334061,0,0,0,0,3,0,3,0,0,1,1
SAMPLE,RAW_B4_O4,74,106.42,119.65,2334447,0,0,0,0,3,0,3,0,0,1,1
SAMPLE,RAW_B4_O4,75,106.43,119.40,2334803,0,0,0,0,3,0,3,0,0,1,1
SAMPLE,RAW_B4_O4,76,106.41,119.58,2335305,0,0,0,0,3,0,3,0,0,1,1
SAMPLE,RAW_B4_O4,77,106.44,119.36,2334738,0,0,0,0,3,0,3,0,0,1,1
SAMPLE,RAW_B4_O4,78,106.36,119.25,2333764,0,0,0,0,3,0,3,0,0,1,1
SAMPLE,RAW_B4_O4,79,106.31,119.54,2334446,0,0,0,0,3,0,3,0,0,1,1
SAMPLE,RAW_B4_O4,80,106.48,119.42,2334380,0,0,0,0,3,0,3,0,0,1,1
SAMPLE,RAW_B4_O4,81,106.48,119.66,2334562,0,0,0,0,3,0,3,0,0,1,1
SAMPLE,RAW_B4_O4,82,106.47,119.37,2334702,0,0,0,0,3,0,3,0,0,1,1
SAMPLE,RAW_B4_O4,83,106.42,119.39,2335035,0,0,0,0,3,0,3,0,0,1,1
SAMPLE,RAW_B4_O4,84,106.36,119.42,2334632,0,0,0,0,3,0,3,0,0,1,1
SAMPLE,RAW_B4_O4,85,106.47,119.41,2334617,0,0,0,0,3,0,3,0,0,1,1
SAMPLE,RAW_B4_O4,86,106.33,119.67,2334687,0,0,0,0,3,0,3,0,0,1,1
SAMPLE,RAW_B4_O4,87,106.40,119.50,2334277,0,0,0,0,3,0,3,0,0,1,1
SAMPLE,RAW_B4_O4,88,106.32,119.62,2334388,0,0,0,0,3,0,3,0,0,1,1
SAMPLE,RAW_B4_O4,89,106.38,119.66,2334882,0,0,0,0,3,0,3,0,0,1,1
SAMPLE,RAW_B4_O4,90,106.41,119.59,2334464,0,0,0,0,3,0,3,0,0,1,1
SAMPLE,RAW_B4_O4,91,106.41,119.57,2334517,0,0,0,0,3,0,3,0,0,1,1
SAMPLE,RAW_B4_O4,92,106.37,119.34,2334592,0,0,0,0,3,0,3,0,0,1,1
SAMPLE,RAW_B4_O4,93,106.32,119.47,2334486,0,0,0,0,3,0,3,0,0,1,1
SAMPLE,RAW_B4_O4,94,106.41,119.39,2334249,0,0,0,0,3,0,3,0,0,1,1
SAMPLE,RAW_B4_O4,95,106.40,119.22,2333985,0,0,0,0,3,0,3,0,0,1,1
SAMPLE,RAW_B4_O4,96,106.39,119.44,2334780,0,0,0,0,3,0,3,0,0,1,1
SAMPLE,RAW_B4_O4,97,106.29,119.48,2334823,0,0,0,0,3,0,3,0,0,1,1
SAMPLE,RAW_B4_O4,98,106.36,119.81,2334901,0,0,0,0,3,0,3,0,0,1,1
SAMPLE,RAW_B4_O4,99,106.27,119.51,2334246,0,0,0,0,3,0,3,0,0,1,1
SUMMARY,RAW_B4_O4,4,4,4,0,256,32,0,0,106.37,119.44,119.68,119.81,159.55,12.28,0,0.00,2334535,342.68,0,0,0,0,3,0,3,0,0,0
SAMPLE,RAW_B8_O1,0,106.39,113.34,5294742,0,0,0,0,0,0,0,0,0,1,1
SAMPLE,RAW_B8_O1,1,106.33,113.44,5293671,0,0,0,0,0,0,0,0,0,1,1
SAMPLE,RAW_B8_O1,2,106.43,113.46,5293904,0,0,0,0,0,0,0,0,0,1,1
SAMPLE,RAW_B8_O1,3,106.36,113.54,5294642,0,0,0,0,0,0,0,0,0,1,1
SAMPLE,RAW_B8_O1,4,106.35,113.40,5294335,0,0,0,0,0,0,0,0,0,1,1
SAMPLE,RAW_B8_O1,5,106.30,113.45,5294154,0,0,0,0,0,0,0,0,0,1,1
SAMPLE,RAW_B8_O1,6,106.31,113.48,5294227,0,0,0,0,0,0,0,0,0,1,1
SAMPLE,RAW_B8_O1,7,106.38,113.54,5294904,0,0,0,0,0,0,0,0,0,1,1
SAMPLE,RAW_B8_O1,8,106.34,113.54,5294820,0,0,0,0,0,0,0,0,0,1,1
SAMPLE,RAW_B8_O1,9,106.47,113.49,5294327,0,0,0,0,0,0,0,0,0,1,1
SAMPLE,RAW_B8_O1,10,106.36,113.38,5294787,0,0,0,0,0,0,0,0,0,1,1
SAMPLE,RAW_B8_O1,11,106.35,113.53,5294585,0,0,0,0,0,0,0,0,0,1,1
SAMPLE,RAW_B8_O1,12,106.42,113.55,5294329,0,0,0,0,0,0,0,0,0,1,1
SAMPLE,RAW_B8_O1,13,106.34,113.53,5293551,0,0,0,0,0,0,0,0,0,1,1
SAMPLE,RAW_B8_O1,14,106.36,113.30,5294463,0,0,0,0,0,0,0,0,0,1,1
SAMPLE,RAW_B8_O1,15,106.36,113.56,5294589,0,0,0,0,0,0,0,0,0,1,1
SAMPLE,RAW_B8_O1,16,106.48,113.37,5294346,0,0,0,0,0,0,0,0,0,1,1
SAMPLE,RAW_B8_O1,17,106.37,113.42,5294637,0,0,0,0,0,0,0,0,0,1,1
SAMPLE,RAW_B8_O1,18,106.40,113.52,5294571,0,0,0,0,0,0,0,0,0,1,1
SAMPLE,RAW_B8_O1,19,106.29,113.52,5294387,0,0,0,0,0,0,0,0,0,1,1
SAMPLE,RAW_B8_O1,20,106.46,113.41,5293905,0,0,0,0,0,0,0,0,0,1,1
SAMPLE,RAW_B8_O1,21,106.34,113.52,5294508,0,0,0,0,0,0,0,0,0,1,1
SAMPLE,RAW_B8_O1,22,106.38,113.43,5294675,0,0,0,0,0,0,0,0,0,1,1
SAMPLE,RAW_B8_O1,23,106.30,113.54,5295016,0,0,0,0,0,0,0,0,0,1,1
SAMPLE,RAW_B8_O1,24,106.38,113.38,5294713,0,0,0,0,0,0,0,0,0,1,1
SAMPLE,RAW_B8_O1,25,106.39,113.52,5294423,0,0,0,0,0,0,0,0,0,1,1
SAMPLE,RAW_B8_O1,26,106.27,113.61,5294838,0,0,0,0,0,0,0,0,0,1,1
SAMPLE,RAW_B8_O1,27,106.39,113.46,5294651,0,0,0,0,0,0,0,0,0,1,1
SAMPLE,RAW_B8_O1,28,106.53,113.53,5294523,0,0,0,0,0,0,0,0,0,1,1
SAMPLE,RAW_B8_O1,29,106.36,113.33,5294693,0,0,0,0,0,0,0,0,0,1,1
SAMPLE,RAW_B8_O1,30,106.43,113.44,5294585,0,0,0,0,0,0,0,0,0,1,1
SAMPLE,RAW_B8_O1,31,106.27,113.41,5294951,0,0,0,0,0,0,0,0,0,1,1
SAMPLE,RAW_B8_O1,32,106.39,113.49,5295083,0,0,0,0,0,0,0,0,0,1,1
SAMPLE,RAW_B8_O1,33,106.44,113.58,5294007,0,0,0,0,0,0,0,0,0,1,1
SAMPLE,RAW_B8_O1,34,106.37,113.57,5294542,0,0,0,0,0,0,0,0,0,1,1
SAMPLE,RAW_B8_O1,35,106.40,113.50,5294667,0,0,0,0,0,0,0,0,0,1,1
SAMPLE,RAW_B8_O1,36,106.34,113.48,5294534,0,0,0,0,0,0,0,0,0,1,1
SAMPLE,RAW_B8_O1,37,106.40,113.40,5294721,0,0,0,0,0,0,0,0,0,1,1
SAMPLE,RAW_B8_O1,38,106.36,113.50,5294655,0,0,0,0,0,0,0,0,0,1,1
SAMPLE,RAW_B8_O1,39,106.39,113.48,5294581,0,0,0,0,0,0,0,0,0,1,1
SAMPLE,RAW_B8_O1,40,106.36,113.39,5294564,0,0,0,0,0,0,0,0,0,1,1
SAMPLE,RAW_B8_O1,41,106.39,113.59,5294663,0,0,0,0,0,0,0,0,0,1,1
SAMPLE,RAW_B8_O1,42,106.50,113.44,5294260,0,0,0,0,0,0,0,0,0,1,1
SAMPLE,RAW_B8_O1,43,106.32,113.63,5294991,0,0,0,0,0,0,0,0,0,1,1
SAMPLE,RAW_B8_O1,44,106.37,113.42,5294659,0,0,0,0,0,0,0,0,0,1,1
SAMPLE,RAW_B8_O1,45,106.44,113.59,5294564,0,0,0,0,0,0,0,0,0,1,1
SAMPLE,RAW_B8_O1,46,106.38,113.46,5294200,0,0,0,0,0,0,0,0,0,1,1
SAMPLE,RAW_B8_O1,47,106.32,113.52,5294365,0,0,0,0,0,0,0,0,0,1,1
SAMPLE,RAW_B8_O1,48,106.44,113.55,5294607,0,0,0,0,0,0,0,0,0,1,1
SAMPLE,RAW_B8_O1,49,106.44,113.52,5293681,0,0,0,0,0,0,0,0,0,1,1
SAMPLE,RAW_B8_O1,50,106.32,113.42,5294903,0,0,0,0,0,0,0,0,0,1,1
SAMPLE,RAW_B8_O1,51,106.35,113.42,5294156,0,0,0,0,0,0,0,0,0,1,1
SAMPLE,RAW_B8_O1,52,106.38,113.42,5294415,0,0,0,0,0,0,0,0,0,1,1
SAMPLE,RAW_B8_O1,53,106.31,113.45,5294395,0,0,0,0,0,0,0,0,0,1,1
SAMPLE,RAW_B8_O1,54,106.49,113.48,5294737,0,0,0,0,0,0,0,0,0,1,1
SAMPLE,RAW_B8_O1,55,106.45,113.53,5294041,0,0,0,0,0,0,0,0,0,1,1
SAMPLE,RAW_B8_O1,56,106.35,113.50,5294609,0,0,0,0,0,0,0,0,0,1,1
SAMPLE,RAW_B8_O1,57,106.50,113.42,5294836,0,0,0,0,0,0,0,0,0,1,1
SAMPLE,RAW_B8_O1,58,106.38,113.48,5294367,0,0,0,0,0,0,0,0,0,1,1
SAMPLE,RAW_B8_O1,59,106.41,113.38,5294822,0,0,0,0,0,0,0,0,0,1,1
SAMPLE,RAW_B8_O1,60,106.29,113.46,5294345,0,0,0,0,0,0,0,0,0,1,1
SAMPLE,RAW_B8_O1,61,106.40,113.52,5294071,0,0,0,0,0,0,0,0,0,1,1
SAMPLE,RAW_B8_O1,62,106.34,113.57,5294503,0,0,0,0,0,0,0,0,0,1,1
SAMPLE,RAW_B8_O1,63,106.33,113.35,5294788,0,0,0,0,0,0,0,0,0,1,1
SAMPLE,RAW_B8_O1,64,106.42,113.52,5294182,0,0,0,0,0,0,0,0,0,1,1
SAMPLE,RAW_B8_O1,65,106.36,113.51,5294545,0,0,0,0,0,0,0,0,0,1,1
SAMPLE,RAW_B8_O1,66,106.38,113.39,5294661,0,0,0,0,0,0,0,0,0,1,1
SAMPLE,RAW_B8_O1,67,106.36,113.44,5294308,0,0,0,0,0,0,0,0,0,1,1
SAMPLE,RAW_B8_O1,68,106.39,113.43,5293964,0,0,0,0,0,0,0,0,0,1,1
SAMPLE,RAW_B8_O1,69,106.34,113.46,5294667,0,0,0,0,0,0,0,0,0,1,1
SAMPLE,RAW_B8_O1,70,106.44,113.54,5294073,0,0,0,0,0,0,0,0,0,1,1
SAMPLE,RAW_B8_O1,71,106.45,113.36,5294948,0,0,0,0,0,0,0,0,0,1,1
SAMPLE,RAW_B8_O1,72,106.29,113.48,5294422,0,0,0,0,0,0,0,0,0,1,1
SAMPLE,RAW_B8_O1,73,106.37,113.57,5293794,0,0,0,0,0,0,0,0,0,1,1
SAMPLE,RAW_B8_O1,74,106.30,113.47,5294708,0,0,0,0,0,0,0,0,0,1,1
SAMPLE,RAW_B8_O1,75,106.32,113.35,5294647,0,0,0,0,0,0,0,0,0,1,1
SAMPLE,RAW_B8_O1,76,106.41,113.55,5294584,0,0,0,0,0,0,0,0,0,1,1
SAMPLE,RAW_B8_O1,77,106.29,113.37,5294358,0,0,0,0,0,0,0,0,0,1,1
SAMPLE,RAW_B8_O1,78,106.48,113.48,5294555,0,0,0,0,0,0,0,0,0,1,1
SAMPLE,RAW_B8_O1,79,106.36,113.52,5294545,0,0,0,0,0,0,0,0,0,1,1
SAMPLE,RAW_B8_O1,80,106.37,113.48,5294618,0,0,0,0,0,0,0,0,0,1,1
SAMPLE,RAW_B8_O1,81,106.42,113.64,5294704,0,0,0,0,0,0,0,0,0,1,1
SAMPLE,RAW_B8_O1,82,106.36,113.62,5295002,0,0,0,0,0,0,0,0,0,1,1
SAMPLE,RAW_B8_O1,83,106.46,113.41,5294321,0,0,0,0,0,0,0,0,0,1,1
SAMPLE,RAW_B8_O1,84,106.36,113.52,5294347,0,0,0,0,0,0,0,0,0,1,1
SAMPLE,RAW_B8_O1,85,106.41,113.44,5294679,0,0,0,0,0,0,0,0,0,1,1
SAMPLE,RAW_B8_O1,86,106.44,113.52,5294464,0,0,0,0,0,0,0,0,0,1,1
SAMPLE,RAW_B8_O1,87,106.35,113.44,5294908,0,0,0,0,0,0,0,0,0,1,1
SAMPLE,RAW_B8_O1,88,106.39,113.35,5294939,0,0,0,0,0,0,0,0,0,1,1
SAMPLE,RAW_B8_O1,89,106.42,113.59,5295357,0,0,0,0,0,0,0,0,0,1,1
SAMPLE,RAW_B8_O1,90,106.21,113.61,5295061,0,0,0,0,0,0,0,0,0,1,1
SAMPLE,RAW_B8_O1,91,106.47,113.50,5294453,0,0,0,0,0,0,0,0,0,1,1
SAMPLE,RAW_B8_O1,92,106.41,113.40,5294856,0,0,0,0,0,0,0,0,0,1,1
SAMPLE,RAW_B8_O1,93,106.36,113.42,5294208,0,0,0,0,0,0,0,0,0,1,1
SAMPLE,RAW_B8_O1,94,106.38,113.45,5295033,0,0,0,0,0,0,0,0,0,1,1
SAMPLE,RAW_B8_O1,95,106.32,113.57,5294835,0,0,0,0,0,0,0,0,0,1,1
SAMPLE,RAW_B8_O1,96,106.31,113.45,5294861,0,0,0,0,0,0,0,0,0,1,1
SAMPLE,RAW_B8_O1,97,106.50,113.48,5293697,0,0,0,0,0,0,0,0,0,1,1
SAMPLE,RAW_B8_O1,98,106.31,113.51,5294544,0,0,0,0,0,0,0,0,0,1,1
SAMPLE,RAW_B8_O1,99,106.38,113.57,5293663,0,0,0,0,0,0,0,0,0,1,1
SUMMARY,RAW_B8_O1,8,1,1,0,256,32,0,0,106.37,113.47,113.59,113.63,159.55,6.67,0,0.00,5294512,151.09,0,0,0,0,0,0,0,0,0,0
SAMPLE,RAW_B8_O2,0,106.43,122.88,2540239,0,0,0,0,1,0,1,0,0,1,1
SAMPLE,RAW_B8_O2,1,106.44,122.43,2537740,0,0,0,0,1,0,1,0,0,1,1
SAMPLE,RAW_B8_O2,2,106.29,123.10,2539622,0,0,0,0,1,0,1,0,0,1,1
SAMPLE,RAW_B8_O2,3,106.29,122.53,2537989,0,0,0,0,1,0,1,0,0,1,1
SAMPLE,RAW_B8_O2,4,106.31,122.69,2539076,0,0,0,0,1,0,1,0,0,1,1
SAMPLE,RAW_B8_O2,5,106.40,122.49,2537761,0,0,0,0,1,0,1,0,0,1,1
SAMPLE,RAW_B8_O2,6,106.35,123.12,2539610,0,0,0,0,1,0,1,0,0,1,1
SAMPLE,RAW_B8_O2,7,106.27,122.58,2551645,0,0,0,0,1,0,1,0,0,1,1
SAMPLE,RAW_B8_O2,8,106.34,121.97,2536691,0,0,0,0,1,0,1,0,0,1,1
SAMPLE,RAW_B8_O2,9,106.34,122.60,2538253,0,0,0,0,1,0,1,0,0,1,1
SAMPLE,RAW_B8_O2,10,106.30,122.65,2538473,0,0,0,0,1,0,1,0,0,1,1
SAMPLE,RAW_B8_O2,11,106.40,122.89,2551107,0,0,0,0,1,0,1,0,0,1,1
SAMPLE,RAW_B8_O2,12,106.40,122.36,2546065,0,0,0,0,1,0,1,0,0,1,1
SAMPLE,RAW_B8_O2,13,106.44,122.71,2539410,0,0,0,0,1,0,1,0,0,1,1
SAMPLE,RAW_B8_O2,14,106.35,122.71,2538642,0,0,0,0,1,0,1,0,0,1,1
SAMPLE,RAW_B8_O2,15,106.31,122.73,2538511,0,0,0,0,1,0,1,0,0,1,1
SAMPLE,RAW_B8_O2,16,106.31,122.55,2539496,0,0,0,0,1,0,1,0,0,1,1
SAMPLE,RAW_B8_O2,17,106.37,122.63,2550463,0,0,0,0,1,0,1,0,0,1,1
SAMPLE,RAW_B8_O2,18,106.31,123.59,2541818,0,0,0,0,1,0,1,0,0,1,1
SAMPLE,RAW_B8_O2,19,106.31,122.82,2538967,0,0,0,0,1,0,1,0,0,1,1
SAMPLE,RAW_B8_O2,20,106.34,121.89,2548823,0,0,0,0,1,0,1,0,0,1,1
SAMPLE,RAW_B8_O2,21,106.33,122.42,2550090,0,0,0,0,1,0,1,0,0,1,1
SAMPLE,RAW_B8_O2,22,106.31,121.93,2536676,0,0,0,0,1,0,1,0,0,1,1
SAMPLE,RAW_B8_O2,23,106.37,122.12,2537130,0,0,0,0,1,0,1,0,0,1,1
SAMPLE,RAW_B8_O2,24,106.47,122.69,2538556,0,0,0,0,1,0,1,0,0,1,1
SAMPLE,RAW_B8_O2,25,106.32,122.11,2537108,0,0,0,0,1,0,1,0,0,1,1
SAMPLE,RAW_B8_O2,26,106.33,122.60,2539630,0,0,0,0,1,0,1,0,0,1,1
SAMPLE,RAW_B8_O2,27,106.30,122.67,2538431,0,0,0,0,1,0,1,0,0,1,1
SAMPLE,RAW_B8_O2,28,106.36,122.61,2550478,0,0,0,0,1,0,1,0,0,1,1
SAMPLE,RAW_B8_O2,29,106.39,122.63,2539632,0,0,0,0,1,0,1,0,0,1,1
SAMPLE,RAW_B8_O2,30,106.35,122.80,2550617,0,0,0,0,1,0,1,0,0,1,1
SAMPLE,RAW_B8_O2,31,106.46,122.45,2537852,0,0,0,0,1,0,1,0,0,1,1
SAMPLE,RAW_B8_O2,32,106.36,122.45,2538758,0,0,0,0,1,0,1,0,0,1,1
SAMPLE,RAW_B8_O2,33,106.32,122.19,2538523,0,0,0,0,1,0,1,0,0,1,1
SAMPLE,RAW_B8_O2,34,106.45,122.03,2536715,0,0,0,0,1,0,1,0,0,1,1
SAMPLE,RAW_B8_O2,35,106.35,123.28,2539959,0,0,0,0,1,0,1,0,0,1,1
SAMPLE,RAW_B8_O2,36,106.36,122.45,2550536,0,0,0,0,1,0,1,0,0,1,1
SAMPLE,RAW_B8_O2,37,106.27,122.55,2539390,0,0,0,0,1,0,1,0,0,1,1
SAMPLE,RAW_B8_O2,38,106.36,122.97,2539266,0,0,0,0,1,0,1,0,0,1,1
SAMPLE,RAW_B8_O2,39,106.39,122.35,2537864,0,0,0,0,1,0,1,0,0,1,1
SAMPLE,RAW_B8_O2,40,106.35,121.94,2537715,0,0,0,0,1,0,1,0,0,1,1
SAMPLE,RAW_B8_O2,41,106.41,123.07,2539432,0,0,0,0,1,0,1,0,0,1,1
SAMPLE,RAW_B8_O2,42,106.34,123.13,2540261,0,0,0,0,1,0,1,0,0,1,1
SAMPLE,RAW_B8_O2,43,106.33,122.45,2537864,0,0,0,0,1,0,1,0,0,1,1
SAMPLE,RAW_B8_O2,44,106.38,122.60,2539363,0,0,0,0,1,0,1,0,0,1,1
SAMPLE,RAW_B8_O2,45,106.37,122.60,2538281,0,0,0,0,1,0,1,0,0,1,1
SAMPLE,RAW_B8_O2,46,106.40,122.33,2537522,0,0,0,0,1,0,1,0,0,1,1
SAMPLE,RAW_B8_O2,47,106.35,122.19,2537350,0,0,0,0,1,0,1,0,0,1,1
SAMPLE,RAW_B8_O2,48,106.31,122.29,2538918,0,0,0,0,1,0,1,0,0,1,1
SAMPLE,RAW_B8_O2,49,106.35,122.33,2537522,0,0,0,0,1,0,1,0,0,1,1
SAMPLE,RAW_B8_O2,50,106.36,122.35,2539043,0,0,0,0,1,0,1,0,0,1,1
SAMPLE,RAW_B8_O2,51,106.34,122.09,2537258,0,0,0,0,1,0,1,0,0,1,1
SAMPLE,RAW_B8_O2,52,106.44,122.11,2538087,0,0,0,0,1,0,1,0,0,1,1
SAMPLE,RAW_B8_O2,53,106.18,122.31,2537595,0,0,0,0,1,0,1,0,0,1,1
SAMPLE,RAW_B8_O2,54,106.45,122.39,2549995,0,0,0,0,1,0,1,0,0,1,1
SAMPLE,RAW_B8_O2,55,106.31,122.41,2537636,0,0,0,0,1,0,1,0,0,1,1
SAMPLE,RAW_B8_O2,56,106.42,123.00,2540520,0,0,0,0,1,0,1,0,0,1,1
SAMPLE,RAW_B8_O2,57,106.35,122.74,2538631,0,0,0,0,1,0,1,0,0,1,1
SAMPLE,RAW_B8_O2,58,106.36,122.73,2539914,0,0,0,0,1,0,1,0,0,1,1
SAMPLE,RAW_B8_O2,59,106.35,122.77,2539457,0,0,0,0,1,0,1,0,0,1,1
SAMPLE,RAW_B8_O2,60,106.35,122.55,2538188,0,0,0,0,1,0,1,0,0,1,1
SAMPLE,RAW_B8_O2,61,106.27,122.46,2537896,0,0,0,0,1,0,1,0,0,1,1
SAMPLE,RAW_B8_O2,62,106.46,122.07,2537131,0,0,0,0,1,0,1,0,0,1,1
SAMPLE,RAW_B8_O2,63,106.38,122.53,2538239,0,0,0,0,1,0,1,0,0,1,1
SAMPLE,RAW_B8_O2,64,106.47,122.40,2538349,0,0,0,0,1,0,1,0,0,1,1
SAMPLE,RAW_B8_O2,65,106.36,122.74,2538652,0,0,0,0,1,0,1,0,0,1,1
SAMPLE,RAW_B8_O2,66,106.34,122.52,2538151,0,0,0,0,1,0,1,0,0,1,1
SAMPLE,RAW_B8_O2,67,106.47,122.91,2539268,0,0,0,0,1,0,1,0,0,1,1
SAMPLE,RAW_B8_O2,68,106.31,122.88,2551204,0,0,0,0,1,0,1,0,0,1,1
SAMPLE,RAW_B8_O2,69,106.46,121.71,2539752,0,0,0,0,1,0,1,0,0,1,1
SAMPLE,RAW_B8_O2,70,106.29,122.63,2538452,0,0,0,0,1,0,1,0,0,1,1
SAMPLE,RAW_B8_O2,71,106.34,123.22,2539945,0,0,0,0,1,0,1,0,0,1,1
SAMPLE,RAW_B8_O2,72,106.32,122.32,2537289,0,0,0,0,1,0,1,0,0,1,1
SAMPLE,RAW_B8_O2,73,106.36,122.36,2537680,0,0,0,0,1,0,1,0,0,1,1
SAMPLE,RAW_B8_O2,74,106.42,122.31,2537469,0,0,0,0,1,0,1,0,0,1,1
SAMPLE,RAW_B8_O2,75,106.38,122.31,2549890,0,0,0,0,1,0,1,0,0,1,1

SAMPLE,RAW_B8_O2,76,106.40,123.13,2539664,0,0,0,0,1,0,1,0,0,1,1
SAMPLE,RAW_B8_O2,77,106.41,122.19,2549471,0,0,0,0,1,0,1,0,0,1,1
SAMPLE,RAW_B8_O2,78,106.37,122.36,2537589,0,0,0,0,1,0,1,0,0,1,1
SAMPLE,RAW_B8_O2,79,106.33,123.07,2539515,0,0,0,0,1,0,1,0,0,1,1
SAMPLE,RAW_B8_O2,80,106.34,122.28,2537671,0,0,0,0,1,0,1,0,0,1,1
SAMPLE,RAW_B8_O2,81,106.45,122.65,2550932,0,0,0,0,1,0,1,0,0,1,1
SAMPLE,RAW_B8_O2,82,106.26,122.28,2538746,0,0,0,0,1,0,1,0,0,1,1
SAMPLE,RAW_B8_O2,83,106.31,121.83,2537292,0,0,0,0,1,0,1,0,0,1,1
SAMPLE,RAW_B8_O2,84,106.34,122.56,2538546,0,0,0,0,1,0,1,0,0,1,1
SAMPLE,RAW_B8_O2,85,106.41,122.61,2538367,0,0,0,0,1,0,1,0,0,1,1
SAMPLE,RAW_B8_O2,86,106.33,121.95,2537845,0,0,0,0,1,0,1,0,0,1,1
SAMPLE,RAW_B8_O2,87,106.31,122.36,2537629,0,0,0,0,1,0,1,0,0,1,1
SAMPLE,RAW_B8_O2,88,106.38,122.44,2537776,0,0,0,0,1,0,1,0,0,1,1
SAMPLE,RAW_B8_O2,89,106.33,122.35,2537598,0,0,0,0,1,0,1,0,0,1,1
SAMPLE,RAW_B8_O2,90,106.39,122.07,2544649,0,0,0,0,1,0,1,0,0,1,1
SAMPLE,RAW_B8_O2,91,106.48,122.62,2551736,0,0,0,0,1,0,1,0,0,1,1
SAMPLE,RAW_B8_O2,92,106.24,122.72,2538688,0,0,0,0,1,0,1,0,0,1,1
SAMPLE,RAW_B8_O2,93,106.39,122.00,2536647,0,0,0,0,1,0,1,0,0,1,1
SAMPLE,RAW_B8_O2,94,106.24,121.49,2535348,0,0,0,0,1,0,1,0,0,1,1
SAMPLE,RAW_B8_O2,95,106.42,121.71,2536104,0,0,0,0,1,0,1,0,0,1,1
SAMPLE,RAW_B8_O2,96,106.30,122.49,2537906,0,0,0,0,1,0,1,0,0,1,1
SAMPLE,RAW_B8_O2,97,106.49,122.56,2547810,0,0,0,0,1,0,1,0,0,1,1
SAMPLE,RAW_B8_O2,98,106.30,122.72,2538515,0,0,0,0,1,0,1,0,0,1,1
SAMPLE,RAW_B8_O2,99,106.26,122.48,2537915,0,0,0,0,1,0,1,0,0,1,1
SUMMARY,RAW_B8_O2,8,2,2,0,256,32,0,0,106.35,122.49,123.12,123.28,159.52,15.17,0,0.00,2540314,314.92,0,0,0,0,1,0,1,0,0,0
SAMPLE,RAW_B8_O4,0,106.44,142.98,1364301,0,0,0,0,3,0,3,0,0,1,1
SAMPLE,RAW_B8_O4,1,106.30,143.11,1364094,0,0,0,0,3,0,3,0,0,1,1
SAMPLE,RAW_B8_O4,2,106.35,143.51,1364063,0,0,0,0,3,0,3,0,0,1,1
SAMPLE,RAW_B8_O4,3,106.44,143.02,1364497,0,0,0,0,3,0,3,0,0,1,1
SAMPLE,RAW_B8_O4,4,106.45,143.10,1364110,0,0,0,0,3,0,3,0,0,1,1
SAMPLE,RAW_B8_O4,5,106.37,143.52,1364256,0,0,0,0,3,0,3,0,0,1,1
SAMPLE,RAW_B8_O4,6,106.36,143.29,1364345,0,0,0,0,3,0,3,0,0,1,1
SAMPLE,RAW_B8_O4,7,106.52,143.60,1364490,0,0,0,0,3,0,3,0,0,1,1
SAMPLE,RAW_B8_O4,8,106.43,143.16,1364500,0,0,0,0,3,0,3,0,0,1,1
SAMPLE,RAW_B8_O4,9,106.44,143.05,1364278,0,0,0,0,3,0,3,0,0,1,1
SAMPLE,RAW_B8_O4,10,106.30,143.39,1364414,0,0,0,0,3,0,3,0,0,1,1
SAMPLE,RAW_B8_O4,11,106.38,143.39,1364042,0,0,0,0,3,0,3,0,0,1,1
SAMPLE,RAW_B8_O4,12,106.29,143.18,1364400,0,0,0,0,3,0,3,0,0,1,1
SAMPLE,RAW_B8_O4,13,106.26,143.01,1363935,0,0,0,0,3,0,3,0,0,1,1
SAMPLE,RAW_B8_O4,14,106.28,143.25,1364023,0,0,0,0,3,0,3,0,0,1,1
SAMPLE,RAW_B8_O4,15,106.32,143.40,1364091,0,0,0,0,3,0,3,0,0,1,1
SAMPLE,RAW_B8_O4,16,106.43,143.36,1364150,0,0,0,0,3,0,3,0,0,1,1
SAMPLE,RAW_B8_O4,17,106.39,143.02,1364366,0,0,0,0,3,0,3,0,0,1,1
SAMPLE,RAW_B8_O4,18,106.37,143.34,1364175,0,0,0,0,3,0,3,0,0,1,1
SAMPLE,RAW_B8_O4,19,106.44,143.39,1364379,0,0,0,0,3,0,3,0,0,1,1
SAMPLE,RAW_B8_O4,20,106.31,143.63,1364560,0,0,0,0,3,0,3,0,0,1,1
SAMPLE,RAW_B8_O4,21,106.36,143.39,1364435,0,0,0,0,3,0,3,0,0,1,1
SAMPLE,RAW_B8_O4,22,106.33,143.03,1364093,0,0,0,0,3,0,3,0,0,1,1
SAMPLE,RAW_B8_O4,23,106.34,143.49,1364260,0,0,0,0,3,0,3,0,0,1,1
SAMPLE,RAW_B8_O4,24,106.41,143.58,1364108,0,0,0,0,3,0,3,0,0,1,1
SAMPLE,RAW_B8_O4,25,106.34,143.56,1364494,0,0,0,0,3,0,3,0,0,1,1
SAMPLE,RAW_B8_O4,26,106.36,143.27,1364185,0,0,0,0,3,0,3,0,0,1,1
SAMPLE,RAW_B8_O4,27,106.40,143.47,1364666,0,0,0,0,3,0,3,0,0,1,1
SAMPLE,RAW_B8_O4,28,106.42,143.25,1363901,0,0,0,0,3,0,3,0,0,1,1
SAMPLE,RAW_B8_O4,29,106.42,143.27,1364539,0,0,0,0,3,0,3,0,0,1,1
SAMPLE,RAW_B8_O4,30,106.44,143.39,1363993,0,0,0,0,3,0,3,0,0,1,1
SAMPLE,RAW_B8_O4,31,106.46,143.16,1364322,0,0,0,0,3,0,3,0,0,1,1
SAMPLE,RAW_B8_O4,32,106.40,143.34,1364010,0,0,0,0,3,0,3,0,0,1,1
SAMPLE,RAW_B8_O4,33,106.37,143.47,1364098,0,0,0,0,3,0,3,0,0,1,1
SAMPLE,RAW_B8_O4,34,106.42,143.45,1364188,0,0,0,0,3,0,3,0,0,1,1
SAMPLE,RAW_B8_O4,35,106.41,143.47,1364422,0,0,0,0,3,0,3,0,0,1,1
SAMPLE,RAW_B8_O4,36,106.43,143.39,1364344,0,0,0,0,3,0,3,0,0,1,1
SAMPLE,RAW_B8_O4,37,106.34,143.37,1364045,0,0,0,0,3,0,3,0,0,1,1
SAMPLE,RAW_B8_O4,38,106.34,143.02,1364296,0,0,0,0,3,0,3,0,0,1,1
SAMPLE,RAW_B8_O4,39,106.37,143.43,1364097,0,0,0,0,3,0,3,0,0,1,1
SAMPLE,RAW_B8_O4,40,106.34,143.40,1364044,0,0,0,0,3,0,3,0,0,1,1
SAMPLE,RAW_B8_O4,41,106.45,143.63,1364097,0,0,0,0,3,0,3,0,0,1,1
SAMPLE,RAW_B8_O4,42,106.26,143.33,1364099,0,0,0,0,3,0,3,0,0,1,1
SAMPLE,RAW_B8_O4,43,106.48,143.34,1364271,0,0,0,0,3,0,3,0,0,1,1
SAMPLE,RAW_B8_O4,44,106.37,143.54,1364393,0,0,0,0,3,0,3,0,0,1,1
SAMPLE,RAW_B8_O4,45,106.40,143.32,1364127,0,0,0,0,3,0,3,0,0,1,1
SAMPLE,RAW_B8_O4,46,106.36,143.45,1364195,0,0,0,0,3,0,3,0,0,1,1
SAMPLE,RAW_B8_O4,47,106.36,143.44,1364208,0,0,0,0,3,0,3,0,0,1,1
SAMPLE,RAW_B8_O4,48,106.30,143.30,1364509,0,0,0,0,3,0,3,0,0,1,1
SAMPLE,RAW_B8_O4,49,106.47,143.37,1364258,0,0,0,0,3,0,3,0,0,1,1
SAMPLE,RAW_B8_O4,50,106.43,142.92,1364563,0,0,0,0,3,0,3,0,0,1,1
SAMPLE,RAW_B8_O4,51,106.27,143.19,1364259,0,0,0,0,3,0,3,0,0,1,1
SAMPLE,RAW_B8_O4,52,106.23,143.36,1364221,0,0,0,0,3,0,3,0,0,1,1
SAMPLE,RAW_B8_O4,53,106.44,143.27,1364258,0,0,0,0,3,0,3,0,0,1,1
SAMPLE,RAW_B8_O4,54,106.32,142.96,1364434,0,0,0,0,3,0,3,0,0,1,1
SAMPLE,RAW_B8_O4,55,106.47,143.36,1364380,0,0,0,0,3,0,3,0,0,1,1
SAMPLE,RAW_B8_O4,56,106.30,143.23,1364271,0,0,0,0,3,0,3,0,0,1,1
SAMPLE,RAW_B8_O4,57,106.47,143.41,1364482,0,0,0,0,3,0,3,0,0,1,1
SAMPLE,RAW_B8_O4,58,106.43,143.34,1364273,0,0,0,0,3,0,3,0,0,1,1
SAMPLE,RAW_B8_O4,59,106.33,143.38,1364182,0,0,0,0,3,0,3,0,0,1,1
SAMPLE,RAW_B8_O4,60,106.29,143.11,1364046,0,0,0,0,3,0,3,0,0,1,1
SAMPLE,RAW_B8_O4,61,106.42,143.21,1364183,0,0,0,0,3,0,3,0,0,1,1
SAMPLE,RAW_B8_O4,62,106.27,143.45,1364317,0,0,0,0,3,0,3,0,0,1,1
SAMPLE,RAW_B8_O4,63,106.36,143.38,1364127,0,0,0,0,3,0,3,0,0,1,1
SAMPLE,RAW_B8_O4,64,106.43,143.40,1363843,0,0,0,0,3,0,3,0,0,1,1
SAMPLE,RAW_B8_O4,65,106.43,143.44,1364256,0,0,0,0,3,0,3,0,0,1,1
SAMPLE,RAW_B8_O4,66,106.35,143.35,1364138,0,0,0,0,3,0,3,0,0,1,1
SAMPLE,RAW_B8_O4,67,106.37,143.46,1364326,0,0,0,0,3,0,3,0,0,1,1
SAMPLE,RAW_B8_O4,68,106.29,143.52,1364264,0,0,0,0,3,0,3,0,0,1,1
SAMPLE,RAW_B8_O4,69,106.34,143.30,1364048,0,0,0,0,3,0,3,0,0,1,1
SAMPLE,RAW_B8_O4,70,106.32,143.45,1364184,0,0,0,0,3,0,3,0,0,1,1
SAMPLE,RAW_B8_O4,71,106.38,143.39,1364387,0,0,0,0,3,0,3,0,0,1,1
SAMPLE,RAW_B8_O4,72,106.36,143.41,1364201,0,0,0,0,3,0,3,0,0,1,1
SAMPLE,RAW_B8_O4,73,106.46,143.33,1364308,0,0,0,0,3,0,3,0,0,1,1
SAMPLE,RAW_B8_O4,74,106.37,143.37,1364304,0,0,0,0,3,0,3,0,0,1,1
SAMPLE,RAW_B8_O4,75,106.35,142.97,1364360,0,0,0,0,3,0,3,0,0,1,1
SAMPLE,RAW_B8_O4,76,106.27,143.41,1364117,0,0,0,0,3,0,3,0,0,1,1
SAMPLE,RAW_B8_O4,77,106.28,143.18,1364385,0,0,0,0,3,0,3,0,0,1,1
SAMPLE,RAW_B8_O4,78,106.27,143.31,1364125,0,0,0,0,3,0,3,0,0,1,1
SAMPLE,RAW_B8_O4,79,106.57,143.21,1364361,0,0,0,0,3,0,3,0,0,1,1
SAMPLE,RAW_B8_O4,80,106.41,143.35,1364428,0,0,0,0,3,0,3,0,0,1,1
SAMPLE,RAW_B8_O4,81,106.33,143.38,1364175,0,0,0,0,3,0,3,0,0,1,1
SAMPLE,RAW_B8_O4,82,106.32,143.53,1364190,0,0,0,0,3,0,3,0,0,1,1
SAMPLE,RAW_B8_O4,83,106.35,143.34,1364360,0,0,0,0,3,0,3,0,0,1,1
SAMPLE,RAW_B8_O4,84,106.33,143.36,1364175,0,0,0,0,3,0,3,0,0,1,1
SAMPLE,RAW_B8_O4,85,106.33,143.27,1364169,0,0,0,0,3,0,3,0,0,1,1
SAMPLE,RAW_B8_O4,86,106.31,143.20,1364776,0,0,0,0,3,0,3,0,0,1,1
SAMPLE,RAW_B8_O4,87,106.41,143.51,1364547,0,0,0,0,3,0,3,0,0,1,1
SAMPLE,RAW_B8_O4,88,106.36,143.48,1364071,0,0,0,0,3,0,3,0,0,1,1
SAMPLE,RAW_B8_O4,89,106.35,143.34,1364439,0,0,0,0,3,0,3,0,0,1,1
SAMPLE,RAW_B8_O4,90,106.34,143.42,1364277,0,0,0,0,3,0,3,0,0,1,1
SAMPLE,RAW_B8_O4,91,106.36,143.19,1364210,0,0,0,0,3,0,3,0,0,1,1
SAMPLE,RAW_B8_O4,92,106.28,143.58,1364300,0,0,0,0,3,0,3,0,0,1,1
SAMPLE,RAW_B8_O4,93,106.43,143.34,1364384,0,0,0,0,3,0,3,0,0,1,1
SAMPLE,RAW_B8_O4,94,106.44,143.60,1364449,0,0,0,0,3,0,3,0,0,1,1
SAMPLE,RAW_B8_O4,95,106.40,143.62,1364332,0,0,0,0,3,0,3,0,0,1,1
SAMPLE,RAW_B8_O4,96,106.29,143.57,1364508,0,0,0,0,3,0,3,0,0,1,1
SAMPLE,RAW_B8_O4,97,106.35,143.33,1364340,0,0,0,0,3,0,3,0,0,1,1
SAMPLE,RAW_B8_O4,98,106.44,143.11,1364043,0,0,0,0,3,0,3,0,0,1,1
SAMPLE,RAW_B8_O4,99,106.35,143.46,1364450,0,0,0,0,3,0,3,0,0,1,1
SUMMARY,RAW_B8_O4,8,4,4,0,256,32,0,0,106.37,143.33,143.58,143.63,159.55,34.74,0,0.00,1364263,586.39,0,0,0,0,3,0,3,0,0,0
SAMPLE,RAW_B16_O1,0,106.43,120.09,3358547,0,0,0,0,0,0,0,579,0,1,1
SAMPLE,RAW_B16_O1,1,106.40,120.30,3355399,0,0,0,0,0,0,0,687,0,1,1
SAMPLE,RAW_B16_O1,2,106.30,119.99,3358243,0,0,0,0,0,0,0,633,0,1,1
SAMPLE,RAW_B16_O1,3,106.38,120.27,3359402,0,0,0,0,0,0,0,596,0,1,1
SAMPLE,RAW_B16_O1,4,106.35,120.09,3357711,0,0,0,0,0,0,0,610,0,1,1
SAMPLE,RAW_B16_O1,5,106.43,120.03,3358268,0,0,0,0,0,0,0,639,0,1,1
SAMPLE,RAW_B16_O1,6,106.31,119.84,3359156,0,0,0,0,0,0,0,567,0,1,1
SAMPLE,RAW_B16_O1,7,106.35,120.10,3356993,0,0,0,0,0,0,0,644,0,1,1
SAMPLE,RAW_B16_O1,8,106.37,120.12,3355916,0,0,0,0,0,0,0,710,0,1,1
SAMPLE,RAW_B16_O1,9,106.34,120.22,3359316,0,0,0,0,0,0,0,587,0,1,1
SAMPLE,RAW_B16_O1,10,106.35,120.33,3356866,0,0,0,0,0,0,0,641,0,1,1
SAMPLE,RAW_B16_O1,11,106.35,120.16,3357157,0,0,0,0,0,0,0,650,0,1,1
SAMPLE,RAW_B16_O1,12,106.40,119.83,3356422,0,0,0,0,0,0,0,677,0,1,1
SAMPLE,RAW_B16_O1,13,106.35,120.28,3356212,0,0,0,0,0,0,0,682,0,1,1
SAMPLE,RAW_B16_O1,14,106.33,120.20,3358355,0,0,0,0,0,0,0,656,0,1,1
SAMPLE,RAW_B16_O1,15,106.34,120.07,3359083,0,0,0,0,0,0,0,561,0,1,1
SAMPLE,RAW_B16_O1,16,106.37,120.15,3357172,0,0,0,0,0,0,0,637,0,1,1
SAMPLE,RAW_B16_O1,17,106.38,120.14,3358487,0,0,0,0,0,0,0,601,0,1,1
SAMPLE,RAW_B16_O1,18,106.39,120.18,3357455,0,0,0,0,0,0,0,637,0,1,1
SAMPLE,RAW_B16_O1,19,106.32,120.26,3358047,0,0,0,0,0,0,0,655,0,1,1
SAMPLE,RAW_B16_O1,20,106.30,120.17,3357159,0,0,0,0,0,0,0,659,0,1,1
SAMPLE,RAW_B16_O1,21,106.36,120.04,3357946,0,0,0,0,0,0,0,642,0,1,1
SAMPLE,RAW_B16_O1,22,106.31,120.38,3356062,0,0,0,0,0,0,0,661,0,1,1
SAMPLE,RAW_B16_O1,23,106.33,120.28,3357697,0,0,0,0,0,0,0,614,0,1,1
SAMPLE,RAW_B16_O1,24,106.32,120.04,3357789,0,0,0,0,0,0,0,621,0,1,1
SAMPLE,RAW_B16_O1,25,106.34,120.08,3358305,0,0,0,0,0,0,0,627,0,1,1
SAMPLE,RAW_B16_O1,26,106.36,120.18,3356476,0,0,0,0,0,0,0,662,0,1,1
SAMPLE,RAW_B16_O1,27,106.27,119.99,3358571,0,0,0,0,0,0,0,589,0,1,1
SAMPLE,RAW_B16_O1,28,106.33,119.96,3357732,0,0,0,0,0,0,0,639,0,1,1
SAMPLE,RAW_B16_O1,29,106.33,120.28,3357327,0,0,0,0,0,0,0,692,0,1,1
SAMPLE,RAW_B16_O1,30,106.28,119.93,3358015,0,0,0,0,0,0,0,601,0,1,1
SAMPLE,RAW_B16_O1,31,106.30,120.13,3358597,0,0,0,0,0,0,0,574,0,1,1
SAMPLE,RAW_B16_O1,32,106.29,120.12,3357340,0,0,0,0,0,0,0,649,0,1,1
SAMPLE,RAW_B16_O1,33,106.36,120.04,3356827,0,0,0,0,0,0,0,619,0,1,1
SAMPLE,RAW_B16_O1,34,106.34,119.92,3359131,0,0,0,0,0,0,0,595,0,1,1
SAMPLE,RAW_B16_O1,35,106.31,120.08,3358700,0,0,0,0,0,0,0,632,0,1,1
SAMPLE,RAW_B16_O1,36,106.44,120.17,3357627,0,0,0,0,0,0,0,614,0,1,1
SAMPLE,RAW_B16_O1,37,106.29,119.95,3357392,0,0,0,0,0,0,0,641,0,1,1
SAMPLE,RAW_B16_O1,38,106.36,120.10,3356849,0,0,0,0,0,0,0,642,0,1,1
SAMPLE,RAW_B16_O1,39,106.27,119.96,3359396,0,0,0,0,0,0,0,550,0,1,1
SAMPLE,RAW_B16_O1,40,106.41,120.04,3358565,0,0,0,0,0,0,0,590,0,1,1
SAMPLE,RAW_B16_O1,41,106.42,119.99,3357814,0,0,0,0,0,0,0,614,0,1,1
SAMPLE,RAW_B16_O1,42,106.37,119.90,3358157,0,0,0,0,0,0,0,589,0,1,1
SAMPLE,RAW_B16_O1,43,106.39,120.02,3358620,0,0,0,0,0,0,0,587,0,1,1
SAMPLE,RAW_B16_O1,44,106.39,120.00,3356625,0,0,0,0,0,0,0,669,0,1,1
SAMPLE,RAW_B16_O1,45,106.25,119.99,3359478,0,0,0,0,0,0,0,562,0,1,1
SAMPLE,RAW_B16_O1,46,106.32,119.83,3357767,0,0,0,0,0,0,0,602,0,1,1
SAMPLE,RAW_B16_O1,47,106.42,120.32,3357973,0,0,0,0,0,0,0,609,0,1,1
SAMPLE,RAW_B16_O1,48,106.37,119.81,3359088,0,0,0,0,0,0,0,556,0,1,1
SAMPLE,RAW_B16_O1,49,106.39,120.15,3356569,0,0,0,0,0,0,0,678,0,1,1
SAMPLE,RAW_B16_O1,50,106.33,120.17,3358636,0,0,0,0,0,0,0,623,0,1,1
SAMPLE,RAW_B16_O1,51,106.36,120.34,3357699,0,0,0,0,0,0,0,660,0,1,1
SAMPLE,RAW_B16_O1,52,106.37,120.26,3357421,0,0,0,0,0,0,0,651,0,1,1
SAMPLE,RAW_B16_O1,53,106.30,119.95,3356473,0,0,0,0,0,0,0,657,0,1,1
SAMPLE,RAW_B16_O1,54,106.32,120.16,3357332,0,0,0,0,0,0,0,632,0,1,1
SAMPLE,RAW_B16_O1,55,106.35,119.98,3357157,0,0,0,0,0,0,0,615,0,1,1
SAMPLE,RAW_B16_O1,56,106.36,120.26,3356379,0,0,0,0,0,0,0,632,0,1,1
SAMPLE,RAW_B16_O1,57,106.32,120.04,3358223,0,0,0,0,0,0,0,630,0,1,1
SAMPLE,RAW_B16_O1,58,106.28,120.06,3356973,0,0,0,0,0,0,0,619,0,1,1
SAMPLE,RAW_B16_O1,59,106.33,120.34,3358116,0,0,0,0,0,0,0,629,0,1,1
SAMPLE,RAW_B16_O1,60,106.36,120.31,3358165,0,0,0,0,0,0,0,651,0,1,1
SAMPLE,RAW_B16_O1,61,106.42,120.10,3358581,0,0,0,0,0,0,0,616,0,1,1
SAMPLE,RAW_B16_O1,62,106.44,120.06,3359125,0,0,0,0,0,0,0,583,0,1,1
SAMPLE,RAW_B16_O1,63,106.37,120.21,3357427,0,0,0,0,0,0,0,629,0,1,1
SAMPLE,RAW_B16_O1,64,106.40,119.95,3359365,0,0,0,0,0,0,0,609,0,1,1
SAMPLE,RAW_B16_O1,65,106.28,120.04,3357062,0,0,0,0,0,0,0,646,0,1,1
SAMPLE,RAW_B16_O1,66,106.33,119.99,3358222,0,0,0,0,0,0,0,609,0,1,1
SAMPLE,RAW_B16_O1,67,106.32,119.90,3359235,0,0,0,0,0,0,0,546,0,1,1
SAMPLE,RAW_B16_O1,68,106.29,120.18,3357454,0,0,0,0,0,0,0,618,0,1,1
SAMPLE,RAW_B16_O1,69,106.48,120.22,3359011,0,0,0,0,0,0,0,576,0,1,1
SAMPLE,RAW_B16_O1,70,106.38,120.35,3356338,0,0,0,0,0,0,0,686,0,1,1
SAMPLE,RAW_B16_O1,71,106.35,120.24,3358364,0,0,0,0,0,0,0,610,0,1,1
SAMPLE,RAW_B16_O1,72,106.25,119.89,3356666,0,0,0,0,0,0,0,632,0,1,1
SAMPLE,RAW_B16_O1,73,106.39,120.22,3356158,0,0,0,0,0,0,0,672,0,1,1
SAMPLE,RAW_B16_O1,74,106.40,120.13,3358985,0,0,0,0,0,0,0,596,0,1,1
SAMPLE,RAW_B16_O1,75,106.39,120.00,3356475,0,0,0,0,0,0,0,636,0,1,1
SAMPLE,RAW_B16_O1,76,106.38,120.06,3357053,0,0,0,0,0,0,0,657,0,1,1
SAMPLE,RAW_B16_O1,77,106.30,120.12,3357862,0,0,0,0,0,0,0,598,0,1,1
SAMPLE,RAW_B16_O1,78,106.34,119.95,3356433,0,0,0,0,0,0,0,696,0,1,1
SAMPLE,RAW_B16_O1,79,106.31,119.87,3357953,0,0,0,0,0,0,0,635,0,1,1
SAMPLE,RAW_B16_O1,80,106.35,120.06,3358913,0,0,0,0,0,0,0,585,0,1,1
SAMPLE,RAW_B16_O1,81,106.35,120.09,3357951,0,0,0,0,0,0,0,632,0,1,1
SAMPLE,RAW_B16_O1,82,106.35,120.11,3357867,0,0,0,0,0,0,0,594,0,1,1
SAMPLE,RAW_B16_O1,83,106.44,120.17,3357131,0,0,0,0,0,0,0,650,0,1,1
SAMPLE,RAW_B16_O1,84,106.35,120.29,3357884,0,0,0,0,0,0,0,619,0,1,1
SAMPLE,RAW_B16_O1,85,106.39,120.06,3358186,0,0,0,0,0,0,0,624,0,1,1
SAMPLE,RAW_B16_O1,86,106.35,120.01,3358272,0,0,0,0,0,0,0,602,0,1,1
SAMPLE,RAW_B16_O1,87,106.33,120.15,3357046,0,0,0,0,0,0,0,658,0,1,1
SAMPLE,RAW_B16_O1,88,106.37,120.18,3358588,0,0,0,0,0,0,0,648,0,1,1
SAMPLE,RAW_B16_O1,89,106.42,120.26,3357744,0,0,0,0,0,0,0,600,0,1,1
SAMPLE,RAW_B16_O1,90,106.42,120.05,3359106,0,0,0,0,0,0,0,579,0,1,1
SAMPLE,RAW_B16_O1,91,106.39,120.03,3359870,0,0,0,0,0,0,0,557,0,1,1
SAMPLE,RAW_B16_O1,92,106.41,120.20,3358251,0,0,0,0,0,0,0,602,0,1,1
SAMPLE,RAW_B16_O1,93,106.35,120.29,3356048,0,0,0,0,0,0,0,666,0,1,1
SAMPLE,RAW_B16_O1,94,106.31,120.22,3359369,0,0,0,0,0,0,0,618,0,1,1
SAMPLE,RAW_B16_O1,95,106.33,120.03,3357069,0,0,0,0,0,0,0,648,0,1,1
SAMPLE,RAW_B16_O1,96,106.45,120.26,3358489,0,0,0,0,0,0,0,639,0,1,1
SAMPLE,RAW_B16_O1,97,106.38,120.11,3356090,0,0,0,0,0,0,0,674,0,1,1
SAMPLE,RAW_B16_O1,98,106.43,120.14,3357249,0,0,0,0,0,0,0,667,0,1,1
SAMPLE,RAW_B16_O1,99,106.37,120.17,3355965,0,0,0,0,0,0,0,716,0,1,1
SUMMARY,RAW_B16_O1,16,1,1,0,256,32,0,0,106.35,120.10,120.32,120.35,159.52,12.92,0,0.00,3357772,238.25,0,0,0,0,0,0,0,626,0,0
SAMPLE,RAW_B16_O2,0,106.34,133.76,1644246,0,0,0,0,1,0,1,20,0,1,1
SAMPLE,RAW_B16_O2,1,106.45,133.89,1644632,0,0,0,0,1,0,1,24,0,1,1
SAMPLE,RAW_B16_O2,2,106.34,133.90,1644688,0,0,0,0,1,0,1,14,0,1,1
SAMPLE,RAW_B16_O2,3,106.41,133.78,1644562,0,0,0,0,1,0,1,20,0,1,1
SAMPLE,RAW_B16_O2,4,106.32,133.81,1639205,0,0,0,0,1,0,1,22,0,1,1
SAMPLE,RAW_B16_O2,5,106.33,133.78,1643977,0,0,0,0,1,0,1,10,0,1,1
SAMPLE,RAW_B16_O2,6,106.31,134.14,1644156,0,0,0,0,1,0,1,16,0,1,1
SAMPLE,RAW_B16_O2,7,106.46,133.65,1643937,0,0,0,0,1,0,1,20,0,1,1
SAMPLE,RAW_B16_O2,8,106.31,133.96,1644813,0,0,0,0,1,0,1,30,0,1,1
SAMPLE,RAW_B16_O2,9,106.33,133.90,1644704,0,0,0,0,1,0,1,14,0,1,1
SAMPLE,RAW_B16_O2,10,106.43,133.99,1644854,0,0,0,0,1,0,1,22,0,1,1
SAMPLE,RAW_B16_O2,11,106.43,133.81,1644413,0,0,0,0,1,0,1,25,0,1,1
SAMPLE,RAW_B16_O2,12,106.37,133.76,1644414,0,0,0,0,1,0,1,36,0,1,1
SAMPLE,RAW_B16_O2,13,106.37,134.00,1645201,0,0,0,0,1,0,1,24,0,1,1
SAMPLE,RAW_B16_O2,14,106.38,133.86,1644492,0,0,0,0,1,0,1,14,0,1,1
SAMPLE,RAW_B16_O2,15,106.35,133.83,1644502,0,0,0,0,1,0,1,44,0,1,1
SAMPLE,RAW_B16_O2,16,106.42,133.91,1639679,0,0,0,0,1,0,1,26,0,1,1
SAMPLE,RAW_B16_O2,17,106.42,133.72,1638908,0,0,0,0,1,0,1,24,0,1,1
SAMPLE,RAW_B16_O2,18,106.43,133.55,1638701,0,0,0,0,1,0,1,20,0,1,1
SAMPLE,RAW_B16_O2,19,106.38,133.72,1644301,0,0,0,0,1,0,1,26,0,1,1
SAMPLE,RAW_B16_O2,20,106.36,133.61,1638729,0,0,0,0,1,0,1,22,0,1,1
SAMPLE,RAW_B16_O2,21,106.37,133.97,1643339,0,0,0,0,1,0,1,37,0,1,1
SAMPLE,RAW_B16_O2,22,106.42,133.98,1644762,0,0,0,0,1,0,1,24,0,1,1
SAMPLE,RAW_B16_O2,23,106.39,133.80,1639168,0,0,0,0,1,0,1,22,0,1,1
SAMPLE,RAW_B16_O2,24,106.34,133.98,1644739,0,0,0,0,1,0,1,20,0,1,1
SAMPLE,RAW_B16_O2,25,106.33,134.04,1639645,0,0,0,0,1,0,1,24,0,1,1
SAMPLE,RAW_B16_O2,26,106.41,133.99,1644720,0,0,0,0,1,0,1,32,0,1,1
SAMPLE,RAW_B16_O2,27,106.37,133.71,1638831,0,0,0,0,1,0,1,24,0,1,1
SAMPLE,RAW_B16_O2,28,106.41,134.23,1645477,0,0,0,0,1,0,1,22,0,1,1
SAMPLE,RAW_B16_O2,29,106.38,133.72,1644267,0,0,0,0,1,0,1,16,0,1,1
SAMPLE,RAW_B16_O2,30,106.36,133.65,1638653,0,0,0,0,1,0,1,18,0,1,1
SAMPLE,RAW_B16_O2,31,106.39,134.03,1639621,0,0,0,0,1,0,1,36,0,1,1
SAMPLE,RAW_B16_O2,32,106.40,133.86,1639107,0,0,0,0,1,0,1,26,0,1,1
SAMPLE,RAW_B16_O2,33,106.33,133.65,1638795,0,0,0,0,1,0,1,16,0,1,1
SAMPLE,RAW_B16_O2,34,106.35,133.65,1638781,0,0,0,0,1,0,1,24,0,1,1
SAMPLE,RAW_B16_O2,35,106.24,133.68,1638644,0,0,0,0,1,0,1,20,0,1,1
SAMPLE,RAW_B16_O2,36,106.30,133.83,1639116,0,0,0,0,1,0,1,28,0,1,1
SAMPLE,RAW_B16_O2,37,106.37,133.75,1638877,0,0,0,0,1,0,1,24,0,1,1
SAMPLE,RAW_B16_O2,38,106.38,133.61,1638614,0,0,0,0,1,0,1,30,0,1,1
SAMPLE,RAW_B16_O2,39,106.39,133.77,1644338,0,0,0,0,1,0,1,26,0,1,1
SAMPLE,RAW_B16_O2,40,106.39,133.70,1638961,0,0,0,0,1,0,1,16,0,1,1
SAMPLE,RAW_B16_O2,41,106.39,133.97,1644816,0,0,0,0,1,0,1,28,0,1,1
SAMPLE,RAW_B16_O2,42,106.29,133.67,1638786,0,0,0,0,1,0,1,28,0,1,1
SAMPLE,RAW_B16_O2,43,106.42,133.91,1644876,0,0,0,0,1,0,1,20,0,1,1
SAMPLE,RAW_B16_O2,44,106.38,134.27,1640297,0,0,0,0,1,0,1,10,0,1,1
SAMPLE,RAW_B16_O2,45,106.37,133.86,1644613,0,0,0,0,1,0,1,20,0,1,1
SAMPLE,RAW_B16_O2,46,106.34,134.01,1645025,0,0,0,0,1,0,1,32,0,1,1
SAMPLE,RAW_B16_O2,47,106.27,133.66,1644056,0,0,0,0,1,0,1,22,0,1,1
SAMPLE,RAW_B16_O2,48,106.29,134.04,1645152,0,0,0,0,1,0,1,22,0,1,1
SAMPLE,RAW_B16_O2,49,106.27,134.06,1639772,0,0,0,0,1,0,1,20,0,1,1
SAMPLE,RAW_B16_O2,50,106.30,133.98,1645039,0,0,0,0,1,0,1,25,0,1,1
SAMPLE,RAW_B16_O2,51,106.51,134.20,1645428,0,0,0,0,1,0,1,26,0,1,1
SAMPLE,RAW_B16_O2,52,106.36,134.00,1642008,0,0,0,0,1,0,1,16,0,1,1
SAMPLE,RAW_B16_O2,53,106.27,133.95,1644798,0,0,0,0,1,0,1,36,0,1,1
SAMPLE,RAW_B16_O2,54,106.32,134.15,1639981,0,0,0,0,1,0,1,24,0,1,1
SAMPLE,RAW_B16_O2,55,106.34,133.62,1638664,0,0,0,0,1,0,1,26,0,1,1
SAMPLE,RAW_B16_O2,56,106.41,134.06,1639693,0,0,0,0,1,0,1,24,0,1,1
SAMPLE,RAW_B16_O2,57,106.38,133.93,1644628,0,0,0,0,1,0,1,22,0,1,1
SAMPLE,RAW_B16_O2,58,106.43,133.69,1644212,0,0,0,0,1,0,1,26,0,1,1
SAMPLE,RAW_B16_O2,59,106.45,133.96,1639537,0,0,0,0,1,0,1,20,0,1,1
SAMPLE,RAW_B16_O2,60,106.34,134.05,1639714,0,0,0,0,1,0,1,16,0,1,1
SAMPLE,RAW_B16_O2,61,106.35,134.23,1645549,0,0,0,0,1,0,1,38,0,1,1
SAMPLE,RAW_B16_O2,62,106.43,133.73,1644293,0,0,0,0,1,0,1,20,0,1,1
SAMPLE,RAW_B16_O2,63,106.31,134.00,1639563,0,0,0,0,1,0,1,30,0,1,1
SAMPLE,RAW_B16_O2,64,106.35,133.88,1639180,0,0,0,0,1,0,1,18,0,1,1
SAMPLE,RAW_B16_O2,65,106.29,134.15,1640101,0,0,0,0,1,0,1,32,0,1,1
SAMPLE,RAW_B16_O2,66,106.36,133.71,1644204,0,0,0,0,1,0,1,28,0,1,1
SAMPLE,RAW_B16_O2,67,106.40,133.91,1644631,0,0,0,0,1,0,1,22,0,1,1
SAMPLE,RAW_B16_O2,68,106.39,133.73,1639043,0,0,0,0,1,0,1,26,0,1,1
SAMPLE,RAW_B16_O2,69,106.33,133.82,1644508,0,0,0,0,1,0,1,24,0,1,1
SAMPLE,RAW_B16_O2,70,106.33,134.09,1645101,0,0,0,0,1,0,1,30,0,1,1
SAMPLE,RAW_B16_O2,71,106.38,133.95,1644873,0,0,0,0,1,0,1,18,0,1,1
SAMPLE,RAW_B16_O2,72,106.37,133.70,1638949,0,0,0,0,1,0,1,12,0,1,1
SAMPLE,RAW_B16_O2,73,106.37,133.71,1644284,0,0,0,0,1,0,1,26,0,1,1
SAMPLE,RAW_B16_O2,74,106.29,133.80,1639252,0,0,0,0,1,0,1,24,0,1,1
SAMPLE,RAW_B16_O2,75,106.36,133.83,1644499,0,0,0,0,1,0,1,22,0,1,1
SAMPLE,RAW_B16_O2,76,106.43,133.95,1639369,0,0,0,0,1,0,1,24,0,1,1
SAMPLE,RAW_B16_O2,77,106.34,133.67,1644160,0,0,0,0,1,0,1,14,0,1,1
SAMPLE,RAW_B16_O2,78,106.23,133.91,1639415,0,0,0,0,1,0,1,22,0,1,1
SAMPLE,RAW_B16_O2,79,106.48,133.91,1644737,0,0,0,0,1,0,1,28,0,1,1
SAMPLE,RAW_B16_O2,80,106.35,133.73,1639102,0,0,0,0,1,0,1,16,0,1,1
SAMPLE,RAW_B16_O2,81,106.36,133.93,1644846,0,0,0,0,1,0,1,26,0,1,1
SAMPLE,RAW_B16_O2,82,106.39,133.65,1643999,0,0,0,0,1,0,1,14,0,1,1
SAMPLE,RAW_B16_O2,83,106.38,133.78,1639089,0,0,0,0,1,0,1,16,0,1,1
SAMPLE,RAW_B16_O2,84,106.43,133.87,1639332,0,0,0,0,1,0,1,20,0,1,1
SAMPLE,RAW_B16_O2,85,106.36,133.82,1639034,0,0,0,0,1,0,1,30,0,1,1
SAMPLE,RAW_B16_O2,86,106.32,133.91,1644683,0,0,0,0,1,0,1,20,0,1,1
SAMPLE,RAW_B16_O2,87,106.38,133.74,1638862,0,0,0,0,1,0,1,18,0,1,1
SAMPLE,RAW_B16_O2,88,106.31,133.76,1644407,0,0,0,0,1,0,1,20,0,1,1
SAMPLE,RAW_B16_O2,89,106.32,134.06,1639726,0,0,0,0,1,0,1,36,0,1,1
SAMPLE,RAW_B16_O2,90,106.35,133.97,1644951,0,0,0,0,1,0,1,22,0,1,1
SAMPLE,RAW_B16_O2,91,106.33,133.77,1644386,0,0,0,0,1,0,1,20,0,1,1
SAMPLE,RAW_B16_O2,92,106.35,133.87,1639436,0,0,0,0,1,0,1,20,0,1,1
SAMPLE,RAW_B16_O2,93,106.43,133.78,1644458,0,0,0,0,1,0,1,14,0,1,1
SAMPLE,RAW_B16_O2,94,106.39,133.92,1644650,0,0,0,0,1,0,1,22,0,1,1
SAMPLE,RAW_B16_O2,95,106.30,133.71,1644433,0,0,0,0,1,0,1,24,0,1,1
SAMPLE,RAW_B16_O2,96,106.37,133.84,1639420,0,0,0,0,1,0,1,28,0,1,1
SAMPLE,RAW_B16_O2,97,106.27,133.57,1643959,0,0,0,0,1,0,1,22,0,1,1
SAMPLE,RAW_B16_O2,98,106.22,133.91,1644753,0,0,0,0,1,0,1,34,0,1,1
SAMPLE,RAW_B16_O2,99,106.30,134.26,1644583,0,0,0,0,1,0,1,30,0,1,1
SUMMARY,RAW_B16_O2,16,2,2,0,256,32,0,0,106.36,133.86,134.15,134.26,159.54,25.85,0,0.00,1642304,487.12,0,0,0,0,1,0,1,23,0,0
SAMPLE,RAW_B16_O4,0,106.30,207.91,1089574,0,0,0,0,3,0,3,0,0,1,1
SAMPLE,RAW_B16_O4,1,106.47,208.16,1089452,0,0,0,0,3,0,3,0,0,1,1
SAMPLE,RAW_B16_O4,2,106.30,207.78,1089361,0,0,0,0,3,0,3,0,0,1,1
SAMPLE,RAW_B16_O4,3,106.32,209.39,1089716,0,0,0,0,3,0,3,0,0,1,1
SAMPLE,RAW_B16_O4,4,106.37,208.36,1089685,0,0,0,0,3,0,3,0,0,1,1
SAMPLE,RAW_B16_O4,5,106.42,208.64,1089417,0,0,0,0,3,0,3,0,0,1,1
SAMPLE,RAW_B16_O4,6,106.34,208.52,1089686,0,0,0,0,3,0,3,0,0,1,1
SAMPLE,RAW_B16_O4,7,106.35,208.70,1089244,0,0,0,0,3,0,3,0,0,1,1
SAMPLE,RAW_B16_O4,8,106.29,208.35,1089343,0,0,0,0,3,0,3,0,0,1,1
SAMPLE,RAW_B16_O4,9,106.38,208.57,1089397,0,0,0,0,3,0,3,0,0,1,1
SAMPLE,RAW_B16_O4,10,106.35,208.68,1089466,0,0,0,0,3,0,3,0,0,1,1
SAMPLE,RAW_B16_O4,11,106.38,208.70,1089444,0,0,0,0,3,0,3,0,0,1,1
SAMPLE,RAW_B16_O4,12,106.28,207.89,1089702,0,0,0,0,3,0,3,0,0,1,1

SAMPLE,RAW_B16_O4,13,106.43,208.50,1089621,0,0,0,0,3,0,3,0,0,1,1
SAMPLE,RAW_B16_O4,14,106.35,208.65,1089606,0,0,0,0,3,0,3,0,0,1,1
SAMPLE,RAW_B16_O4,15,106.32,208.70,1089401,0,0,0,0,3,0,3,0,0,1,1
SAMPLE,RAW_B16_O4,16,106.48,207.93,1089625,0,0,0,0,3,0,3,0,0,1,1
SAMPLE,RAW_B16_O4,17,106.26,208.57,1089902,0,0,0,0,3,0,3,0,0,1,1
SAMPLE,RAW_B16_O4,18,106.34,207.84,1089342,0,0,0,0,3,0,3,0,0,1,1
SAMPLE,RAW_B16_O4,19,106.39,208.51,1089492,0,0,0,0,3,0,3,0,0,1,1
SAMPLE,RAW_B16_O4,20,106.47,208.46,1089607,0,0,0,0,3,0,3,0,0,1,1
SAMPLE,RAW_B16_O4,21,106.44,208.69,1089395,0,0,0,0,3,0,3,0,0,1,1
SAMPLE,RAW_B16_O4,22,106.35,207.96,1089652,0,0,0,0,3,0,3,0,0,1,1
SAMPLE,RAW_B16_O4,23,106.39,208.84,1089359,0,0,0,0,3,0,3,0,0,1,1
SAMPLE,RAW_B16_O4,24,106.33,209.18,1089941,0,0,0,0,3,0,3,0,0,1,1
SAMPLE,RAW_B16_O4,25,106.37,208.05,1089675,0,0,0,0,3,0,3,0,0,1,1
SAMPLE,RAW_B16_O4,26,106.32,208.13,1089419,0,0,0,0,3,0,3,0,0,1,1
SAMPLE,RAW_B16_O4,27,106.26,208.11,1089691,0,0,0,0,3,0,3,0,0,1,1
SAMPLE,RAW_B16_O4,28,106.35,208.79,1089683,0,0,0,0,3,0,3,0,0,1,1
SAMPLE,RAW_B16_O4,29,106.37,208.36,1089172,0,0,0,0,3,0,3,0,0,1,1
SAMPLE,RAW_B16_O4,30,106.33,208.78,1089434,0,0,0,0,3,0,3,0,0,1,1
SAMPLE,RAW_B16_O4,31,106.30,208.64,1089577,0,0,0,0,3,0,3,0,0,1,1
SAMPLE,RAW_B16_O4,32,106.34,208.55,1089432,0,0,0,0,3,0,3,0,0,1,1
SAMPLE,RAW_B16_O4,33,106.35,207.82,1089585,0,0,0,0,3,0,3,0,0,1,1
SAMPLE,RAW_B16_O4,34,106.40,207.77,1089528,0,0,0,0,3,0,3,0,0,1,1
SAMPLE,RAW_B16_O4,35,106.27,208.50,1089675,0,0,0,0,3,0,3,0,0,1,1
SAMPLE,RAW_B16_O4,36,106.39,208.36,1089727,0,0,0,0,3,0,3,0,0,1,1
SAMPLE,RAW_B16_O4,37,106.41,208.12,1089744,0,0,0,0,3,0,3,0,0,1,1
SAMPLE,RAW_B16_O4,38,106.44,208.83,1089675,0,0,0,0,3,0,3,0,0,1,1
SAMPLE,RAW_B16_O4,39,106.35,208.72,1089896,0,0,0,0,3,0,3,0,0,1,1
SAMPLE,RAW_B16_O4,40,106.43,209.06,1089520,0,0,0,0,3,0,3,0,0,1,1
SAMPLE,RAW_B16_O4,41,106.38,208.94,1089680,0,0,0,0,3,0,3,0,0,1,1
SAMPLE,RAW_B16_O4,42,106.33,208.29,1089667,0,0,0,0,3,0,3,0,0,1,1
SAMPLE,RAW_B16_O4,43,106.37,208.17,1089330,0,0,0,0,3,0,3,0,0,1,1
SAMPLE,RAW_B16_O4,44,106.45,208.30,1089560,0,0,0,0,3,0,3,0,0,1,1
SAMPLE,RAW_B16_O4,45,106.37,208.09,1089544,0,0,0,0,3,0,3,0,0,1,1
SAMPLE,RAW_B16_O4,46,106.34,207.87,1089458,0,0,0,0,3,0,3,0,0,1,1
SAMPLE,RAW_B16_O4,47,106.27,208.69,1089453,0,0,0,0,3,0,3,0,0,1,1
SAMPLE,RAW_B16_O4,48,106.39,208.97,1089665,0,0,0,0,3,0,3,0,0,1,1
SAMPLE,RAW_B16_O4,49,106.27,208.59,1089444,0,0,0,0,3,0,3,0,0,1,1
SAMPLE,RAW_B16_O4,50,106.35,208.16,1089733,0,0,0,0,3,0,3,0,0,1,1
SAMPLE,RAW_B16_O4,51,106.36,207.92,1089530,0,0,0,0,3,0,3,0,0,1,1
SAMPLE,RAW_B16_O4,52,106.37,208.39,1089420,0,0,0,0,3,0,3,0,0,1,1
SAMPLE,RAW_B16_O4,53,106.39,208.46,1089625,0,0,0,0,3,0,3,0,0,1,1
SAMPLE,RAW_B16_O4,54,106.45,208.14,1089555,0,0,0,0,3,0,3,0,0,1,1
SAMPLE,RAW_B16_O4,55,106.32,207.85,1089529,0,0,0,0,3,0,3,0,0,1,1
SAMPLE,RAW_B16_O4,56,106.33,208.08,1089542,0,0,0,0,3,0,3,0,0,1,1
SAMPLE,RAW_B16_O4,57,106.36,208.13,1089643,0,0,0,0,3,0,3,0,0,1,1
SAMPLE,RAW_B16_O4,58,106.39,209.05,1089856,0,0,0,0,3,0,3,0,0,1,1
SAMPLE,RAW_B16_O4,59,106.33,208.91,1089914,0,0,0,0,3,0,3,0,0,1,1
SAMPLE,RAW_B16_O4,60,106.41,207.95,1089554,0,0,0,0,3,0,3,0,0,1,1
SAMPLE,RAW_B16_O4,61,106.36,208.79,1089697,0,0,0,0,3,0,3,0,0,1,1
SAMPLE,RAW_B16_O4,62,106.33,207.48,1089431,0,0,0,0,3,0,3,0,0,1,1
SAMPLE,RAW_B16_O4,63,106.33,207.13,1089167,0,0,0,0,3,0,3,0,0,1,1
SAMPLE,RAW_B16_O4,64,106.32,208.58,1089471,0,0,0,0,3,0,3,0,0,1,1
SAMPLE,RAW_B16_O4,65,106.28,208.10,1089497,0,0,0,0,3,0,3,0,0,1,1
SAMPLE,RAW_B16_O4,66,106.40,207.76,1089641,0,0,0,0,3,0,3,0,0,1,1
SAMPLE,RAW_B16_O4,67,106.34,208.29,1089715,0,0,0,0,3,0,3,0,0,1,1
SAMPLE,RAW_B16_O4,68,106.33,208.72,1089711,0,0,0,0,3,0,3,0,0,1,1
SAMPLE,RAW_B16_O4,69,106.28,208.07,1089415,0,0,0,0,3,0,3,0,0,1,1
SAMPLE,RAW_B16_O4,70,106.32,208.19,1089432,0,0,0,0,3,0,3,0,0,1,1
SAMPLE,RAW_B16_O4,71,106.41,208.54,1089417,0,0,0,0,3,0,3,0,0,1,1
SAMPLE,RAW_B16_O4,72,106.37,208.15,1089372,0,0,0,0,3,0,3,0,0,1,1
SAMPLE,RAW_B16_O4,73,106.44,208.04,1089391,0,0,0,0,3,0,3,0,0,1,1
SAMPLE,RAW_B16_O4,74,106.32,208.28,1089905,0,0,0,0,3,0,3,0,0,1,1

SAMPLE,RAW_B16_O4,75,106.39,208.73,1089462,0,0,0,0,3,0,3,0,0,1,1
SAMPLE,RAW_B16_O4,76,106.32,208.63,1089649,0,0,0,0,3,0,3,0,0,1,1
SAMPLE,RAW_B16_O4,77,106.39,207.85,1089645,0,0,0,0,3,0,3,0,0,1,1
SAMPLE,RAW_B16_O4,78,106.34,208.29,1089611,0,0,0,0,3,0,3,0,0,1,1
SAMPLE,RAW_B16_O4,79,106.35,208.17,1089696,0,0,0,0,3,0,3,0,0,1,1
SAMPLE,RAW_B16_O4,80,106.32,208.87,1089688,0,0,0,0,3,0,3,0,0,1,1
SAMPLE,RAW_B16_O4,81,106.32,208.09,1089532,0,0,0,0,3,0,3,0,0,1,1
SAMPLE,RAW_B16_O4,82,106.30,208.51,1089399,0,0,0,0,3,0,3,0,0,1,1
SAMPLE,RAW_B16_O4,83,106.40,208.37,1089720,0,0,0,0,3,0,3,0,0,1,1
SAMPLE,RAW_B16_O4,84,106.37,208.27,1089776,0,0,0,0,3,0,3,0,0,1,1
SAMPLE,RAW_B16_O4,85,106.35,208.10,1089679,0,0,0,0,3,0,3,0,0,1,1
SAMPLE,RAW_B16_O4,86,106.32,208.15,1089649,0,0,0,0,3,0,3,0,0,1,1
SAMPLE,RAW_B16_O4,87,106.30,207.84,1089362,0,0,0,0,3,0,3,0,0,1,1
SAMPLE,RAW_B16_O4,88,106.30,207.90,1089535,0,0,0,0,3,0,3,0,0,1,1
SAMPLE,RAW_B16_O4,89,106.29,207.41,1089577,0,0,0,0,3,0,3,0,0,1,1
SAMPLE,RAW_B16_O4,90,106.32,208.41,1089559,0,0,0,0,3,0,3,0,0,1,1
SAMPLE,RAW_B16_O4,91,106.39,208.35,1089656,0,0,0,0,3,0,3,0,0,1,1
SAMPLE,RAW_B16_O4,92,106.35,208.79,1089631,0,0,0,0,3,0,3,0,0,1,1
SAMPLE,RAW_B16_O4,93,106.35,208.36,1089405,0,0,0,0,3,0,3,0,0,1,1
SAMPLE,RAW_B16_O4,94,106.36,208.62,1089957,0,0,0,0,3,0,3,0,0,1,1
SAMPLE,RAW_B16_O4,95,106.36,208.51,1089604,0,0,0,0,3,0,3,0,0,1,1
SAMPLE,RAW_B16_O4,96,106.32,208.47,1089526,0,0,0,0,3,0,3,0,0,1,1
SAMPLE,RAW_B16_O4,97,106.29,208.01,1089318,0,0,0,0,3,0,3,0,0,1,1
SAMPLE,RAW_B16_O4,98,106.35,208.10,1089532,0,0,0,0,3,0,3,0,0,1,1
SAMPLE,RAW_B16_O4,99,106.46,208.06,1089493,0,0,0,0,3,0,3,0,0,1,1
SUMMARY,RAW_B16_O4,16,4,4,0,256,32,0,0,106.35,208.34,208.94,209.18,159.52,95.90,100,100.00,1089564,734.23,0,0,0,0,3,0,3,0,0,0
SAMPLE,RBR100_T256,0,106.34,208.60,1089413,0,0,32768,32768,3,0,3,0,0,1,1
SAMPLE,RBR100_T256,1,106.40,207.95,1089758,0,0,32768,32768,3,0,3,0,0,1,1
SAMPLE,RBR100_T256,2,106.33,208.05,1089344,0,0,32768,32768,3,0,3,0,0,1,1
SAMPLE,RBR100_T256,3,106.38,208.67,1089635,0,0,32768,32768,3,0,3,0,0,1,1
SAMPLE,RBR100_T256,4,106.29,208.61,1089553,0,0,32768,32768,3,0,3,0,0,1,1
SAMPLE,RBR100_T256,5,106.40,207.87,1089585,0,0,32768,32768,3,0,3,0,0,1,1
SAMPLE,RBR100_T256,6,106.41,208.46,1089588,0,0,32768,32768,3,0,3,0,0,1,1
SAMPLE,RBR100_T256,7,106.25,209.42,1089543,0,0,32768,32768,3,0,3,0,0,1,1
SAMPLE,RBR100_T256,8,106.32,208.33,1089608,0,0,32768,32768,3,0,3,0,0,1,1
SAMPLE,RBR100_T256,9,106.40,208.87,1089729,0,0,32768,32768,3,0,3,0,0,1,1
SAMPLE,RBR100_T256,10,106.39,208.60,1089560,0,0,32768,32768,3,0,3,0,0,1,1
SAMPLE,RBR100_T256,11,106.34,208.76,1089598,0,0,32768,32768,3,0,3,0,0,1,1
SAMPLE,RBR100_T256,12,106.32,208.30,1089497,0,0,32768,32768,3,0,3,0,0,1,1
SAMPLE,RBR100_T256,13,106.37,208.03,1089935,0,0,32768,32768,3,0,3,0,0,1,1
SAMPLE,RBR100_T256,14,106.31,207.89,1089467,0,0,32768,32768,3,0,3,0,0,1,1
SAMPLE,RBR100_T256,15,106.36,207.94,1089529,0,0,32768,32768,3,0,3,0,0,1,1
SAMPLE,RBR100_T256,16,106.36,208.31,1089613,0,0,32768,32768,3,0,3,0,0,1,1
SAMPLE,RBR100_T256,17,106.33,208.24,1089283,0,0,32768,32768,3,0,3,0,0,1,1
SAMPLE,RBR100_T256,18,106.29,208.15,1089629,0,0,32768,32768,3,0,3,0,0,1,1
SAMPLE,RBR100_T256,19,106.30,208.52,1089660,0,0,32768,32768,3,0,3,0,0,1,1
SAMPLE,RBR100_T256,20,106.41,207.77,1089659,0,0,32768,32768,3,0,3,0,0,1,1
SAMPLE,RBR100_T256,21,106.24,208.18,1089733,0,0,32768,32768,3,0,3,0,0,1,1
SAMPLE,RBR100_T256,22,106.31,209.29,1089607,0,0,32768,32768,3,0,3,0,0,1,1
SAMPLE,RBR100_T256,23,106.36,208.05,1089509,0,0,32768,32768,3,0,3,0,0,1,1
SAMPLE,RBR100_T256,24,106.47,208.82,1089665,0,0,32768,32768,3,0,3,0,0,1,1
SAMPLE,RBR100_T256,25,106.35,207.94,1089613,0,0,32768,32768,3,0,3,0,0,1,1
SAMPLE,RBR100_T256,26,106.33,208.53,1089717,0,0,32768,32768,3,0,3,0,0,1,1
SAMPLE,RBR100_T256,27,106.31,208.46,1089667,0,0,32768,32768,3,0,3,0,0,1,1
SAMPLE,RBR100_T256,28,106.28,208.09,1089583,0,0,32768,32768,3,0,3,0,0,1,1
SAMPLE,RBR100_T256,29,106.33,209.07,1089516,0,0,32768,32768,3,0,3,0,0,1,1
SAMPLE,RBR100_T256,30,106.42,208.80,1089718,0,0,32768,32768,3,0,3,0,0,1,1
SAMPLE,RBR100_T256,31,106.25,208.28,1089625,0,0,32768,32768,3,0,3,0,0,1,1
SAMPLE,RBR100_T256,32,106.29,208.25,1089528,0,0,32768,32768,3,0,3,0,0,1,1
SAMPLE,RBR100_T256,33,106.37,208.09,1089505,0,0,32768,32768,3,0,3,0,0,1,1
SAMPLE,RBR100_T256,34,106.35,208.07,1089587,0,0,32768,32768,3,0,3,0,0,1,1
SAMPLE,RBR100_T256,35,106.31,208.67,1089667,0,0,32768,32768,3,0,3,0,0,1,1
SAMPLE,RBR100_T256,36,106.33,208.55,1089503,0,0,32768,32768,3,0,3,0,0,1,1
SAMPLE,RBR100_T256,37,106.34,208.94,1089599,0,0,32768,32768,3,0,3,0,0,1,1
SAMPLE,RBR100_T256,38,106.28,208.81,1089716,0,0,32768,32768,3,0,3,0,0,1,1
SAMPLE,RBR100_T256,39,106.41,207.81,1089716,0,0,32768,32768,3,0,3,0,0,1,1
SAMPLE,RBR100_T256,40,106.50,208.40,1089708,0,0,32768,32768,3,0,3,0,0,1,1
SAMPLE,RBR100_T256,41,106.24,208.08,1089592,0,0,32768,32768,3,0,3,0,0,1,1
SAMPLE,RBR100_T256,42,106.42,207.81,1089365,0,0,32768,32768,3,0,3,0,0,1,1
SAMPLE,RBR100_T256,43,106.32,208.15,1089526,0,0,32768,32768,3,0,3,0,0,1,1
SAMPLE,RBR100_T256,44,106.35,208.39,1089454,0,0,32768,32768,3,0,3,0,0,1,1
SAMPLE,RBR100_T256,45,106.39,208.38,1089337,0,0,32768,32768,3,0,3,0,0,1,1
SAMPLE,RBR100_T256,46,106.43,207.88,1089460,0,0,32768,32768,3,0,3,0,0,1,1
SAMPLE,RBR100_T256,47,106.38,208.30,1089558,0,0,32768,32768,3,0,3,0,0,1,1
SAMPLE,RBR100_T256,48,106.37,208.39,1089411,0,0,32768,32768,3,0,3,0,0,1,1
SAMPLE,RBR100_T256,49,106.36,207.80,1089628,0,0,32768,32768,3,0,3,0,0,1,1
SAMPLE,RBR100_T256,50,106.33,208.72,1089751,0,0,32768,32768,3,0,3,0,0,1,1
SAMPLE,RBR100_T256,51,106.35,208.06,1089523,0,0,32768,32768,3,0,3,0,0,1,1
SAMPLE,RBR100_T256,52,106.43,207.39,1089574,0,0,32768,32768,3,0,3,0,0,1,1
SAMPLE,RBR100_T256,53,106.46,208.26,1089591,0,0,32768,32768,3,0,3,0,0,1,1
SAMPLE,RBR100_T256,54,106.30,209.04,1089780,0,0,32768,32768,3,0,3,0,0,1,1
SAMPLE,RBR100_T256,55,106.32,208.07,1089557,0,0,32768,32768,3,0,3,0,0,1,1
SAMPLE,RBR100_T256,56,106.30,208.93,1089634,0,0,32768,32768,3,0,3,0,0,1,1
SAMPLE,RBR100_T256,57,106.36,208.25,1089800,0,0,32768,32768,3,0,3,0,0,1,1
SAMPLE,RBR100_T256,58,106.28,208.33,1089752,0,0,32768,32768,3,0,3,0,0,1,1
SAMPLE,RBR100_T256,59,106.47,208.87,1089457,0,0,32768,32768,3,0,3,0,0,1,1

SAMPLE,RBR100_T256,60,106.40,208.64,1089540,0,0,32768,32768,3,0,3,0,0,1,1
SAMPLE,RBR100_T256,61,106.38,208.48,1089220,0,0,32768,32768,3,0,3,0,0,1,1
SAMPLE,RBR100_T256,62,106.41,208.89,1089536,0,0,32768,32768,3,0,3,0,0,1,1
SAMPLE,RBR100_T256,63,106.33,208.75,1089637,0,0,32768,32768,3,0,3,0,0,1,1
SAMPLE,RBR100_T256,64,106.30,208.87,1089455,0,0,32768,32768,3,0,3,0,0,1,1
SAMPLE,RBR100_T256,65,106.35,208.74,1089816,0,0,32768,32768,3,0,3,0,0,1,1
SAMPLE,RBR100_T256,66,106.41,208.21,1089445,0,0,32768,32768,3,0,3,0,0,1,1
SAMPLE,RBR100_T256,67,106.31,208.28,1089675,0,0,32768,32768,3,0,3,0,0,1,1
SAMPLE,RBR100_T256,68,106.31,207.91,1089507,0,0,32768,32768,3,0,3,0,0,1,1
SAMPLE,RBR100_T256,69,106.33,208.73,1089826,0,0,32768,32768,3,0,3,0,0,1,1
SAMPLE,RBR100_T256,70,106.26,208.69,1089715,0,0,32768,32768,3,0,3,0,0,1,1
SAMPLE,RBR100_T256,71,106.38,208.86,1089658,0,0,32768,32768,3,0,3,0,0,1,1
SAMPLE,RBR100_T256,72,106.23,208.27,1089495,0,0,32768,32768,3,0,3,0,0,1,1
SAMPLE,RBR100_T256,73,106.44,207.91,1089606,0,0,32768,32768,3,0,3,0,0,1,1
SAMPLE,RBR100_T256,74,106.32,207.91,1089536,0,0,32768,32768,3,0,3,0,0,1,1
SAMPLE,RBR100_T256,75,106.34,208.23,1089535,0,0,32768,32768,3,0,3,0,0,1,1
SAMPLE,RBR100_T256,76,106.36,208.51,1089629,0,0,32768,32768,3,0,3,0,0,1,1
SAMPLE,RBR100_T256,77,106.42,208.77,1089606,0,0,32768,32768,3,0,3,0,0,1,1
SAMPLE,RBR100_T256,78,106.41,208.55,1089269,0,0,32768,32768,3,0,3,0,0,1,1
SAMPLE,RBR100_T256,79,106.33,208.87,1089706,0,0,32768,32768,3,0,3,0,0,1,1
SAMPLE,RBR100_T256,80,106.40,208.25,1089441,0,0,32768,32768,3,0,3,0,0,1,1
SAMPLE,RBR100_T256,81,106.29,208.28,1089669,0,0,32768,32768,3,0,3,0,0,1,1
SAMPLE,RBR100_T256,82,106.35,207.72,1089368,0,0,32768,32768,3,0,3,0,0,1,1
SAMPLE,RBR100_T256,83,106.36,208.50,1089724,0,0,32768,32768,3,0,3,0,0,1,1
SAMPLE,RBR100_T256,84,106.32,208.83,1089708,0,0,32768,32768,3,0,3,0,0,1,1
SAMPLE,RBR100_T256,85,106.39,207.74,1089597,0,0,32768,32768,3,0,3,0,0,1,1
SAMPLE,RBR100_T256,86,106.38,207.91,1089655,0,0,32768,32768,3,0,3,0,0,1,1
SAMPLE,RBR100_T256,87,106.29,207.77,1089450,0,0,32768,32768,3,0,3,0,0,1,1
SAMPLE,RBR100_T256,88,106.35,208.22,1089489,0,0,32768,32768,3,0,3,0,0,1,1
SAMPLE,RBR100_T256,89,106.34,207.48,1089606,0,0,32768,32768,3,0,3,0,0,1,1
SAMPLE,RBR100_T256,90,106.26,208.50,1089600,0,0,32768,32768,3,0,3,0,0,1,1
SAMPLE,RBR100_T256,91,106.34,208.53,1089641,0,0,32768,32768,3,0,3,0,0,1,1
SAMPLE,RBR100_T256,92,106.28,208.65,1089696,0,0,32768,32768,3,0,3,0,0,1,1
SAMPLE,RBR100_T256,93,106.28,208.07,1089541,0,0,32768,32768,3,0,3,0,0,1,1
SAMPLE,RBR100_T256,94,106.41,207.86,1089386,0,0,32768,32768,3,0,3,0,0,1,1
SAMPLE,RBR100_T256,95,106.34,207.88,1089607,0,0,32768,32768,3,0,3,0,0,1,1
SAMPLE,RBR100_T256,96,106.32,208.10,1089609,0,0,32768,32768,3,0,3,0,0,1,1
SAMPLE,RBR100_T256,97,106.45,208.50,1089602,0,0,32768,32768,3,0,3,0,0,1,1
SAMPLE,RBR100_T256,98,106.35,208.18,1089761,0,0,32768,32768,3,0,3,0,0,1,1
SAMPLE,RBR100_T256,99,106.22,208.23,1089352,0,0,32768,32768,3,0,3,0,0,1,1
SUMMARY,RBR100_T256,16,4,4,3,256,32,0,0,106.34,208.34,208.93,209.29,159.51,95.91,100,100.00,1089583,734.22,0,0,32768,32768,3,0,3,0,0,0
SAMPLE,RBR80_T256,0,106.35,150.95,1313981,260233,260233,32768,32768,3,252040,3,0,0,1,1
SAMPLE,RBR80_T256,1,106.35,151.48,1313916,260251,260251,32768,32768,3,252074,3,0,0,1,1
SAMPLE,RBR80_T256,2,106.34,151.19,1313908,260246,260246,32768,32768,3,252151,3,0,0,1,1
SAMPLE,RBR80_T256,3,106.33,151.22,1313780,260339,260339,32768,32768,3,252188,3,0,0,1,1
SAMPLE,RBR80_T256,4,106.33,151.27,1313879,260228,260228,32768,32768,3,252117,3,0,0,1,1
SAMPLE,RBR80_T256,5,106.40,150.96,1313879,260207,260207,32768,32768,3,252062,3,0,0,1,1
SAMPLE,RBR80_T256,6,106.29,151.19,1313830,260177,260177,32768,32768,3,252022,3,0,0,1,1
SAMPLE,RBR80_T256,7,106.39,151.20,1313839,260177,260177,32768,32768,3,252043,3,0,0,1,1
SAMPLE,RBR80_T256,8,106.37,151.49,1314042,260159,260159,32768,32768,3,251898,3,0,0,1,1
SAMPLE,RBR80_T256,9,106.41,151.06,1313779,260220,260220,32768,32768,3,252158,3,0,0,1,1
SAMPLE,RBR80_T256,10,106.31,151.39,1313812,260234,260234,32768,32768,3,252071,3,0,0,1,1
SAMPLE,RBR80_T256,11,106.40,151.22,1313806,260355,260355,32768,32768,3,252267,3,0,0,1,1
SAMPLE,RBR80_T256,12,106.40,151.32,1313762,260237,260237,32768,32768,3,252134,3,0,0,1,1
SAMPLE,RBR80_T256,13,106.38,151.07,1313892,260302,260302,32768,32768,3,252262,3,0,0,1,1
SAMPLE,RBR80_T256,14,106.28,151.30,1313859,260253,260253,32768,32768,3,252052,3,0,0,1,1
SAMPLE,RBR80_T256,15,106.29,151.36,1313812,260128,260128,32768,32768,3,251986,3,0,0,1,1
SAMPLE,RBR80_T256,16,106.32,150.94,1313939,260288,260288,32768,32768,3,252056,3,0,0,1,1
SAMPLE,RBR80_T256,17,106.33,151.19,1313946,260267,260267,32768,32768,3,252094,3,0,0,1,1
SAMPLE,RBR80_T256,18,106.37,151.16,1313977,260232,260232,32768,32768,3,252015,3,0,0,1,1
SAMPLE,RBR80_T256,19,106.29,151.23,1313996,260307,260307,32768,32768,3,252180,3,0,0,1,1
SAMPLE,RBR80_T256,20,106.35,151.20,1313894,260175,260175,32768,32768,3,252022,3,0,0,1,1
SAMPLE,RBR80_T256,21,106.33,150.97,1313822,260200,260200,32768,32768,3,251976,3,0,0,1,1
SAMPLE,RBR80_T256,22,106.35,151.10,1313926,260224,260224,32768,32768,3,252070,3,0,0,1,1
SAMPLE,RBR80_T256,23,106.37,151.18,1313855,260140,260140,32768,32768,3,251937,3,0,0,1,1
SAMPLE,RBR80_T256,24,106.36,150.69,1314085,260194,260194,32768,32768,3,251864,3,0,0,1,1
SAMPLE,RBR80_T256,25,106.35,151.22,1313911,260334,260334,32768,32768,3,252178,3,0,0,1,1
SAMPLE,RBR80_T256,26,106.47,151.22,1313970,260154,260154,32768,32768,3,251933,3,0,0,1,1
SAMPLE,RBR80_T256,27,106.29,151.19,1313872,260226,260226,32768,32768,3,251964,3,0,0,1,1
SAMPLE,RBR80_T256,28,106.35,151.19,1313995,260284,260284,32768,32768,3,252108,3,0,0,1,1
SAMPLE,RBR80_T256,29,106.37,151.00,1314069,260147,260147,32768,32768,3,251929,3,0,0,1,1
SAMPLE,RBR80_T256,30,106.27,151.22,1313816,260352,260352,32768,32768,3,252248,3,0,0,1,1
SAMPLE,RBR80_T256,31,106.36,151.24,1313981,260292,260292,32768,32768,3,252153,3,0,0,1,1
SAMPLE,RBR80_T256,32,106.41,151.22,1313876,260151,260151,32768,32768,3,251990,3,0,0,1,1
SAMPLE,RBR80_T256,33,106.33,151.17,1313900,260277,260277,32768,32768,3,252127,3,0,0,1,1
SAMPLE,RBR80_T256,34,106.43,151.21,1313799,260258,260258,32768,32768,3,252141,3,0,0,1,1
SAMPLE,RBR80_T256,35,106.37,151.23,1313806,260324,260324,32768,32768,3,252181,3,0,0,1,1
SAMPLE,RBR80_T256,36,106.35,151.32,1313701,260206,260206,32768,32768,3,252144,3,0,0,1,1
SAMPLE,RBR80_T256,37,106.29,151.27,1313811,260157,260157,32768,32768,3,251940,3,0,0,1,1
SAMPLE,RBR80_T256,38,106.47,151.18,1313888,260153,260153,32768,32768,3,251989,3,0,0,1,1
SAMPLE,RBR80_T256,39,106.35,151.01,1313770,260153,260153,32768,32768,3,252015,3,0,0,1,1
SAMPLE,RBR80_T256,40,106.43,150.97,1314021,260273,260273,32768,32768,3,252096,3,0,0,1,1
SAMPLE,RBR80_T256,41,106.39,150.80,1313903,260226,260226,32768,32768,3,251978,3,0,0,1,1
SAMPLE,RBR80_T256,42,106.31,151.32,1313863,260229,260229,32768,32768,3,252095,3,0,0,1,1
SAMPLE,RBR80_T256,43,106.41,151.35,1313998,260189,260189,32768,32768,3,251954,3,0,0,1,1
SAMPLE,RBR80_T256,44,106.32,150.97,1313876,260299,260299,32768,32768,3,252144,3,0,0,1,1
SAMPLE,RBR80_T256,45,106.32,151.24,1313909,260241,260241,32768,32768,3,252052,3,0,0,1,1
SAMPLE,RBR80_T256,46,106.33,151.10,1313827,260185,260185,32768,32768,3,252007,3,0,0,1,1
SAMPLE,RBR80_T256,47,106.30,151.12,1313906,260195,260195,32768,32768,3,252093,3,0,0,1,1
SAMPLE,RBR80_T256,48,106.44,151.35,1313922,260233,260233,32768,32768,3,252054,3,0,0,1,1
SAMPLE,RBR80_T256,49,106.34,151.04,1313995,260279,260279,32768,32768,3,252112,3,0,0,1,1
SAMPLE,RBR80_T256,50,106.37,151.29,1313822,260175,260175,32768,32768,3,252120,3,0,0,1,1
SAMPLE,RBR80_T256,51,106.32,151.39,1313799,260251,260251,32768,32768,3,252094,3,0,0,1,1
SAMPLE,RBR80_T256,52,106.41,151.12,1314048,260260,260260,32768,32768,3,252036,3,0,0,1,1
SAMPLE,RBR80_T256,53,106.24,150.87,1314028,260302,260302,32768,32768,3,252045,3,0,0,1,1

SAMPLE,RBR80_T256,54,106.30,151.19,1313804,260198,260198,32768,32768,3,252027,3,0,0,1,1
SAMPLE,RBR80_T256,55,106.35,151.18,1313875,260143,260143,32768,32768,3,251947,3,0,0,1,1
SAMPLE,RBR80_T256,56,106.37,151.21,1313948,260282,260282,32768,32768,3,252159,3,0,0,1,1
SAMPLE,RBR80_T256,57,106.37,151.35,1313800,260220,260220,32768,32768,3,251961,3,0,0,1,1
SAMPLE,RBR80_T256,58,106.32,151.39,1313760,260287,260287,32768,32768,3,252176,3,0,0,1,1
SAMPLE,RBR80_T256,59,106.30,150.95,1313941,260248,260248,32768,32768,3,252048,3,0,0,1,1
SAMPLE,RBR80_T256,60,106.33,151.00,1314010,260295,260295,32768,32768,3,252082,3,0,0,1,1
SAMPLE,RBR80_T256,61,106.36,151.35,1313765,260277,260277,32768,32768,3,252161,3,0,0,1,1
SAMPLE,RBR80_T256,62,106.44,151.22,1314175,260229,260229,32768,32768,3,251968,3,0,0,1,1
SAMPLE,RBR80_T256,63,106.33,151.27,1313881,260259,260259,32768,32768,3,252124,3,0,0,1,1
SAMPLE,RBR80_T256,64,106.29,151.33,1313805,260220,260220,32768,32768,3,252031,3,0,0,1,1
SAMPLE,RBR80_T256,65,106.34,151.27,1314038,260311,260311,32768,32768,3,252079,3,0,0,1,1
SAMPLE,RBR80_T256,66,106.37,151.00,1313827,260215,260215,32768,32768,3,252087,3,0,0,1,1
SAMPLE,RBR80_T256,67,106.42,151.12,1313868,260235,260235,32768,32768,3,252119,3,0,0,1,1
SAMPLE,RBR80_T256,68,106.34,150.93,1313854,260281,260281,32768,32768,3,252101,3,0,0,1,1
SAMPLE,RBR80_T256,69,106.27,150.98,1313927,260156,260156,32768,32768,3,252016,3,0,0,1,1
SAMPLE,RBR80_T256,70,106.31,151.01,1313851,260259,260259,32768,32768,3,252134,3,0,0,1,1
SAMPLE,RBR80_T256,71,106.43,151.20,1314018,260311,260311,32768,32768,3,252200,3,0,0,1,1
SAMPLE,RBR80_T256,72,106.42,151.57,1313869,260275,260275,32768,32768,3,252195,3,0,0,1,1
SAMPLE,RBR80_T256,73,106.53,151.42,1313788,260197,260197,32768,32768,3,251997,3,0,0,1,1
SAMPLE,RBR80_T256,74,106.42,150.81,1313882,260297,260297,32768,32768,3,252163,3,0,0,1,1
SAMPLE,RBR80_T256,75,106.37,150.97,1314067,260256,260256,32768,32768,3,252029,3,0,0,1,1
SAMPLE,RBR80_T256,76,106.38,151.14,1313921,260305,260305,32768,32768,3,252216,3,0,0,1,1
SAMPLE,RBR80_T256,77,106.43,151.07,1313867,260206,260206,32768,32768,3,252004,3,0,0,1,1
SAMPLE,RBR80_T256,78,106.39,151.26,1314000,260136,260136,32768,32768,3,251892,3,0,0,1,1

SAMPLE,RBR80_T256,79,106.44,151.03,1314005,260371,260371,32768,32768,3,252291,3,0,0,1,1
SAMPLE,RBR80_T256,80,106.39,151.27,1313914,260142,260142,32768,32768,3,251878,3,0,0,1,1
SAMPLE,RBR80_T256,81,106.39,150.98,1314021,260264,260264,32768,32768,3,252055,3,0,0,1,1
SAMPLE,RBR80_T256,82,106.44,150.97,1313846,260226,260226,32768,32768,3,252082,3,0,0,1,1
SAMPLE,RBR80_T256,83,106.39,151.35,1313870,260225,260225,32768,32768,3,252135,3,0,0,1,1
SAMPLE,RBR80_T256,84,106.34,151.07,1313886,260176,260176,32768,32768,3,252081,3,0,0,1,1
SAMPLE,RBR80_T256,85,106.43,151.05,1314031,260212,260212,32768,32768,3,251997,3,0,0,1,1
SAMPLE,RBR80_T256,86,106.33,151.07,1313942,260304,260304,32768,32768,3,252137,3,0,0,1,1
SAMPLE,RBR80_T256,87,106.25,151.16,1314115,260244,260244,32768,32768,3,251977,3,0,0,1,1
SAMPLE,RBR80_T256,88,106.37,151.32,1313842,260246,260246,32768,32768,3,252098,3,0,0,1,1
SAMPLE,RBR80_T256,89,106.36,151.08,1313839,260127,260127,32768,32768,3,251942,3,0,0,1,1
SAMPLE,RBR80_T256,90,106.31,150.82,1313995,260302,260302,32768,32768,3,252128,3,0,0,1,1
SAMPLE,RBR80_T256,91,106.32,151.17,1313773,260207,260207,32768,32768,3,252085,3,0,0,1,1
SAMPLE,RBR80_T256,92,106.32,151.31,1313860,260177,260177,32768,32768,3,251979,3,0,0,1,1
SAMPLE,RBR80_T256,93,106.37,150.98,1314058,260260,260260,32768,32768,3,252090,3,0,0,1,1
SAMPLE,RBR80_T256,94,106.38,150.96,1313889,260269,260269,32768,32768,3,252229,3,0,0,1,1
SAMPLE,RBR80_T256,95,106.38,150.98,1314120,260262,260262,32768,32768,3,252107,3,0,0,1,1
SAMPLE,RBR80_T256,96,106.43,151.20,1314028,260119,260119,32768,32768,3,251974,3,0,0,1,1
SAMPLE,RBR80_T256,97,106.34,151.14,1313919,260108,260108,32768,32768,3,251781,3,0,0,1,1
SAMPLE,RBR80_T256,98,106.37,151.18,1313960,260217,260217,32768,32768,3,252072,3,0,0,1,1
SAMPLE,RBR80_T256,99,106.35,150.89,1313969,260381,260381,32768,32768,3,252316,3,0,0,1,1
SUMMARY,RBR80_T256,16,4,4,3,256,32,64,64,106.35,151.15,151.39,151.49,159.52,42.12,0,0.00,1313907,608.87,260235,260235,32768,32768,3,252070,3,0,0,0
SAMPLE,RBR67_T256,0,106.37,140.61,1572889,524288,524288,32768,32768,3,521663,3,0,0,1,1
SAMPLE,RBR67_T256,1,106.42,135.74,1572889,524288,524288,32768,32768,3,521561,3,0,0,1,1
SAMPLE,RBR67_T256,2,106.32,138.82,1572896,524288,524288,32768,32768,3,522106,3,0,0,1,1
SAMPLE,RBR67_T256,3,106.41,133.19,1572889,524288,524288,32768,32768,3,521670,3,0,0,1,1
SAMPLE,RBR67_T256,4,106.29,141.62,1572890,524288,524288,32768,32768,3,521659,3,0,0,1,1
SAMPLE,RBR67_T256,5,106.30,140.52,1572901,524288,524288,32768,32768,3,521640,3,0,0,1,1
SAMPLE,RBR67_T256,6,106.40,150.33,1572888,524288,524288,32768,32768,3,522191,3,0,0,1,1
SAMPLE,RBR67_T256,7,106.33,136.47,1572889,524288,524288,32768,32768,3,522134,3,0,0,1,1
SAMPLE,RBR67_T256,8,106.40,135.63,1572887,524288,524288,32768,32768,3,522210,3,0,0,1,1
SAMPLE,RBR67_T256,9,106.40,142.13,1572888,524288,524288,32768,32768,3,521647,3,0,0,1,1
SAMPLE,RBR67_T256,10,106.33,141.76,1572888,524288,524288,32768,32768,3,521677,3,0,0,1,1
SAMPLE,RBR67_T256,11,106.38,135.66,1572889,524288,524288,32768,32768,3,522385,3,0,0,1,1
SAMPLE,RBR67_T256,12,106.35,136.06,1572887,524286,524286,32768,32768,3,522217,3,0,0,1,1
SAMPLE,RBR67_T256,13,106.29,134.43,1572889,524288,524288,32768,32768,3,521630,3,0,0,1,1
SAMPLE,RBR67_T256,14,106.38,141.80,1572887,524288,524288,32768,32768,3,521600,3,0,0,1,1
SAMPLE,RBR67_T256,15,106.42,142.57,1572887,524288,524288,32768,32768,3,521531,3,0,0,1,1
SAMPLE,RBR67_T256,16,106.36,135.68,1572888,524288,524288,32768,32768,3,522298,3,0,0,1,1
SAMPLE,RBR67_T256,17,106.43,136.03,1572889,524288,524288,32768,32768,3,522396,3,0,0,1,1
SAMPLE,RBR67_T256,18,106.40,138.87,1572887,524288,524288,32768,32768,3,522160,3,0,0,1,1
SAMPLE,RBR67_T256,19,106.38,149.19,1572890,524288,524288,32768,32768,3,522072,3,0,0,1,1
SAMPLE,RBR67_T256,20,106.31,142.08,1572887,524288,524288,32768,32768,3,521621,3,0,0,1,1
SAMPLE,RBR67_T256,21,106.34,149.24,1572889,524288,524288,32768,32768,3,522045,3,0,0,1,1
SAMPLE,RBR67_T256,22,106.36,129.91,1572887,524288,524288,32768,32768,3,521630,3,0,0,1,1
SAMPLE,RBR67_T256,23,106.43,139.70,1572889,524288,524288,32768,32768,3,522143,3,0,0,1,1
SAMPLE,RBR67_T256,24,106.34,133.18,1572889,524288,524288,32768,32768,3,521904,3,0,0,1,1
SAMPLE,RBR67_T256,25,106.37,132.65,1572887,524288,524288,32768,32768,3,521691,3,0,0,1,1
SAMPLE,RBR67_T256,26,106.39,140.52,1572901,524288,524288,32768,32768,3,521568,3,0,0,1,1
SAMPLE,RBR67_T256,27,106.31,140.95,1572887,524288,524288,32768,32768,3,521673,3,0,0,1,1
SAMPLE,RBR67_T256,28,106.41,132.83,1572887,524288,524288,32768,32768,3,521905,3,0,0,1,1
SAMPLE,RBR67_T256,29,106.28,132.77,1572887,524288,524288,32768,32768,3,521855,3,0,0,1,1
SAMPLE,RBR67_T256,30,106.35,150.31,1572887,524288,524288,32768,32768,3,522115,3,0,0,1,1
SAMPLE,RBR67_T256,31,106.35,132.40,1572889,524288,524288,32768,32768,3,521754,3,0,0,1,1
SAMPLE,RBR67_T256,32,106.32,133.10,1572887,524288,524288,32768,32768,3,522480,3,0,0,1,1
SAMPLE,RBR67_T256,33,106.28,135.21,1572889,524288,524288,32768,32768,3,521562,3,0,0,1,1
SAMPLE,RBR67_T256,34,106.39,134.86,1572890,524288,524288,32768,32768,3,522024,3,0,0,1,1
SAMPLE,RBR67_T256,35,106.25,133.04,1572889,524288,524288,32768,32768,3,521651,3,0,0,1,1
SAMPLE,RBR67_T256,36,106.36,140.37,1572889,524288,524288,32768,32768,3,521677,3,0,0,1,1
SAMPLE,RBR67_T256,37,106.41,132.79,1572887,524288,524288,32768,32768,3,521662,3,0,0,1,1
SAMPLE,RBR67_T256,38,106.40,136.04,1572904,524288,524288,32768,32768,3,522223,3,0,0,1,1
SAMPLE,RBR67_T256,39,106.43,132.07,1572889,524288,524288,32768,32768,3,521740,3,0,0,1,1
SAMPLE,RBR67_T256,40,106.38,142.16,1572887,524288,524288,32768,32768,3,521656,3,0,0,1,1
SAMPLE,RBR67_T256,41,106.47,132.77,1572887,524288,524288,32768,32768,3,521704,3,0,0,1,1
SAMPLE,RBR67_T256,42,106.36,138.83,1572887,524288,524288,32768,32768,3,522001,3,0,0,1,1
SAMPLE,RBR67_T256,43,106.34,132.77,1572888,524288,524288,32768,32768,3,521484,3,0,0,1,1
SAMPLE,RBR67_T256,44,106.36,150.21,1572888,524288,524288,32768,32768,3,522034,3,0,0,1,1
SAMPLE,RBR67_T256,45,106.44,138.88,1572887,524288,524288,32768,32768,3,522142,3,0,0,1,1
SAMPLE,RBR67_T256,46,106.35,133.00,1572888,524288,524288,32768,32768,3,521668,3,0,0,1,1
SAMPLE,RBR67_T256,47,106.47,129.92,1572889,524288,524288,32768,32768,3,521650,3,0,0,1,1
SAMPLE,RBR67_T256,48,106.38,141.74,1572888,524288,524288,32768,32768,3,521631,3,0,0,1,1
SAMPLE,RBR67_T256,49,106.42,134.89,1572889,524288,524288,32768,32768,3,521626,3,0,0,1,1
SAMPLE,RBR67_T256,50,106.36,135.21,1572887,524288,524288,32768,32768,3,522184,3,0,0,1,1
SAMPLE,RBR67_T256,51,106.38,133.19,1572887,524288,524288,32768,32768,3,521860,3,0,0,1,1
SAMPLE,RBR67_T256,52,106.38,133.11,1572888,524288,524288,32768,32768,3,521805,3,0,0,1,1
SAMPLE,RBR67_T256,53,106.41,132.78,1572887,524288,524288,32768,32768,3,521935,3,0,0,1,1
SAMPLE,RBR67_T256,54,106.26,133.19,1572889,524288,524288,32768,32768,3,521509,3,0,0,1,1
SAMPLE,RBR67_T256,55,106.33,135.66,1572889,524288,524288,32768,32768,3,521699,3,0,0,1,1
SAMPLE,RBR67_T256,56,106.38,139.29,1572887,524288,524288,32768,32768,3,522155,3,0,0,1,1
SAMPLE,RBR67_T256,57,106.42,141.87,1572888,524288,524288,32768,32768,3,521604,3,0,0,1,1
SAMPLE,RBR67_T256,58,106.35,135.78,1572887,524288,524288,32768,32768,3,521503,3,0,0,1,1
SAMPLE,RBR67_T256,59,106.33,139.16,1572889,524288,524288,32768,32768,3,522275,3,0,0,1,1
SAMPLE,RBR67_T256,60,106.34,131.19,1572888,524288,524288,32768,32768,3,521670,3,0,0,1,1
SAMPLE,RBR67_T256,61,106.33,134.80,1572889,524288,524288,32768,32768,3,522159,3,0,0,1,1
SAMPLE,RBR67_T256,62,106.30,130.85,1572888,524288,524288,32768,32768,3,521737,3,0,0,1,1
SAMPLE,RBR67_T256,63,106.35,138.91,1572888,524288,524288,32768,32768,3,522061,3,0,0,1,1
SAMPLE,RBR67_T256,64,106.30,137.27,1572887,524288,524288,32768,32768,3,522268,3,0,0,1,1
SAMPLE,RBR67_T256,65,106.41,133.01,1572887,524288,524288,32768,32768,3,521832,3,0,0,1,1
SAMPLE,RBR67_T256,66,106.31,133.19,1572888,524288,524288,32768,32768,3,522437,3,0,0,1,1
SAMPLE,RBR67_T256,67,106.32,129.93,1572887,524288,524288,32768,32768,3,521657,3,0,0,1,1
SAMPLE,RBR67_T256,68,106.46,133.17,1572887,524288,524288,32768,32768,3,522067,3,0,0,1,1
SAMPLE,RBR67_T256,69,106.35,135.64,1572887,524288,524288,32768,32768,3,522059,3,0,0,1,1
SAMPLE,RBR67_T256,70,106.26,133.19,1572889,524288,524288,32768,32768,3,521702,3,0,0,1,1
SAMPLE,RBR67_T256,71,106.32,135.63,1572887,524288,524288,32768,32768,3,522164,3,0,0,1,1
SAMPLE,RBR67_T256,72,106.50,135.61,1572887,524288,524288,32768,32768,3,522151,3,0,0,1,1
SAMPLE,RBR67_T256,73,106.37,138.60,1572888,524288,524288,32768,32768,3,522068,3,0,0,1,1
SAMPLE,RBR67_T256,74,106.35,133.16,1572887,524288,524288,32768,32768,3,522519,3,0,0,1,1
SAMPLE,RBR67_T256,75,106.36,142.06,1572888,524288,524288,32768,32768,3,521681,3,0,0,1,1
SAMPLE,RBR67_T256,76,106.30,133.59,1572888,524288,524288,32768,32768,3,522113,3,0,0,1,1
SAMPLE,RBR67_T256,77,106.37,131.96,1572887,524288,524288,32768,32768,3,521662,3,0,0,1,1
SAMPLE,RBR67_T256,78,106.26,133.18,1572887,524288,524288,32768,32768,3,521879,3,0,0,1,1
SAMPLE,RBR67_T256,79,106.33,150.26,1572887,524288,524288,32768,32768,3,521976,3,0,0,1,1
SAMPLE,RBR67_T256,80,106.37,138.92,1572889,524288,524288,32768,32768,3,522088,3,0,0,1,1
SAMPLE,RBR67_T256,81,106.34,136.46,1572887,524288,524288,32768,32768,3,522372,3,0,0,1,1
SAMPLE,RBR67_T256,82,106.43,133.33,1572888,524288,524288,32768,32768,3,522089,3,0,0,1,1
SAMPLE,RBR67_T256,83,106.44,133.19,1572889,524288,524288,32768,32768,3,521915,3,0,0,1,1
SAMPLE,RBR67_T256,84,106.35,132.77,1572887,524288,524288,32768,32768,3,522050,3,0,0,1,1
SAMPLE,RBR67_T256,85,106.47,132.58,1572887,524288,524288,32768,32768,3,521917,3,0,0,1,1
SAMPLE,RBR67_T256,86,106.24,139.50,1572887,524288,524288,32768,32768,3,522143,3,0,0,1,1
SAMPLE,RBR67_T256,87,106.40,141.74,1572887,524288,524288,32768,32768,3,521700,3,0,0,1,1
SAMPLE,RBR67_T256,88,106.39,141.29,1572890,524288,524288,32768,32768,3,521661,3,0,0,1,1
SAMPLE,RBR67_T256,89,106.31,141.74,1572888,524288,524288,32768,32768,3,521631,3,0,0,1,1
SAMPLE,RBR67_T256,90,106.33,133.01,1572888,524288,524288,32768,32768,3,521715,3,0,0,1,1
SAMPLE,RBR67_T256,91,106.32,132.77,1572887,524288,524288,32768,32768,3,522050,3,0,0,1,1
SAMPLE,RBR67_T256,92,106.38,132.75,1572888,524288,524288,32768,32768,3,522432,3,0,0,1,1
SAMPLE,RBR67_T256,93,106.34,133.21,1572887,524288,524288,32768,32768,3,521927,3,0,0,1,1
SAMPLE,RBR67_T256,94,106.38,138.85,1572887,524288,524288,32768,32768,3,522128,3,0,0,1,1
SAMPLE,RBR67_T256,95,106.36,133.19,1572889,524288,524288,32768,32768,3,521699,3,0,0,1,1
SAMPLE,RBR67_T256,96,106.46,131.99,1572889,524288,524288,32768,32768,3,521766,3,0,0,1,1
SAMPLE,RBR67_T256,97,106.32,142.14,1572888,524288,524288,32768,32768,3,521602,3,0,0,1,1
SAMPLE,RBR67_T256,98,106.29,132.76,1572887,524288,524288,32768,32768,3,521929,3,0,0,1,1
SAMPLE,RBR67_T256,99,106.30,133.19,1572889,524288,524288,32768,32768,3,521979,3,0,0,1,1
SUMMARY,RBR67_T256,16,4,4,3,256,32,128,128,106.36,136.76,149.19,150.31,159.54,28.58,0,0.00,1572888,508.61,524287,524287,32768,32768,3,521901,3,0,0,0
SAMPLE,RBR50_T256,0,106.41,123.02,2097159,1048562,1048561,32768,32768,3,1048544,3,0,0,1,1
SAMPLE,RBR50_T256,1,106.40,123.05,2097165,1048562,1048561,32768,32768,3,1048544,3,0,0,1,1
SAMPLE,RBR50_T256,2,106.36,123.09,2097159,1048562,1048561,32768,32768,3,1048544,3,0,0,1,1
SAMPLE,RBR50_T256,3,106.39,123.20,2097161,1048562,1048561,32768,32768,3,1048544,3,0,0,1,1
SAMPLE,RBR50_T256,4,106.39,123.05,2097168,1048562,1048561,32768,32768,3,1048544,3,0,0,1,1
SAMPLE,RBR50_T256,5,106.31,133.91,2097159,1048562,1048561,32768,32768,3,1048544,3,0,0,1,1
SAMPLE,RBR50_T256,6,106.46,133.90,2097161,1048562,1048561,32768,32768,3,1048544,3,0,0,1,1
SAMPLE,RBR50_T256,7,106.32,122.97,2097160,1048562,1048561,32768,32768,3,1048544,3,0,0,1,1
SAMPLE,RBR50_T256,8,106.43,133.61,2097159,1048562,1048561,32768,32768,3,1048544,3,0,0,1,1
SAMPLE,RBR50_T256,9,106.33,122.93,2097159,1048562,1048561,32768,32768,3,1048544,3,0,0,1,1
SAMPLE,RBR50_T256,10,106.38,133.62,2097160,1048562,1048561,32768,32768,3,1048544,3,0,0,1,1
SAMPLE,RBR50_T256,11,106.41,125.86,2097159,1048562,1048561,32768,32768,3,1048544,3,0,0,1,1
SAMPLE,RBR50_T256,12,106.41,125.81,2097160,1048562,1048561,32768,32768,3,1048544,3,0,0,1,1
SAMPLE,RBR50_T256,13,106.38,122.97,2097159,1048562,1048561,32768,32768,3,1048544,3,0,0,1,1
SAMPLE,RBR50_T256,14,106.32,133.63,2097160,1048562,1048561,32768,32768,3,1048544,3,0,0,1,1
SAMPLE,RBR50_T256,15,106.43,133.37,2097160,1048562,1048561,32768,32768,3,1048544,3,0,0,1,1
SAMPLE,RBR50_T256,16,106.44,125.78,2097159,1048562,1048561,32768,32768,3,1048544,3,0,0,1,1
SAMPLE,RBR50_T256,17,106.29,123.20,2097159,1048562,1048561,32768,32768,3,1048544,3,0,0,1,1
SAMPLE,RBR50_T256,18,106.31,133.63,2097161,1048562,1048561,32768,32768,3,1048544,3,0,0,1,1
SAMPLE,RBR50_T256,19,106.34,125.85,2097159,1048562,1048561,32768,32768,3,1048544,3,0,0,1,1
SAMPLE,RBR50_T256,20,106.34,133.90,2097160,1048562,1048561,32768,32768,3,1048544,3,0,0,1,1
SAMPLE,RBR50_T256,21,106.29,123.04,2097166,1048562,1048561,32768,32768,3,1048544,3,0,0,1,1
SAMPLE,RBR50_T256,22,106.35,125.62,2097161,1048562,1048561,32768,32768,3,1048544,3,0,0,1,1
SAMPLE,RBR50_T256,23,106.46,125.73,2097159,1048562,1048561,32768,32768,3,1048544,3,0,0,1,1
SAMPLE,RBR50_T256,24,106.41,133.64,2097160,1048562,1048561,32768,32768,3,1048544,3,0,0,1,1
SAMPLE,RBR50_T256,25,106.34,133.64,2097159,1048562,1048561,32768,32768,3,1048544,3,0,0,1,1
SAMPLE,RBR50_T256,26,106.29,125.82,2097159,1048562,1048561,32768,32768,3,1048544,3,0,0,1,1
SAMPLE,RBR50_T256,27,106.32,133.63,2097159,1048562,1048561,32768,32768,3,1048544,3,0,0,1,1
SAMPLE,RBR50_T256,28,106.29,123.32,2097159,1048562,1048561,32768,32768,3,1048544,3,0,0,1,1
SAMPLE,RBR50_T256,29,106.38,133.63,2097159,1048562,1048561,32768,32768,3,1048544,3,0,0,1,1
SAMPLE,RBR50_T256,30,106.32,133.86,2097159,1048562,1048561,32768,32768,3,1048544,3,0,0,1,1
SAMPLE,RBR50_T256,31,106.39,133.65,2097159,1048562,1048561,32768,32768,3,1048544,3,0,0,1,1
SAMPLE,RBR50_T256,32,106.31,129.07,2097159,1048562,1048561,32768,32768,3,1048544,3,0,0,1,1
SAMPLE,RBR50_T256,33,106.29,125.91,2097160,1048562,1048561,32768,32768,3,1048544,3,0,0,1,1

SAMPLE,RBR50_T256,34,106.35,123.00,2097159,1048562,1048561,32768,32768,3,1048544,3,0,0,1,1
SAMPLE,RBR50_T256,35,106.32,133.90,2097161,1048562,1048561,32768,32768,3,1048544,3,0,0,1,1
SAMPLE,RBR50_T256,36,106.37,125.80,2097159,1048562,1048561,32768,32768,3,1048544,3,0,0,1,1
SAMPLE,RBR50_T256,37,106.35,133.87,2097160,1048562,1048561,32768,32768,3,1048544,3,0,0,1,1
SAMPLE,RBR50_T256,38,106.36,133.92,2097159,1048562,1048561,32768,32768,3,1048544,3,0,0,1,1
SAMPLE,RBR50_T256,39,106.35,133.88,2097161,1048562,1048561,32768,32768,3,1048544,3,0,0,1,1
SAMPLE,RBR50_T256,40,106.46,123.00,2097161,1048562,1048561,32768,32768,3,1048544,3,0,0,1,1
SAMPLE,RBR50_T256,41,106.33,133.90,2097161,1048562,1048561,32768,32768,3,1048544,3,0,0,1,1
SAMPLE,RBR50_T256,42,106.49,125.91,2097160,1048562,1048561,32768,32768,3,1048544,3,0,0,1,1
SAMPLE,RBR50_T256,43,106.34,125.83,2097160,1048562,1048561,32768,32768,3,1048544,3,0,0,1,1
SAMPLE,RBR50_T256,44,106.31,123.00,2097159,1048562,1048561,32768,32768,3,1048544,3,0,0,1,1
SAMPLE,RBR50_T256,45,106.34,122.94,2097161,1048562,1048561,32768,32768,3,1048544,3,0,0,1,1
SAMPLE,RBR50_T256,46,106.43,131.44,2097159,1048562,1048561,32768,32768,3,1048544,3,0,0,1,1
SAMPLE,RBR50_T256,47,106.45,122.90,2097159,1048562,1048561,32768,32768,3,1048544,3,0,0,1,1
SAMPLE,RBR50_T256,48,106.46,122.99,2097161,1048562,1048561,32768,32768,3,1048544,3,0,0,1,1
SAMPLE,RBR50_T256,49,106.35,132.86,2097160,1048562,1048561,32768,32768,3,1048544,3,0,0,1,1
SAMPLE,RBR50_T256,50,106.22,131.52,2097159,1048562,1048561,32768,32768,3,1048544,3,0,0,1,1
SAMPLE,RBR50_T256,51,106.43,123.10,2097159,1048562,1048561,32768,32768,3,1048544,3,0,0,1,1
SAMPLE,RBR50_T256,52,106.41,125.54,2097160,1048562,1048561,32768,32768,3,1048544,3,0,0,1,1
SAMPLE,RBR50_T256,53,106.37,123.03,2097159,1048562,1048561,32768,32768,3,1048544,3,0,0,1,1
SAMPLE,RBR50_T256,54,106.35,133.85,2097161,1048562,1048561,32768,32768,3,1048544,3,0,0,1,1
SAMPLE,RBR50_T256,55,106.41,125.57,2097159,1048562,1048561,32768,32768,3,1048544,3,0,0,1,1
SAMPLE,RBR50_T256,56,106.36,123.08,2097160,1048562,1048561,32768,32768,3,1048544,3,0,0,1,1
SAMPLE,RBR50_T256,57,106.43,133.86,2097159,1048562,1048561,32768,32768,3,1048544,3,0,0,1,1
SAMPLE,RBR50_T256,58,106.31,123.25,2097161,1048562,1048561,32768,32768,3,1048544,3,0,0,1,1
SAMPLE,RBR50_T256,59,106.39,123.00,2097159,1048562,1048561,32768,32768,3,1048544,3,0,0,1,1
SAMPLE,RBR50_T256,60,106.32,131.55,2097161,1048562,1048561,32768,32768,3,1048544,3,0,0,1,1
SAMPLE,RBR50_T256,61,106.35,128.80,2097159,1048562,1048561,32768,32768,3,1048544,3,0,0,1,1
SAMPLE,RBR50_T256,62,106.40,133.88,2097160,1048562,1048561,32768,32768,3,1048544,3,0,0,1,1
SAMPLE,RBR50_T256,63,106.32,128.72,2097159,1048562,1048561,32768,32768,3,1048544,3,0,0,1,1
SAMPLE,RBR50_T256,64,106.34,133.90,2097161,1048562,1048561,32768,32768,3,1048544,3,0,0,1,1
SAMPLE,RBR50_T256,65,106.38,133.91,2097159,1048562,1048561,32768,32768,3,1048544,3,0,0,1,1
SAMPLE,RBR50_T256,66,106.39,125.82,2097160,1048562,1048561,32768,32768,3,1048544,3,0,0,1,1
SAMPLE,RBR50_T256,67,106.28,123.36,2097160,1048543,1048542,32768,32768,3,1048525,3,0,0,1,1
SAMPLE,RBR50_T256,68,106.38,125.86,2097161,1048562,1048561,32768,32768,3,1048544,3,0,0,1,1
SAMPLE,RBR50_T256,69,106.32,133.65,2097159,1048562,1048561,32768,32768,3,1048544,3,0,0,1,1
SAMPLE,RBR50_T256,70,106.43,123.05,2097160,1048562,1048561,32768,32768,3,1048544,3,0,0,1,1
SAMPLE,RBR50_T256,71,106.41,125.85,2097159,1048562,1048561,32768,32768,3,1048544,3,0,0,1,1
SAMPLE,RBR50_T256,72,106.38,133.64,2097160,1048562,1048561,32768,32768,3,1048544,3,0,0,1,1
SAMPLE,RBR50_T256,73,106.35,131.63,2097159,1048562,1048561,32768,32768,3,1048544,3,0,0,1,1
SAMPLE,RBR50_T256,74,106.41,122.96,2097181,1048562,1048561,32768,32768,3,1048544,3,0,0,1,1
SAMPLE,RBR50_T256,75,106.28,133.64,2097159,1048562,1048561,32768,32768,3,1048544,3,0,0,1,1
SAMPLE,RBR50_T256,76,106.32,126.20,2097160,1048562,1048561,32768,32768,3,1048544,3,0,0,1,1
SAMPLE,RBR50_T256,77,106.35,123.07,2097159,1048562,1048561,32768,32768,3,1048544,3,0,0,1,1
SAMPLE,RBR50_T256,78,106.48,123.22,2097159,1048562,1048561,32768,32768,3,1048544,3,0,0,1,1
SAMPLE,RBR50_T256,79,106.38,125.86,2097159,1048562,1048561,32768,32768,3,1048544,3,0,0,1,1
SAMPLE,RBR50_T256,80,106.30,133.67,2097160,1048562,1048561,32768,32768,3,1048544,3,0,0,1,1
SAMPLE,RBR50_T256,81,106.37,133.91,2097159,1048562,1048561,32768,32768,3,1048544,3,0,0,1,1
SAMPLE,RBR50_T256,82,106.30,133.87,2097160,1048562,1048561,32768,32768,3,1048544,3,0,0,1,1
SAMPLE,RBR50_T256,83,106.32,125.75,2097159,1048562,1048561,32768,32768,3,1048544,3,0,0,1,1
SAMPLE,RBR50_T256,84,106.29,133.85,2097160,1048562,1048561,32768,32768,3,1048544,3,0,0,1,1
SAMPLE,RBR50_T256,85,106.31,125.54,2097159,1048562,1048561,32768,32768,3,1048544,3,0,0,1,1
SAMPLE,RBR50_T256,86,106.42,123.05,2097161,1048562,1048561,32768,32768,3,1048544,3,0,0,1,1
SAMPLE,RBR50_T256,87,106.35,125.82,2097159,1048562,1048561,32768,32768,3,1048544,3,0,0,1,1
SAMPLE,RBR50_T256,88,106.45,133.64,2097159,1048562,1048561,32768,32768,3,1048544,3,0,0,1,1
SAMPLE,RBR50_T256,89,106.32,123.19,2097159,1048562,1048561,32768,32768,3,1048544,3,0,0,1,1
SAMPLE,RBR50_T256,90,106.44,133.64,2097159,1048562,1048561,32768,32768,3,1048544,3,0,0,1,1
SAMPLE,RBR50_T256,91,106.34,123.38,2097159,1048562,1048561,32768,32768,3,1048544,3,0,0,1,1
SAMPLE,RBR50_T256,92,106.38,125.80,2097161,1048562,1048561,32768,32768,3,1048544,3,0,0,1,1
SAMPLE,RBR50_T256,93,106.50,125.85,2097160,1048562,1048561,32768,32768,3,1048544,3,0,0,1,1
SAMPLE,RBR50_T256,94,106.44,133.64,2097159,1048562,1048561,32768,32768,3,1048544,3,0,0,1,1
SAMPLE,RBR50_T256,95,106.29,123.07,2097159,1048562,1048561,32768,32768,3,1048544,3,0,0,1,1
SAMPLE,RBR50_T256,96,106.35,133.63,2097161,1048539,1048538,32768,32768,3,1048521,3,0,0,1,1
SAMPLE,RBR50_T256,97,106.32,131.78,2097159,1048562,1048561,32768,32768,3,1048544,3,0,0,1,1
SAMPLE,RBR50_T256,98,106.47,133.86,2097159,1048562,1048561,32768,32768,3,1048544,3,0,0,1,1
SAMPLE,RBR50_T256,99,106.48,131.46,2097161,1048562,1048561,32768,32768,3,1048544,3,0,0,1,1
SUMMARY,RBR50_T256,16,4,4,3,256,32,256,256,106.36,128.32,133.90,133.91,159.54,20.64,0,0.00,2097160,381.46,1048561,1048560,32768,32768,3,1048543,3,0,0,0
SAMPLE,RBR33_T256,0,106.38,120.55,3145704,2097106,2097105,32768,32768,3,2097088,3,0,0,1,1
SAMPLE,RBR33_T256,1,106.36,121.02,3145712,2097106,2097105,32768,32768,3,2097088,3,0,0,1,1
SAMPLE,RBR33_T256,2,106.35,119.96,3145705,2097106,2097105,32768,32768,3,2097088,3,0,0,1,1
SAMPLE,RBR33_T256,3,106.38,121.28,3145704,2097106,2097105,32768,32768,3,2097088,3,0,0,1,1

SAMPLE,RBR33_T256,4,106.42,121.13,3145704,2097106,2097105,32768,32768,3,2097088,3,0,0,1,1
SAMPLE,RBR33_T256,5,106.33,119.53,3145703,2097106,2097105,32768,32768,3,2097088,3,0,0,1,1
SAMPLE,RBR33_T256,6,106.31,119.16,3145703,2097106,2097105,32768,32768,3,2097088,3,0,0,1,1
SAMPLE,RBR33_T256,7,106.35,121.15,3145731,2097106,2097105,32768,32768,3,2097088,3,0,0,1,1
SAMPLE,RBR33_T256,8,106.45,119.72,3145703,2097106,2097105,32768,32768,3,2097088,3,0,0,1,1
SAMPLE,RBR33_T256,9,106.34,120.55,3145704,2097106,2097105,32768,32768,3,2097088,3,0,0,1,1
SAMPLE,RBR33_T256,10,106.32,122.84,3145704,2097106,2097105,32768,32768,3,2097088,3,0,0,1,1
SAMPLE,RBR33_T256,11,106.38,119.38,3145704,2097106,2097105,32768,32768,3,2097088,3,0,0,1,1
SAMPLE,RBR33_T256,12,106.34,121.11,3145705,2097106,2097105,32768,32768,3,2097088,3,0,0,1,1
SAMPLE,RBR33_T256,13,106.31,118.12,3145705,2097106,2097105,32768,32768,3,2097088,3,0,0,1,1
SAMPLE,RBR33_T256,14,106.37,122.83,3145705,2097106,2097105,32768,32768,3,2097088,3,0,0,1,1
SAMPLE,RBR33_T256,15,106.35,117.42,3145704,2097106,2097105,32768,32768,3,2097088,3,0,0,1,1
SAMPLE,RBR33_T256,16,106.35,118.65,3145704,2097106,2097105,32768,32768,3,2097088,3,0,0,1,1
SAMPLE,RBR33_T256,17,106.26,121.20,3145705,2097106,2097105,32768,32768,3,2097088,3,0,0,1,1
SAMPLE,RBR33_T256,18,106.26,119.20,3145705,2097106,2097105,32768,32768,3,2097088,3,0,0,1,1
SAMPLE,RBR33_T256,19,106.40,117.95,3145703,2097106,2097105,32768,32768,3,2097088,3,0,0,1,1
SAMPLE,RBR33_T256,20,106.26,118.96,3145705,2097106,2097105,32768,32768,3,2097088,3,0,0,1,1
SAMPLE,RBR33_T256,21,106.41,119.57,3145703,2097106,2097105,32768,32768,3,2097088,3,0,0,1,1
SAMPLE,RBR33_T256,22,106.37,122.72,3145703,2097106,2097105,32768,32768,3,2097088,3,0,0,1,1
SAMPLE,RBR33_T256,23,106.42,116.99,3145703,2097106,2097105,32768,32768,3,2097088,3,0,0,1,1
SAMPLE,RBR33_T256,24,106.26,121.46,3145705,2097106,2097105,32768,32768,3,2097088,3,0,0,1,1
SAMPLE,RBR33_T256,25,106.44,117.11,3145705,2097106,2097105,32768,32768,3,2097088,3,0,0,1,1
SAMPLE,RBR33_T256,26,106.38,118.65,3145703,2097106,2097105,32768,32768,3,2097088,3,0,0,1,1
SAMPLE,RBR33_T256,27,106.32,121.11,3145703,2097106,2097105,32768,32768,3,2097088,3,0,0,1,1
SAMPLE,RBR33_T256,28,106.35,121.52,3145703,2097106,2097105,32768,32768,3,2097088,3,0,0,1,1
SAMPLE,RBR33_T256,29,106.35,120.91,3145703,2097106,2097105,32768,32768,3,2097088,3,0,0,1,1
SAMPLE,RBR33_T256,30,106.43,122.85,3145704,2097106,2097105,32768,32768,3,2097088,3,0,0,1,1
SAMPLE,RBR33_T256,31,106.32,120.97,3145703,2097106,2097105,32768,32768,3,2097088,3,0,0,1,1
SAMPLE,RBR33_T256,32,106.40,118.68,3145704,2097106,2097105,32768,32768,3,2097088,3,0,0,1,1
SAMPLE,RBR33_T256,33,106.39,119.15,3145705,2097106,2097105,32768,32768,3,2097088,3,0,0,1,1
SAMPLE,RBR33_T256,34,106.37,119.23,3145704,2097106,2097105,32768,32768,3,2097088,3,0,0,1,1
SAMPLE,RBR33_T256,35,106.40,117.10,3145704,2097087,2097086,32768,32768,3,2097069,3,0,0,1,1
SAMPLE,RBR33_T256,36,106.38,121.15,3145714,2097106,2097105,32768,32768,3,2097088,3,0,0,1,1
SAMPLE,RBR33_T256,37,106.39,122.80,3145703,2097106,2097105,32768,32768,3,2097088,3,0,0,1,1
SAMPLE,RBR33_T256,38,106.50,118.48,3145704,2097106,2097105,32768,32768,3,2097088,3,0,0,1,1
SAMPLE,RBR33_T256,39,106.32,119.58,3145703,2097106,2097105,32768,32768,3,2097088,3,0,0,1,1
SAMPLE,RBR33_T256,40,106.33,120.24,3145703,2097106,2097105,32768,32768,3,2097088,3,0,0,1,1
SAMPLE,RBR33_T256,41,106.43,122.89,3145703,2097106,2097105,32768,32768,3,2097088,3,0,0,1,1
SAMPLE,RBR33_T256,42,106.49,122.76,3145704,2097106,2097105,32768,32768,3,2097088,3,0,0,1,1
SAMPLE,RBR33_T256,43,106.31,122.97,3145703,2097106,2097105,32768,32768,3,2097088,3,0,0,1,1
SAMPLE,RBR33_T256,44,106.32,123.02,3145703,2097106,2097105,32768,32768,3,2097088,3,0,0,1,1
SAMPLE,RBR33_T256,45,106.34,117.89,3145703,2097106,2097105,32768,32768,3,2097088,3,0,0,1,1
SAMPLE,RBR33_T256,46,106.31,120.12,3145703,2097106,2097105,32768,32768,3,2097088,3,0,0,1,1
SAMPLE,RBR33_T256,47,106.21,118.68,3145704,2097106,2097105,32768,32768,3,2097088,3,0,0,1,1
SAMPLE,RBR33_T256,48,106.46,121.83,3145704,2097106,2097105,32768,32768,3,2097088,3,0,0,1,1
SAMPLE,RBR33_T256,49,106.26,121.48,3145703,2097106,2097105,32768,32768,3,2097088,3,0,0,1,1
SAMPLE,RBR33_T256,50,106.40,121.29,3145705,2097106,2097105,32768,32768,3,2097088,3,0,0,1,1
SAMPLE,RBR33_T256,51,106.43,121.11,3145705,2097106,2097105,32768,32768,3,2097088,3,0,0,1,1
SAMPLE,RBR33_T256,52,106.40,121.78,3145705,2097106,2097105,32768,32768,3,2097088,3,0,0,1,1
SAMPLE,RBR33_T256,53,106.36,117.91,3145705,2097106,2097105,32768,32768,3,2097088,3,0,0,1,1
SAMPLE,RBR33_T256,54,106.37,119.88,3145705,2097106,2097105,32768,32768,3,2097088,3,0,0,1,1
SAMPLE,RBR33_T256,55,106.46,120.22,3145703,2097106,2097105,32768,32768,3,2097088,3,0,0,1,1
SAMPLE,RBR33_T256,56,106.34,120.35,3145730,2097106,2097105,32768,32768,3,2097088,3,0,0,1,1
SAMPLE,RBR33_T256,57,106.38,117.45,3145703,2097106,2097105,32768,32768,3,2097088,3,0,0,1,1
SAMPLE,RBR33_T256,58,106.37,119.45,3145703,2097106,2097105,32768,32768,3,2097088,3,0,0,1,1
SAMPLE,RBR33_T256,59,106.43,121.20,3145703,2097106,2097105,32768,32768,3,2097088,3,0,0,1,1
SAMPLE,RBR33_T256,60,106.40,120.96,3145703,2097106,2097105,32768,32768,3,2097088,3,0,0,1,1
SAMPLE,RBR33_T256,61,106.35,119.55,3145703,2097106,2097105,32768,32768,3,2097088,3,0,0,1,1
SAMPLE,RBR33_T256,62,106.50,122.66,3145705,2097106,2097105,32768,32768,3,2097088,3,0,0,1,1
SAMPLE,RBR33_T256,63,106.49,122.91,3145704,2097080,2097079,32768,32768,3,2097062,3,0,0,1,1
SAMPLE,RBR33_T256,64,106.38,121.60,3145705,2097106,2097105,32768,32768,3,2097088,3,0,0,1,1
SAMPLE,RBR33_T256,65,106.40,118.67,3145704,2097106,2097105,32768,32768,3,2097088,3,0,0,1,1
SAMPLE,RBR33_T256,66,106.41,117.95,3145703,2097106,2097105,32768,32768,3,2097088,3,0,0,1,1
SAMPLE,RBR33_T256,67,106.38,121.16,3145703,2097106,2097105,32768,32768,3,2097088,3,0,0,1,1
SAMPLE,RBR33_T256,68,106.43,120.26,3145703,2097106,2097105,32768,32768,3,2097088,3,0,0,1,1
SAMPLE,RBR33_T256,69,106.33,119.49,3145703,2097106,2097105,32768,32768,3,2097088,3,0,0,1,1
SAMPLE,RBR33_T256,70,106.41,118.28,3145703,2097106,2097105,32768,32768,3,2097088,3,0,0,1,1
SAMPLE,RBR33_T256,71,106.32,121.38,3145703,2097106,2097105,32768,32768,3,2097088,3,0,0,1,1
SAMPLE,RBR33_T256,72,106.36,119.58,3145703,2097106,2097105,32768,32768,3,2097088,3,0,0,1,1
SAMPLE,RBR33_T256,73,106.35,117.23,3145703,2097106,2097105,32768,32768,3,2097088,3,0,0,1,1
SAMPLE,RBR33_T256,74,106.46,119.50,3145705,2097106,2097105,32768,32768,3,2097088,3,0,0,1,1
SAMPLE,RBR33_T256,75,106.42,119.04,3145705,2097106,2097105,32768,32768,3,2097088,3,0,0,1,1
SAMPLE,RBR33_T256,76,106.44,119.49,3145704,2097106,2097105,32768,32768,3,2097088,3,0,0,1,1
SAMPLE,RBR33_T256,77,106.39,119.14,3145705,2097106,2097105,32768,32768,3,2097088,3,0,0,1,1
SAMPLE,RBR33_T256,78,106.30,121.17,3145705,2097106,2097105,32768,32768,3,2097088,3,0,0,1,1
SAMPLE,RBR33_T256,79,106.38,119.85,3145704,2097106,2097105,32768,32768,3,2097088,3,0,0,1,1
SAMPLE,RBR33_T256,80,106.44,121.15,3145703,2097106,2097105,32768,32768,3,2097088,3,0,0,1,1
SAMPLE,RBR33_T256,81,106.22,119.57,3145703,2097106,2097105,32768,32768,3,2097088,3,0,0,1,1
SAMPLE,RBR33_T256,82,106.44,120.82,3145703,2097106,2097105,32768,32768,3,2097088,3,0,0,1,1
SAMPLE,RBR33_T256,83,106.28,119.55,3145704,2097106,2097105,32768,32768,3,2097088,3,0,0,1,1
SAMPLE,RBR33_T256,84,106.42,121.36,3145703,2097106,2097105,32768,32768,3,2097088,3,0,0,1,1
SAMPLE,RBR33_T256,85,106.32,121.03,3145728,2097106,2097105,32768,32768,3,2097088,3,0,0,1,1
SAMPLE,RBR33_T256,86,106.32,121.67,3145705,2097106,2097105,32768,32768,3,2097088,3,0,0,1,1
SAMPLE,RBR33_T256,87,106.44,121.55,3145703,2097106,2097105,32768,32768,3,2097088,3,0,0,1,1
SAMPLE,RBR33_T256,88,106.33,119.37,3145703,2097106,2097105,32768,32768,3,2097088,3,0,0,1,1
SAMPLE,RBR33_T256,89,106.29,117.17,3145705,2097106,2097105,32768,32768,3,2097088,3,0,0,1,1
SAMPLE,RBR33_T256,90,106.42,121.04,3145703,2097106,2097105,32768,32768,3,2097088,3,0,0,1,1
SAMPLE,RBR33_T256,91,106.42,121.04,3145703,2097106,2097105,32768,32768,3,2097088,3,0,0,1,1
SAMPLE,RBR33_T256,92,106.38,120.35,3145703,2097106,2097105,32768,32768,3,2097088,3,0,0,1,1
SAMPLE,RBR33_T256,93,106.34,118.42,3145703,2097106,2097105,32768,32768,3,2097088,3,0,0,1,1
SAMPLE,RBR33_T256,94,106.35,120.95,3145703,2097106,2097105,32768,32768,3,2097088,3,0,0,1,1
SAMPLE,RBR33_T256,95,106.26,119.76,3145703,2097106,2097105,32768,32768,3,2097088,3,0,0,1,1
SAMPLE,RBR33_T256,96,106.38,121.63,3145703,2097106,2097105,32768,32768,3,2097088,3,0,0,1,1
SAMPLE,RBR33_T256,97,106.41,121.81,3145704,2097106,2097105,32768,32768,3,2097088,3,0,0,1,1
SAMPLE,RBR33_T256,98,106.31,120.15,3145703,2097106,2097105,32768,32768,3,2097088,3,0,0,1,1
SAMPLE,RBR33_T256,99,106.42,121.42,3145705,2097106,2097105,32768,32768,3,2097088,3,0,0,1,1
SUMMARY,RBR33_T256,16,4,4,3,256,32,512,512,106.36,120.23,122.84,122.97,159.54,13.04,0,0.00,3145704,254.31,2097105,2097104,32768,32768,3,2097087,3,0,0,0
SAMPLE,RBR25_T256,0,106.38,120.76,4194247,3145650,3145649,32768,32768,3,3145632,3,0,0,1,1
SAMPLE,RBR25_T256,1,106.42,119.19,4194247,3145650,3145649,32768,32768,3,3145632,3,0,0,1,1
SAMPLE,RBR25_T256,2,106.38,120.80,4194247,3145650,3145649,32768,32768,3,3145632,3,0,0,1,1
SAMPLE,RBR25_T256,3,106.37,114.19,4194248,3145650,3145649,32768,32768,3,3145632,3,0,0,1,1
SAMPLE,RBR25_T256,4,106.39,119.66,4194247,3145650,3145649,32768,32768,3,3145632,3,0,0,1,1
SAMPLE,RBR25_T256,5,106.36,120.69,4194249,3145650,3145649,32768,32768,3,3145632,3,0,0,1,1
SAMPLE,RBR25_T256,6,106.33,120.57,4194247,3145650,3145649,32768,32768,3,3145632,3,0,0,1,1
SAMPLE,RBR25_T256,7,106.33,114.50,4194247,3145650,3145649,32768,32768,3,3145632,3,0,0,1,1
SAMPLE,RBR25_T256,8,106.45,119.51,4194247,3145650,3145649,32768,32768,3,3145632,3,0,0,1,1
SAMPLE,RBR25_T256,9,106.43,119.72,4194247,3145650,3145649,32768,32768,3,3145632,3,0,0,1,1
SAMPLE,RBR25_T256,10,106.35,114.55,4194248,3145650,3145649,32768,32768,3,3145632,3,0,0,1,1
SAMPLE,RBR25_T256,11,106.37,115.22,4194247,3145650,3145649,32768,32768,3,3145632,3,0,0,1,1
SAMPLE,RBR25_T256,12,106.35,119.17,4194249,3145650,3145649,32768,32768,3,3145632,3,0,0,1,1
SAMPLE,RBR25_T256,13,106.51,120.56,4194248,3145650,3145649,32768,32768,3,3145632,3,0,0,1,1
SAMPLE,RBR25_T256,14,106.30,119.14,4194248,3145650,3145649,32768,32768,3,3145632,3,0,0,1,1
SAMPLE,RBR25_T256,15,106.47,114.16,4194249,3145650,3145649,32768,32768,3,3145632,3,0,0,1,1
SAMPLE,RBR25_T256,16,106.39,119.23,4194247,3145650,3145649,32768,32768,3,3145632,3,0,0,1,1
SAMPLE,RBR25_T256,17,106.40,115.05,4194248,3145650,3145649,32768,32768,3,3145632,3,0,0,1,1
SAMPLE,RBR25_T256,18,106.34,119.53,4194247,3145650,3145649,32768,32768,3,3145632,3,0,0,1,1
SAMPLE,RBR25_T256,19,106.36,114.43,4194275,3145650,3145649,32768,32768,3,3145632,3,0,0,1,1
SAMPLE,RBR25_T256,20,106.41,120.59,4194249,3145650,3145649,32768,32768,3,3145632,3,0,0,1,1
SAMPLE,RBR25_T256,21,106.37,114.12,4194247,3145650,3145649,32768,32768,3,3145632,3,0,0,1,1
SAMPLE,RBR25_T256,22,106.37,120.74,4194249,3145650,3145649,32768,32768,3,3145619,3,0,0,1,1
SAMPLE,RBR25_T256,23,106.31,115.24,4194247,3145650,3145649,32768,32768,3,3145632,3,0,0,1,1
SAMPLE,RBR25_T256,24,106.38,114.35,4194247,3145650,3145649,32768,32768,3,3145632,3,0,0,1,1
SAMPLE,RBR25_T256,25,106.40,120.62,4194249,3145650,3145649,32768,32768,3,3145632,3,0,0,1,1
SAMPLE,RBR25_T256,26,106.28,115.36,4194247,3145650,3145649,32768,32768,3,3145632,3,0,0,1,1
SAMPLE,RBR25_T256,27,106.31,119.07,4194248,3145650,3145649,32768,32768,3,3145632,3,0,0,1,1
SAMPLE,RBR25_T256,28,106.34,114.28,4194247,3145650,3145649,32768,32768,3,3145632,3,0,0,1,1
SAMPLE,RBR25_T256,29,106.42,119.83,4194247,3145650,3145649,32768,32768,3,3145632,3,0,0,1,1
SAMPLE,RBR25_T256,30,106.32,115.22,4194247,3145650,3145649,32768,32768,3,3145632,3,0,0,1,1
SAMPLE,RBR25_T256,31,106.40,119.66,4194247,3145650,3145649,32768,32768,3,3145632,3,0,0,1,1
SAMPLE,RBR25_T256,32,106.38,119.77,4194248,3145650,3145649,32768,32768,3,3145632,3,0,0,1,1
SAMPLE,RBR25_T256,33,106.36,119.14,4194247,3145650,3145649,32768,32768,3,3145632,3,0,0,1,1
SAMPLE,RBR25_T256,34,106.38,120.64,4194247,3145650,3145649,32768,32768,3,3145632,3,0,0,1,1
SAMPLE,RBR25_T256,35,106.38,119.87,4194249,3145650,3145649,32768,32768,3,3145632,3,0,0,1,1
SAMPLE,RBR25_T256,36,106.35,119.72,4194247,3145650,3145649,32768,32768,3,3145632,3,0,0,1,1
SAMPLE,RBR25_T256,37,106.42,114.39,4194247,3145650,3145649,32768,32768,3,3145632,3,0,0,1,1
SAMPLE,RBR25_T256,38,106.37,115.03,4194249,3145650,3145649,32768,32768,3,3145632,3,0,0,1,1
SAMPLE,RBR25_T256,39,106.36,114.34,4194247,3145650,3145649,32768,32768,3,3145632,3,0,0,1,1
SAMPLE,RBR25_T256,40,106.41,114.26,4194278,3145650,3145649,32768,32768,3,3145632,3,0,0,1,1
SAMPLE,RBR25_T256,41,106.45,119.71,4194249,3145650,3145649,32768,32768,3,3145632,3,0,0,1,1
SAMPLE,RBR25_T256,42,106.37,114.08,4194247,3145650,3145649,32768,32768,3,3145632,3,0,0,1,1
SAMPLE,RBR25_T256,43,106.42,119.40,4194248,3145650,3145649,32768,32768,3,3145632,3,0,0,1,1
SAMPLE,RBR25_T256,44,106.37,120.82,4194247,3145650,3145649,32768,32768,3,3145632,3,0,0,1,1
SAMPLE,RBR25_T256,45,106.35,119.16,4194247,3145650,3145649,32768,32768,3,3145632,3,0,0,1,1
SAMPLE,RBR25_T256,46,106.37,114.41,4194248,3145650,3145649,32768,32768,3,3145632,3,0,0,1,1
SAMPLE,RBR25_T256,47,106.40,114.50,4194247,3145650,3145649,32768,32768,3,3145632,3,0,0,1,1
SAMPLE,RBR25_T256,48,106.37,120.69,4194248,3145650,3145649,32768,32768,3,3145632,3,0,0,1,1
SAMPLE,RBR25_T256,49,106.29,114.98,4194247,3145650,3145649,32768,32768,3,3145632,3,0,0,1,1
SAMPLE,RBR25_T256,50,106.33,119.05,4194249,3145650,3145649,32768,32768,3,3145632,3,0,0,1,1
SAMPLE,RBR25_T256,51,106.38,114.21,4194249,3145650,3145649,32768,32768,3,3145632,3,0,0,1,1
SAMPLE,RBR25_T256,52,106.33,120.32,4194247,3145650,3145649,32768,32768,3,3145632,3,0,0,1,1
SAMPLE,RBR25_T256,53,106.32,120.56,4194249,3145650,3145649,32768,32768,3,3145632,3,0,0,1,1
SAMPLE,RBR25_T256,54,106.30,115.33,4194247,3145650,3145649,32768,32768,3,3145632,3,0,0,1,1
SAMPLE,RBR25_T256,55,106.36,114.35,4194249,3145650,3145649,32768,32768,3,3145632,3,0,0,1,1
SAMPLE,RBR25_T256,56,106.36,119.54,4194247,3145650,3145649,32768,32768,3,3145632,3,0,0,1,1
SAMPLE,RBR25_T256,57,106.38,114.06,4194247,3145650,3145649,32768,32768,3,3145632,3,0,0,1,1
SAMPLE,RBR25_T256,58,106.39,119.65,4194249,3145650,3145649,32768,32768,3,3145632,3,0,0,1,1
SAMPLE,RBR25_T256,59,106.47,119.79,4194249,3145650,3145649,32768,32768,3,3145632,3,0,0,1,1
SAMPLE,RBR25_T256,60,106.32,114.20,4194249,3145650,3145649,32768,32768,3,3145632,3,0,0,1,1
SAMPLE,RBR25_T256,61,106.40,120.59,4194249,3145650,3145649,32768,32768,3,3145632,3,0,0,1,1
SAMPLE,RBR25_T256,62,106.35,119.73,4194247,3145650,3145649,32768,32768,3,3145632,3,0,0,1,1
SAMPLE,RBR25_T256,63,106.47,115.35,4194247,3145650,3145649,32768,32768,3,3145632,3,0,0,1,1
SAMPLE,RBR25_T256,64,106.39,114.14,4194247,3145650,3145649,32768,32768,3,3145632,3,0,0,1,1
SAMPLE,RBR25_T256,65,106.43,114.44,4194247,3145650,3145649,32768,32768,3,3145632,3,0,0,1,1
SAMPLE,RBR25_T256,66,106.39,119.06,4194249,3145650,3145649,32768,32768,3,3145632,3,0,0,1,1
SAMPLE,RBR25_T256,67,106.47,114.20,4194248,3145650,3145649,32768,32768,3,3145632,3,0,0,1,1
SAMPLE,RBR25_T256,68,106.30,119.01,4194249,3145650,3145649,32768,32768,3,3145632,3,0,0,1,1
SAMPLE,RBR25_T256,69,106.44,115.05,4194248,3145650,3145649,32768,32768,3,3145632,3,0,0,1,1
SAMPLE,RBR25_T256,70,106.28,119.38,4194248,3145650,3145649,32768,32768,3,3145632,3,0,0,1,1
SAMPLE,RBR25_T256,71,106.31,119.18,4194247,3145650,3145649,32768,32768,3,3145632,3,0,0,1,1
SAMPLE,RBR25_T256,72,106.38,114.20,4194247,3145650,3145649,32768,32768,3,3145632,3,0,0,1,1
SAMPLE,RBR25_T256,73,106.31,114.18,4194249,3145650,3145649,32768,32768,3,3145632,3,0,0,1,1
SAMPLE,RBR25_T256,74,106.32,115.34,4194247,3145650,3145649,32768,32768,3,3145632,3,0,0,1,1
SAMPLE,RBR25_T256,75,106.37,114.24,4194249,3145650,3145649,32768,32768,3,3145632,3,0,0,1,1
SAMPLE,RBR25_T256,76,106.44,120.40,4194248,3145650,3145649,32768,32768,3,3145632,3,0,0,1,1
SAMPLE,RBR25_T256,77,106.41,114.02,4194247,3145650,3145649,32768,32768,3,3145632,3,0,0,1,1
SAMPLE,RBR25_T256,78,106.49,114.70,4194247,3145650,3145649,32768,32768,3,3145632,3,0,0,1,1
SAMPLE,RBR25_T256,79,106.31,115.23,4194247,3145650,3145649,32768,32768,3,3145632,3,0,0,1,1
SAMPLE,RBR25_T256,80,106.29,119.40,4194248,3145650,3145649,32768,32768,3,3145632,3,0,0,1,1
SAMPLE,RBR25_T256,81,106.42,120.70,4194248,3145650,3145649,32768,32768,3,3145632,3,0,0,1,1
SAMPLE,RBR25_T256,82,106.43,119.70,4194247,3145650,3145649,32768,32768,3,3145632,3,0,0,1,1
SAMPLE,RBR25_T256,83,106.43,114.25,4194261,3145650,3145649,32768,32768,3,3145632,3,0,0,1,1
SAMPLE,RBR25_T256,84,106.35,115.39,4194247,3145650,3145649,32768,32768,3,3145632,3,0,0,1,1
SAMPLE,RBR25_T256,85,106.35,119.20,4194247,3145650,3145649,32768,32768,3,3145632,3,0,0,1,1
SAMPLE,RBR25_T256,86,106.39,114.66,4194248,3145650,3145649,32768,32768,3,3145632,3,0,0,1,1
SAMPLE,RBR25_T256,87,106.36,119.39,4194247,3145650,3145649,32768,32768,3,3145632,3,0,0,1,1
SAMPLE,RBR25_T256,88,106.34,119.35,4194249,3145650,3145649,32768,32768,3,3145632,3,0,0,1,1
SAMPLE,RBR25_T256,89,106.32,115.19,4194247,3145650,3145649,32768,32768,3,3145632,3,0,0,1,1
SAMPLE,RBR25_T256,90,106.36,119.13,4194249,3145650,3145649,32768,32768,3,3145632,3,0,0,1,1
SAMPLE,RBR25_T256,91,106.32,114.45,4194247,3145650,3145649,32768,32768,3,3145632,3,0,0,1,1
SAMPLE,RBR25_T256,92,106.34,119.32,4194247,3145650,3145649,32768,32768,3,3145632,3,0,0,1,1
SAMPLE,RBR25_T256,93,106.40,115.38,4194249,3145650,3145649,32768,32768,3,3145632,3,0,0,1,1
SAMPLE,RBR25_T256,94,106.50,119.64,4194248,3145650,3145649,32768,32768,3,3145632,3,0,0,1,1
SAMPLE,RBR25_T256,95,106.29,115.22,4194249,3145650,3145649,32768,32768,3,3145632,3,0,0,1,1
SAMPLE,RBR25_T256,96,106.46,114.51,4194248,3145650,3145649,32768,32768,3,3145632,3,0,0,1,1
SAMPLE,RBR25_T256,97,106.34,114.32,4194247,3145650,3145649,32768,32768,3,3145632,3,0,0,1,1
SAMPLE,RBR25_T256,98,106.39,115.11,4194248,3145650,3145649,32768,32768,3,3145632,3,0,0,1,1
SAMPLE,RBR25_T256,99,106.38,119.77,4194247,3145650,3145649,32768,32768,3,3145632,3,0,0,1,1
SUMMARY,RBR25_T256,16,4,4,3,256,32,768,768,106.37,117.32,120.69,120.80,159.55,10.29,0,0.00,4194248,190.73,3145650,3145649,32768,32768,3,3145631,3,0,0,0
SAMPLE,RBR50_T512,0,106.33,138.81,2097129,1048530,1048529,16384,16384,3,1040789,3,0,0,1,1
SAMPLE,RBR50_T512,1,106.38,125.68,2097128,1048530,1048529,16384,16384,3,1037655,3,0,0,1,1
SAMPLE,RBR50_T512,2,106.45,133.42,2097127,1048530,1048529,16384,16384,3,1039192,3,0,0,1,1
SAMPLE,RBR50_T512,3,106.38,128.40,2097127,1048530,1048529,16384,16384,3,1038197,3,0,0,1,1
SAMPLE,RBR50_T512,4,106.36,126.75,2097128,1048530,1048529,16384,16384,3,1039268,3,0,0,1,1
SAMPLE,RBR50_T512,5,106.30,130.74,2097129,1048530,1048529,16384,16384,3,1038787,3,0,0,1,1
SAMPLE,RBR50_T512,6,106.49,139.35,2097128,1048530,1048529,16384,16384,3,1038963,3,0,0,1,1
SAMPLE,RBR50_T512,7,106.44,128.37,2097128,1048530,1048529,16384,16384,3,1038378,3,0,0,1,1
SAMPLE,RBR50_T512,8,106.33,128.13,2097129,1048530,1048529,16384,16384,3,1038376,3,0,0,1,1
SAMPLE,RBR50_T512,9,106.32,125.40,2097132,1048530,1048529,16384,16384,3,1037403,3,0,0,1,1
SAMPLE,RBR50_T512,10,106.34,139.22,2097129,1048530,1048529,16384,16384,3,1039138,3,0,0,1,1
SAMPLE,RBR50_T512,11,106.39,127.79,2097128,1048530,1048529,16384,16384,3,1039746,3,0,0,1,1
SAMPLE,RBR50_T512,12,106.36,137.39,2097127,1048530,1048529,16384,16384,3,1037862,3,0,0,1,1
SAMPLE,RBR50_T512,13,106.35,137.35,2097128,1048530,1048529,16384,16384,3,1038017,3,0,0,1,1
SAMPLE,RBR50_T512,14,106.42,128.15,2097127,1048530,1048529,16384,16384,3,1038063,3,0,0,1,1
SAMPLE,RBR50_T512,15,106.40,128.22,2097129,1048517,1048516,16384,16384,3,1038175,3,0,0,1,1
SAMPLE,RBR50_T512,16,106.36,127.86,2097127,1048530,1048529,16384,16384,3,1039776,3,0,0,1,1
SAMPLE,RBR50_T512,17,106.48,128.21,2097127,1048530,1048529,16384,16384,3,1039363,3,0,0,1,1
SAMPLE,RBR50_T512,18,106.38,139.68,2097127,1048530,1048529,16384,16384,3,1037861,3,0,0,1,1
SAMPLE,RBR50_T512,19,106.28,139.34,2097129,1048530,1048529,16384,16384,3,1039080,3,0,0,1,1
SAMPLE,RBR50_T512,20,106.36,128.46,2097127,1048530,1048529,16384,16384,3,1039052,3,0,0,1,1
SAMPLE,RBR50_T512,21,106.33,128.34,2097129,1048530,1048529,16384,16384,3,1038317,3,0,0,1,1
SAMPLE,RBR50_T512,22,106.28,139.46,2097127,1048530,1048529,16384,16384,3,1038119,3,0,0,1,1
SAMPLE,RBR50_T512,23,106.44,125.32,2097142,1048530,1048529,16384,16384,3,1039197,3,0,0,1,1
SAMPLE,RBR50_T512,24,106.33,139.53,2097127,1048530,1048529,16384,16384,3,1038055,3,0,0,1,1
SAMPLE,RBR50_T512,25,106.40,138.76,2097129,1048530,1048529,16384,16384,3,1040127,3,0,0,1,1
SAMPLE,RBR50_T512,26,106.30,138.62,2097127,1048530,1048529,16384,16384,3,1040195,3,0,0,1,1
SAMPLE,RBR50_T512,27,106.37,129.14,2097129,1048530,1048529,16384,16384,3,1037979,3,0,0,1,1
SAMPLE,RBR50_T512,28,106.35,137.91,2097127,1048530,1048529,16384,16384,3,1040301,3,0,0,1,1
SAMPLE,RBR50_T512,29,106.36,125.81,2097128,1048530,1048529,16384,16384,3,1039338,3,0,0,1,1
SAMPLE,RBR50_T512,30,106.40,130.75,2097127,1048530,1048529,16384,16384,3,1038708,3,0,0,1,1
SAMPLE,RBR50_T512,31,106.29,127.80,2097128,1048530,1048529,16384,16384,3,1039658,3,0,0,1,1
SAMPLE,RBR50_T512,32,106.38,137.96,2097127,1048530,1048529,16384,16384,3,1040569,3,0,0,1,1
SAMPLE,RBR50_T512,33,106.30,128.06,2097129,1048530,1048529,16384,16384,3,1039380,3,0,0,1,1
SAMPLE,RBR50_T512,34,106.41,137.33,2097127,1048530,1048529,16384,16384,3,1037967,3,0,0,1,1
SAMPLE,RBR50_T512,35,106.35,125.58,2097129,1048530,1048529,16384,16384,3,1037729,3,0,0,1,1
SAMPLE,RBR50_T512,36,106.41,126.10,2097127,1048530,1048529,16384,16384,3,1040033,3,0,0,1,1
SAMPLE,RBR50_T512,37,106.42,138.84,2097127,1048530,1048529,16384,16384,3,1040565,3,0,0,1,1
SAMPLE,RBR50_T512,38,106.26,130.74,2097127,1048530,1048529,16384,16384,3,1038522,3,0,0,1,1
SAMPLE,RBR50_T512,39,106.29,129.15,2097129,1048530,1048529,16384,16384,3,1039262,3,0,0,1,1
SAMPLE,RBR50_T512,40,106.32,137.17,2097127,1048530,1048529,16384,16384,3,1038905,3,0,0,1,1
SAMPLE,RBR50_T512,41,106.39,125.14,2097129,1048530,1048529,16384,16384,3,1040347,3,0,0,1,1
SAMPLE,RBR50_T512,42,106.32,137.17,2097127,1048530,1048529,16384,16384,3,1038905,3,0,0,1,1
SAMPLE,RBR50_T512,43,106.38,125.90,2097128,1048530,1048529,16384,16384,3,1040223,3,0,0,1,1
SAMPLE,RBR50_T512,44,106.35,139.18,2097127,1048530,1048529,16384,16384,3,1040772,3,0,0,1,1
SAMPLE,RBR50_T512,45,106.42,125.20,2097137,1048530,1048529,16384,16384,3,1039197,3,0,0,1,1
SAMPLE,RBR50_T512,46,106.38,130.54,2097127,1048530,1048529,16384,16384,3,1038359,3,0,0,1,1
SAMPLE,RBR50_T512,47,106.40,125.72,2097127,1048530,1048529,16384,16384,3,1039470,3,0,0,1,1
SAMPLE,RBR50_T512,48,106.36,126.51,2097127,1048530,1048529,16384,16384,3,1039232,3,0,0,1,1
SAMPLE,RBR50_T512,49,106.34,138.73,2097129,1048530,1048529,16384,16384,3,1040147,3,0,0,1,1
SAMPLE,RBR50_T512,50,106.39,138.72,2097127,1048530,1048529,16384,16384,3,1040752,3,0,0,1,1
SAMPLE,RBR50_T512,51,106.46,138.86,2097127,1048530,1048529,16384,16384,3,1040542,3,0,0,1,1
SAMPLE,RBR50_T512,52,106.29,128.73,2097127,1048530,1048529,16384,16384,3,1040113,3,0,0,1,1
SAMPLE,RBR50_T512,53,106.45,125.79,2097127,1048530,1048529,16384,16384,3,1039368,3,0,0,1,1
SAMPLE,RBR50_T512,54,106.38,129.21,2097128,1048530,1048529,16384,16384,3,1039170,3,0,0,1,1
SAMPLE,RBR50_T512,55,106.35,128.14,2097127,1048530,1048529,16384,16384,3,1039304,3,0,0,1,1
SAMPLE,RBR50_T512,56,106.39,138.63,2097129,1048530,1048529,16384,16384,3,1040438,3,0,0,1,1
SAMPLE,RBR50_T512,57,106.36,128.04,2097127,1048530,1048529,16384,16384,3,1039269,3,0,0,1,1
SAMPLE,RBR50_T512,58,106.42,127.91,2097129,1048530,1048529,16384,16384,3,1039767,3,0,0,1,1
SAMPLE,RBR50_T512,59,106.35,138.63,2097127,1048530,1048529,16384,16384,3,1040188,3,0,0,1,1
SAMPLE,RBR50_T512,60,106.41,130.32,2097128,1048530,1048529,16384,16384,3,1039195,3,0,0,1,1
SAMPLE,RBR50_T512,61,106.35,137.16,2097127,1048530,1048529,16384,16384,3,1038952,3,0,0,1,1
SAMPLE,RBR50_T512,62,106.35,128.10,2097127,1048530,1048529,16384,16384,3,1039091,3,0,0,1,1
SAMPLE,RBR50_T512,63,106.41,128.13,2097127,1048530,1048529,16384,16384,3,1039166,3,0,0,1,1
SAMPLE,RBR50_T512,64,106.34,137.38,2097127,1048530,1048529,16384,16384,3,1038085,3,0,0,1,1
SAMPLE,RBR50_T512,65,106.30,129.58,2097129,1048530,1048529,16384,16384,3,1039102,3,0,0,1,1
SAMPLE,RBR50_T512,66,106.38,125.69,2097127,1048530,1048529,16384,16384,3,1039239,3,0,0,1,1
SAMPLE,RBR50_T512,67,106.41,137.58,2097127,1048530,1048529,16384,16384,3,1037984,3,0,0,1,1
SAMPLE,RBR50_T512,68,106.38,128.49,2097129,1048530,1048529,16384,16384,3,1039074,3,0,0,1,1
SAMPLE,RBR50_T512,69,106.34,125.28,2097127,1048530,1048529,16384,16384,3,1039267,3,0,0,1,1
SAMPLE,RBR50_T512,70,106.22,129.30,2097127,1048530,1048529,16384,16384,3,1039136,3,0,0,1,1
SAMPLE,RBR50_T512,71,106.29,125.39,2097129,1048530,1048529,16384,16384,3,1037496,3,0,0,1,1
SAMPLE,RBR50_T512,72,106.30,125.44,2097127,1048530,1048529,16384,16384,3,1037823,3,0,0,1,1
SAMPLE,RBR50_T512,73,106.37,125.77,2097128,1048530,1048529,16384,16384,3,1039425,3,0,0,1,1
SAMPLE,RBR50_T512,74,106.41,137.19,2097129,1048530,1048529,16384,16384,3,1039122,3,0,0,1,1
SAMPLE,RBR50_T512,75,106.44,137.39,2097127,1048530,1048529,16384,16384,3,1037878,3,0,0,1,1
SAMPLE,RBR50_T512,76,106.34,128.00,2097127,1048530,1048529,16384,16384,3,1039107,3,0,0,1,1
SAMPLE,RBR50_T512,77,106.45,137.34,2097127,1048530,1048529,16384,16384,3,1038137,3,0,0,1,1
SAMPLE,RBR50_T512,78,106.30,139.21,2097127,1048530,1048529,16384,16384,3,1039161,3,0,0,1,1
SAMPLE,RBR50_T512,79,106.43,125.72,2097127,1048530,1048529,16384,16384,3,1039161,3,0,0,1,1
SAMPLE,RBR50_T512,80,106.32,136.96,2097127,1048530,1048529,16384,16384,3,1039024,3,0,0,1,1
SAMPLE,RBR50_T512,81,106.46,138.60,2097127,1048530,1048529,16384,16384,3,1040685,3,0,0,1,1

SAMPLE,RBR50_T512,82,106.31,125.52,2097127,1048530,1048529,16384,16384,3,1039295,3,0,0,1,1
SAMPLE,RBR50_T512,83,106.37,138.09,2097127,1048530,1048529,16384,16384,3,1040497,3,0,0,1,1
SAMPLE,RBR50_T512,84,106.39,125.88,2097128,1048530,1048529,16384,16384,3,1040274,3,0,0,1,1
SAMPLE,RBR50_T512,85,106.36,138.09,2097127,1048530,1048529,16384,16384,3,1040521,3,0,0,1,1
SAMPLE,RBR50_T512,86,106.48,128.27,2097128,1048530,1048529,16384,16384,3,1038450,3,0,0,1,1
SAMPLE,RBR50_T512,87,106.45,139.32,2097127,1048530,1048529,16384,16384,3,1038925,3,0,0,1,1
SAMPLE,RBR50_T512,88,106.32,129.28,2097127,1048530,1048529,16384,16384,3,1039277,3,0,0,1,1
SAMPLE,RBR50_T512,89,106.35,125.30,2097143,1048530,1048529,16384,16384,3,1037639,3,0,0,1,1
SAMPLE,RBR50_T512,90,106.34,139.23,2097127,1048530,1048529,16384,16384,3,1039110,3,0,0,1,1
SAMPLE,RBR50_T512,91,106.33,126.13,2097128,1048530,1048529,16384,16384,3,1039197,3,0,0,1,1
SAMPLE,RBR50_T512,92,106.32,125.35,2097127,1048530,1048529,16384,16384,3,1037350,3,0,0,1,1
SAMPLE,RBR50_T512,93,106.48,128.42,2097127,1048530,1048529,16384,16384,3,1039227,3,0,0,1,1
SAMPLE,RBR50_T512,94,106.35,130.46,2097127,1048530,1048529,16384,16384,3,1039168,3,0,0,1,1
SAMPLE,RBR50_T512,95,106.38,129.35,2097128,1048530,1048529,16384,16384,3,1040362,3,0,0,1,1
SAMPLE,RBR50_T512,96,106.36,136.72,2097127,1048530,1048529,16384,16384,3,1038867,3,0,0,1,1
SAMPLE,RBR50_T512,97,106.36,129.47,2097128,1048530,1048529,16384,16384,3,1039112,3,0,0,1,1
SAMPLE,RBR50_T512,98,106.35,128.03,2097127,1048530,1048529,16384,16384,3,1039155,3,0,0,1,1
SAMPLE,RBR50_T512,99,106.44,125.79,2097127,1048530,1048529,16384,16384,3,1039349,3,0,0,1,1
SUMMARY,RBR50_T512,16,4,4,3,512,64,256,256,106.36,131.58,139.32,139.53,159.54,23.71,0,0.00,2097128,381.47,1048529,1048528,16384,16384,3,1039127,3,0,0,0
SAMPLE,RBR50_T1536,0,106.43,138.43,2097129,1029138,1029138,5461,5461,3,1026457,3,0,0,1,1
SAMPLE,RBR50_T1536,1,106.41,137.63,2097127,1029741,1029741,5461,5461,3,1026887,3,0,0,1,1
SAMPLE,RBR50_T1536,2,106.37,137.64,2097127,1029835,1029835,5461,5461,3,1026989,3,0,0,1,1
SAMPLE,RBR50_T1536,3,106.28,138.49,2097129,1029593,1029593,5461,5461,3,1026913,3,0,0,1,1
SAMPLE,RBR50_T1536,4,106.35,138.74,2097127,1029442,1029442,5461,5461,3,1026454,3,0,0,1,1
SAMPLE,RBR50_T1536,5,106.30,137.75,2097138,1029991,1029991,5461,5461,3,1027192,3,0,0,1,1
SAMPLE,RBR50_T1536,6,106.33,136.10,2097127,1030060,1030060,5461,5461,3,1026530,3,0,0,1,1
SAMPLE,RBR50_T1536,7,106.34,138.88,2097127,1029880,1029880,5461,5461,3,1026620,3,0,0,1,1
SAMPLE,RBR50_T1536,8,106.30,138.61,2097127,1029536,1029536,5461,5461,3,1026619,3,0,0,1,1
SAMPLE,RBR50_T1536,9,106.32,138.55,2097127,1029461,1029461,5461,5461,3,1026273,3,0,0,1,1
SAMPLE,RBR50_T1536,10,106.39,138.28,2097127,1029465,1029465,5461,5461,3,1026733,3,0,0,1,1
SAMPLE,RBR50_T1536,11,106.30,139.31,2097127,1029653,1029653,5461,5461,3,1026673,3,0,0,1,1
SAMPLE,RBR50_T1536,12,106.33,138.84,2097129,1030039,1030039,5461,5461,3,1027074,3,0,0,1,1
SAMPLE,RBR50_T1536,13,106.38,137.04,2097127,1029876,1029876,5461,5461,3,1026778,3,0,0,1,1
SAMPLE,RBR50_T1536,14,106.34,138.53,2097127,1029519,1029519,5461,5461,3,1026822,3,0,0,1,1
SAMPLE,RBR50_T1536,15,106.30,138.34,2097127,1029735,1029735,5461,5461,3,1026708,3,0,0,1,1
SAMPLE,RBR50_T1536,16,106.22,137.17,2097127,1029760,1029760,5461,5461,3,1026678,3,0,0,1,1
SAMPLE,RBR50_T1536,17,106.36,139.21,2097127,1029757,1029757,5461,5461,3,1026498,3,0,0,1,1
SAMPLE,RBR50_T1536,18,106.42,138.89,2097128,1029420,1029420,5461,5461,3,1026696,3,0,0,1,1
SAMPLE,RBR50_T1536,19,106.38,139.25,2097128,1029677,1029677,5461,5461,3,1026688,3,0,0,1,1
SAMPLE,RBR50_T1536,20,106.33,138.29,2097127,1029298,1029298,5461,5461,3,1026309,3,0,0,1,1
SAMPLE,RBR50_T1536,21,106.36,138.48,2097127,1029513,1029513,5461,5461,3,1026353,3,0,0,1,1
SAMPLE,RBR50_T1536,22,106.38,136.88,2097129,1030024,1030024,5461,5461,3,1026945,3,0,0,1,1
SAMPLE,RBR50_T1536,23,106.30,136.91,2097129,1030037,1030037,5461,5461,3,1027276,3,0,0,1,1
SAMPLE,RBR50_T1536,24,106.33,137.08,2097127,1030473,1030473,5461,5461,3,1027468,3,0,0,1,1
SAMPLE,RBR50_T1536,25,106.25,139.50,2097127,1029834,1029834,5461,5461,3,1026504,3,0,0,1,1
SAMPLE,RBR50_T1536,26,106.35,136.60,2097128,1029896,1029896,5461,5461,3,1026386,3,0,0,1,1
SAMPLE,RBR50_T1536,27,106.33,137.65,2097128,1029697,1029697,5461,5461,3,1026253,3,0,0,1,1
SAMPLE,RBR50_T1536,28,106.41,138.79,2097127,1029680,1029680,5461,5461,3,1026575,3,0,0,1,1
SAMPLE,RBR50_T1536,29,106.40,138.44,2097129,1029542,1029542,5461,5461,3,1026573,3,0,0,1,1
SAMPLE,RBR50_T1536,30,106.35,139.24,2097129,1029850,1029850,5461,5461,3,1026604,3,0,0,1,1
SAMPLE,RBR50_T1536,31,106.29,137.44,2097128,1030060,1030060,5461,5461,3,1027020,3,0,0,1,1
SAMPLE,RBR50_T1536,32,106.30,136.81,2097127,1030021,1030021,5461,5461,3,1026900,3,0,0,1,1
SAMPLE,RBR50_T1536,33,106.33,136.18,2097127,1029818,1029818,5461,5461,3,1026459,3,0,0,1,1
SAMPLE,RBR50_T1536,34,106.38,139.69,2097129,1029912,1029912,5461,5461,3,1026621,3,0,0,1,1
SAMPLE,RBR50_T1536,35,106.41,136.23,2097127,1029881,1029881,5461,5461,3,1027162,3,0,0,1,1
SAMPLE,RBR50_T1536,36,106.46,138.86,2097128,1029921,1029921,5461,5461,3,1026967,3,0,0,1,1
SAMPLE,RBR50_T1536,37,106.30,138.47,2097128,1029328,1029328,5461,5461,3,1026420,3,0,0,1,1
SAMPLE,RBR50_T1536,38,106.36,138.42,2097143,1029943,1029943,5461,5461,3,1026946,3,0,0,1,1

SAMPLE,RBR50_T1536,39,106.25,138.68,2097141,1030055,1030055,5461,5461,3,1027052,3,0,0,1,1
SAMPLE,RBR50_T1536,40,106.50,138.41,2097128,1029959,1029959,5461,5461,3,1026955,3,0,0,1,1
SAMPLE,RBR50_T1536,41,106.45,137.86,2097127,1030085,1030085,5461,5461,3,1027260,3,0,0,1,1
SAMPLE,RBR50_T1536,42,106.38,136.18,2097127,1029799,1029799,5461,5461,3,1027086,3,0,0,1,1
SAMPLE,RBR50_T1536,43,106.35,139.01,2097129,1030039,1030039,5461,5461,3,1026919,3,0,0,1,1
SAMPLE,RBR50_T1536,44,106.40,136.32,2097157,1029872,1029872,5461,5461,3,1027068,3,0,0,1,1
SAMPLE,RBR50_T1536,45,106.41,137.56,2097127,1029688,1029688,5461,5461,3,1026144,3,0,0,1,1
SAMPLE,RBR50_T1536,46,106.34,137.31,2097127,1029893,1029893,5461,5461,3,1026828,3,0,0,1,1
SAMPLE,RBR50_T1536,47,106.33,138.97,2097129,1029660,1029660,5461,5461,3,1026701,3,0,0,1,1
SAMPLE,RBR50_T1536,48,106.36,138.43,2097127,1030228,1030228,5461,5461,3,1027215,3,0,0,1,1
SAMPLE,RBR50_T1536,49,106.33,138.46,2097127,1029275,1029275,5461,5461,3,1026625,3,0,0,1,1
SAMPLE,RBR50_T1536,50,106.46,136.80,2097129,1029854,1029854,5461,5461,3,1026990,3,0,0,1,1
SAMPLE,RBR50_T1536,51,106.32,137.56,2097128,1030244,1030244,5461,5461,3,1027264,3,0,0,1,1
SAMPLE,RBR50_T1536,52,106.37,135.71,2097127,1030206,1030206,5461,5461,3,1027269,3,0,0,1,1
SAMPLE,RBR50_T1536,53,106.27,138.17,2097127,1030094,1030094,5461,5461,3,1027116,3,0,0,1,1
SAMPLE,RBR50_T1536,54,106.36,139.03,2097129,1029907,1029907,5461,5461,3,1026817,3,0,0,1,1
SAMPLE,RBR50_T1536,55,106.41,138.57,2097127,1029457,1029457,5461,5461,3,1026491,3,0,0,1,1
SAMPLE,RBR50_T1536,56,106.34,138.64,2097127,1029324,1029324,5461,5461,3,1026393,3,0,0,1,1
SAMPLE,RBR50_T1536,57,106.31,137.03,2097127,1029761,1029761,5461,5461,3,1026661,3,0,0,1,1
SAMPLE,RBR50_T1536,58,106.37,138.16,2097129,1029729,1029729,5461,5461,3,1026955,3,0,0,1,1
SAMPLE,RBR50_T1536,59,106.34,138.02,2097127,1029792,1029792,5461,5461,3,1026918,3,0,0,1,1
SAMPLE,RBR50_T1536,60,106.38,138.94,2097127,1029446,1029446,5461,5461,3,1026710,3,0,0,1,1
SAMPLE,RBR50_T1536,61,106.35,138.48,2097129,1029267,1029267,5461,5461,3,1026544,3,0,0,1,1
SAMPLE,RBR50_T1536,62,106.40,137.37,2097127,1029783,1029783,5461,5461,3,1026215,3,0,0,1,1
SAMPLE,RBR50_T1536,63,106.41,138.37,2097127,1030003,1030003,5461,5461,3,1027034,3,0,0,1,1
SAMPLE,RBR50_T1536,64,106.40,136.48,2097129,1029884,1029884,5461,5461,3,1027060,3,0,0,1,1
SAMPLE,RBR50_T1536,65,106.38,138.68,2097127,1029748,1029748,5461,5461,3,1027019,3,0,0,1,1
SAMPLE,RBR50_T1536,66,106.38,138.87,2097127,1029385,1029385,5461,5461,3,1026423,3,0,0,1,1
SAMPLE,RBR50_T1536,67,106.41,138.87,2097129,1029759,1029759,5461,5461,3,1026586,3,0,0,1,1
SAMPLE,RBR50_T1536,68,106.40,136.36,2097127,1029694,1029694,5461,5461,3,1026948,3,0,0,1,1
SAMPLE,RBR50_T1536,69,106.35,139.70,2097127,1029866,1029866,5461,5461,3,1026533,3,0,0,1,1
SAMPLE,RBR50_T1536,70,106.44,136.71,2097129,1029935,1029935,5461,5461,3,1027013,3,0,0,1,1
SAMPLE,RBR50_T1536,71,106.33,137.11,2097128,1029785,1029785,5461,5461,3,1026377,3,0,0,1,1
SAMPLE,RBR50_T1536,72,106.47,139.78,2097128,1029625,1029625,5461,5461,3,1026695,3,0,0,1,1
SAMPLE,RBR50_T1536,73,106.39,139.13,2097128,1029778,1029778,5461,5461,3,1026520,3,0,0,1,1
SAMPLE,RBR50_T1536,74,106.29,138.35,2097129,1029559,1029559,5461,5461,3,1026329,3,0,0,1,1
SAMPLE,RBR50_T1536,75,106.34,137.14,2097127,1030081,1030081,5461,5461,3,1027182,3,0,0,1,1
SAMPLE,RBR50_T1536,76,106.35,135.63,2097127,1030086,1030086,5461,5461,3,1027219,3,0,0,1,1
SAMPLE,RBR50_T1536,77,106.41,138.12,2097128,1029450,1029450,5461,5461,3,1026559,3,0,0,1,1
SAMPLE,RBR50_T1536,78,106.33,139.34,2097129,1029756,1029756,5461,5461,3,1026491,3,0,0,1,1
SAMPLE,RBR50_T1536,79,106.27,137.52,2097128,1029835,1029835,5461,5461,3,1026243,3,0,0,1,1
SAMPLE,RBR50_T1536,80,106.42,138.36,2097129,1030508,1030508,5461,5461,3,1027504,3,0,0,1,1
SAMPLE,RBR50_T1536,81,106.37,139.34,2097129,1029764,1029764,5461,5461,3,1026573,3,0,0,1,1
SAMPLE,RBR50_T1536,82,106.37,138.81,2097127,1030022,1030022,5461,5461,3,1027033,3,0,0,1,1
SAMPLE,RBR50_T1536,83,106.43,136.61,2097128,1029951,1029951,5461,5461,3,1026384,3,0,0,1,1
SAMPLE,RBR50_T1536,84,106.29,138.42,2097129,1029714,1029714,5461,5461,3,1026684,3,0,0,1,1
SAMPLE,RBR50_T1536,85,106.30,136.40,2097129,1029936,1029936,5461,5461,3,1026444,3,0,0,1,1
SAMPLE,RBR50_T1536,86,106.39,136.07,2097127,1029524,1029524,5461,5461,3,1026824,3,0,0,1,1
SAMPLE,RBR50_T1536,87,106.42,138.46,2097129,1029509,1029509,5461,5461,3,1026706,3,0,0,1,1
SAMPLE,RBR50_T1536,88,106.36,140.01,2097128,1029735,1029735,5461,5461,3,1026324,3,0,0,1,1
SAMPLE,RBR50_T1536,89,106.35,135.69,2097127,1030134,1030134,5461,5461,3,1027228,3,0,0,1,1
SAMPLE,RBR50_T1536,90,106.45,137.08,2097129,1029793,1029793,5461,5461,3,1026417,3,0,0,1,1
SAMPLE,RBR50_T1536,91,106.36,139.41,2097128,1029684,1029684,5461,5461,3,1026315,3,0,0,1,1
SAMPLE,RBR50_T1536,92,106.43,137.06,2097127,1029694,1029694,5461,5461,3,1026099,3,0,0,1,1
SAMPLE,RBR50_T1536,93,106.37,139.22,2097127,1029637,1029637,5461,5461,3,1026975,3,0,0,1,1
SAMPLE,RBR50_T1536,94,106.52,137.06,2097127,1029736,1029736,5461,5461,3,1026116,3,0,0,1,1
SAMPLE,RBR50_T1536,95,106.34,136.62,2097137,1029973,1029973,5461,5461,3,1027127,3,0,0,1,1
SAMPLE,RBR50_T1536,96,106.34,138.50,2097127,1029758,1029758,5461,5461,3,1026800,3,0,0,1,1
SAMPLE,RBR50_T1536,97,106.37,138.25,2097128,1029909,1029909,5461,5461,3,1026929,3,0,0,1,1
SAMPLE,RBR50_T1536,98,106.33,137.00,2097129,1029884,1029884,5461,5461,3,1026836,3,0,0,1,1
SAMPLE,RBR50_T1536,99,106.36,139.59,2097127,1029882,1029882,5461,5461,3,1026453,3,0,0,1,1
SUMMARY,RBR50_T1536,16,4,4,3,1536,192,256,256,106.36,137.99,139.50,139.78,159.54,29.73,0,0.00,2097128,381.47,1029786,1029786,5461,5461,3,1026742,3,0,0,0
SAMPLE,RBR50_R_ONLY,0,106.44,125.81,2097159,1048562,0,32768,0,3,1048544,3,0,0,1,1
SAMPLE,RBR50_R_ONLY,1,106.39,131.71,2097159,1048562,0,32768,0,3,1048544,3,0,0,1,1
SAMPLE,RBR50_R_ONLY,2,106.34,123.01,2097160,1048562,0,32768,0,3,1048544,3,0,0,1,1
SAMPLE,RBR50_R_ONLY,3,106.33,133.90,2097159,1048562,0,32768,0,3,1048544,3,0,0,1,1
SAMPLE,RBR50_R_ONLY,4,106.36,123.24,2097161,1048562,0,32768,0,3,1048544,3,0,0,1,1
SAMPLE,RBR50_R_ONLY,5,106.41,133.89,2097161,1048562,0,32768,0,3,1048544,3,0,0,1,1
SAMPLE,RBR50_R_ONLY,6,106.29,133.86,2097160,1048562,0,32768,0,3,1048544,3,0,0,1,1
SAMPLE,RBR50_R_ONLY,7,106.35,133.85,2097161,1048562,0,32768,0,3,1048544,3,0,0,1,1
SAMPLE,RBR50_R_ONLY,8,106.30,123.19,2097159,1048562,0,32768,0,3,1048544,3,0,0,1,1
SAMPLE,RBR50_R_ONLY,9,106.42,123.22,2097178,1048562,0,32768,0,3,1048544,3,0,0,1,1
SAMPLE,RBR50_R_ONLY,10,106.24,131.44,2097159,1048562,0,32768,0,3,1048544,3,0,0,1,1
SAMPLE,RBR50_R_ONLY,11,106.48,133.90,2097161,1048562,0,32768,0,3,1048544,3,0,0,1,1
SAMPLE,RBR50_R_ONLY,12,106.36,131.52,2097159,1048562,0,32768,0,3,1048544,3,0,0,1,1
SAMPLE,RBR50_R_ONLY,13,106.45,131.45,2097159,1048562,0,32768,0,3,1048544,3,0,0,1,1
SAMPLE,RBR50_R_ONLY,14,106.36,125.78,2097161,1048562,0,32768,0,3,1048544,3,0,0,1,1
SAMPLE,RBR50_R_ONLY,15,106.38,123.01,2097160,1048562,0,32768,0,3,1048544,3,0,0,1,1
SAMPLE,RBR50_R_ONLY,16,106.43,123.08,2097160,1048562,0,32768,0,3,1048544,3,0,0,1,1
SAMPLE,RBR50_R_ONLY,17,106.26,125.85,2097160,1048562,0,32768,0,3,1048544,3,0,0,1,1
SAMPLE,RBR50_R_ONLY,18,106.33,133.62,2097161,1048562,0,32768,0,3,1048544,3,0,0,1,1
SAMPLE,RBR50_R_ONLY,19,106.38,132.91,2097161,1048562,0,32768,0,3,1048544,3,0,0,1,1
SAMPLE,RBR50_R_ONLY,20,106.40,133.88,2097161,1048562,0,32768,0,3,1048544,3,0,0,1,1
SAMPLE,RBR50_R_ONLY,21,106.41,125.84,2097160,1048562,0,32768,0,3,1048544,3,0,0,1,1
SAMPLE,RBR50_R_ONLY,22,106.39,133.86,2097159,1048562,0,32768,0,3,1048544,3,0,0,1,1
SAMPLE,RBR50_R_ONLY,23,106.43,123.06,2097159,1048562,0,32768,0,3,1048544,3,0,0,1,1
SAMPLE,RBR50_R_ONLY,24,106.37,125.87,2097159,1048562,0,32768,0,3,1048544,3,0,0,1,1
SAMPLE,RBR50_R_ONLY,25,106.31,125.97,2097161,1048562,0,32768,0,3,1048544,3,0,0,1,1
SAMPLE,RBR50_R_ONLY,26,106.32,123.23,2097159,1048562,0,32768,0,3,1048544,3,0,0,1,1
SAMPLE,RBR50_R_ONLY,27,106.38,123.05,2097159,1048562,0,32768,0,3,1048544,3,0,0,1,1
SAMPLE,RBR50_R_ONLY,28,106.34,125.82,2097159,1048562,0,32768,0,3,1048544,3,0,0,1,1
SAMPLE,RBR50_R_ONLY,29,106.28,123.16,2097161,1048562,0,32768,0,3,1048544,3,0,0,1,1
SAMPLE,RBR50_R_ONLY,30,106.31,131.82,2097159,1048562,0,32768,0,3,1048544,3,0,0,1,1
SAMPLE,RBR50_R_ONLY,31,106.48,123.08,2097161,1048562,0,32768,0,3,1048544,3,0,0,1,1
SAMPLE,RBR50_R_ONLY,32,106.36,123.08,2097159,1048562,0,32768,0,3,1048544,3,0,0,1,1
SAMPLE,RBR50_R_ONLY,33,106.52,133.86,2097160,1048562,0,32768,0,3,1048544,3,0,0,1,1
SAMPLE,RBR50_R_ONLY,34,106.36,122.93,2097160,1048546,0,32768,0,3,1048528,3,0,0,1,1
SAMPLE,RBR50_R_ONLY,35,106.36,125.82,2097161,1048562,0,32768,0,3,1048544,3,0,0,1,1
SAMPLE,RBR50_R_ONLY,36,106.34,125.84,2097161,1048562,0,32768,0,3,1048544,3,0,0,1,1
SAMPLE,RBR50_R_ONLY,37,106.42,133.87,2097161,1048562,0,32768,0,3,1048544,3,0,0,1,1
SAMPLE,RBR50_R_ONLY,38,106.42,123.04,2097159,1048562,0,32768,0,3,1048544,3,0,0,1,1
SAMPLE,RBR50_R_ONLY,39,106.36,133.65,2097159,1048562,0,32768,0,3,1048544,3,0,0,1,1
SAMPLE,RBR50_R_ONLY,40,106.32,133.65,2097161,1048562,0,32768,0,3,1048544,3,0,0,1,1
SAMPLE,RBR50_R_ONLY,41,106.37,123.13,2097161,1048562,0,32768,0,3,1048544,3,0,0,1,1
SAMPLE,RBR50_R_ONLY,42,106.40,123.26,2097161,1048562,0,32768,0,3,1048544,3,0,0,1,1
SAMPLE,RBR50_R_ONLY,43,106.33,133.86,2097159,1048562,0,32768,0,3,1048544,3,0,0,1,1
SAMPLE,RBR50_R_ONLY,44,106.33,123.07,2097159,1048562,0,32768,0,3,1048544,3,0,0,1,1
SAMPLE,RBR50_R_ONLY,45,106.35,123.07,2097160,1048562,0,32768,0,3,1048544,3,0,0,1,1
SAMPLE,RBR50_R_ONLY,46,106.38,125.77,2097160,1048562,0,32768,0,3,1048544,3,0,0,1,1
SAMPLE,RBR50_R_ONLY,47,106.42,133.62,2097160,1048562,0,32768,0,3,1048544,3,0,0,1,1
SAMPLE,RBR50_R_ONLY,48,106.32,123.21,2097159,1048562,0,32768,0,3,1048544,3,0,0,1,1
SAMPLE,RBR50_R_ONLY,49,106.32,122.99,2097191,1048562,0,32768,0,3,1048544,3,0,0,1,1
SAMPLE,RBR50_R_ONLY,50,106.35,133.89,2097161,1048562,0,32768,0,3,1048544,3,0,0,1,1
SAMPLE,RBR50_R_ONLY,51,106.38,123.15,2097161,1048562,0,32768,0,3,1048544,3,0,0,1,1
SAMPLE,RBR50_R_ONLY,52,106.32,128.77,2097159,1048562,0,32768,0,3,1048544,3,0,0,1,1
SAMPLE,RBR50_R_ONLY,53,106.32,133.65,2097159,1048562,0,32768,0,3,1048544,3,0,0,1,1
SAMPLE,RBR50_R_ONLY,54,106.38,125.86,2097161,1048534,0,32768,0,3,1048516,3,0,0,1,1
SAMPLE,RBR50_R_ONLY,55,106.44,133.63,2097159,1048562,0,32768,0,3,1048544,3,0,0,1,1

SAMPLE,RBR50_R_ONLY,56,106.39,133.11,2097160,1048562,0,32768,0,3,1048544,3,0,0,1,1
SAMPLE,RBR50_R_ONLY,57,106.32,125.83,2097159,1048562,0,32768,0,3,1048544,3,0,0,1,1
SAMPLE,RBR50_R_ONLY,58,106.27,122.93,2097160,1048546,0,32768,0,3,1048528,3,0,0,1,1
SAMPLE,RBR50_R_ONLY,59,106.31,125.82,2097160,1048562,0,32768,0,3,1048544,3,0,0,1,1
SAMPLE,RBR50_R_ONLY,60,106.39,133.66,2097161,1048562,0,32768,0,3,1048544,3,0,0,1,1
SAMPLE,RBR50_R_ONLY,61,106.43,133.88,2097161,1048562,0,32768,0,3,1048544,3,0,0,1,1
SAMPLE,RBR50_R_ONLY,62,106.40,133.62,2097161,1048562,0,32768,0,3,1048544,3,0,0,1,1
SAMPLE,RBR50_R_ONLY,63,106.33,125.82,2097159,1048562,0,32768,0,3,1048544,3,0,0,1,1
SAMPLE,RBR50_R_ONLY,64,106.29,133.62,2097160,1048562,0,32768,0,3,1048544,3,0,0,1,1
SAMPLE,RBR50_R_ONLY,65,106.44,123.18,2097159,1048562,0,32768,0,3,1048544,3,0,0,1,1
SAMPLE,RBR50_R_ONLY,66,106.36,125.84,2097160,1048562,0,32768,0,3,1048544,3,0,0,1,1
SAMPLE,RBR50_R_ONLY,67,106.44,125.62,2097161,1048562,0,32768,0,3,1048544,3,0,0,1,1
SAMPLE,RBR50_R_ONLY,68,106.32,133.62,2097159,1048562,0,32768,0,3,1048544,3,0,0,1,1
SAMPLE,RBR50_R_ONLY,69,106.38,131.41,2097159,1048562,0,32768,0,3,1048544,3,0,0,1,1
SAMPLE,RBR50_R_ONLY,70,106.36,133.87,2097161,1048562,0,32768,0,3,1048544,3,0,0,1,1
SAMPLE,RBR50_R_ONLY,71,106.28,133.90,2097161,1048562,0,32768,0,3,1048544,3,0,0,1,1
SAMPLE,RBR50_R_ONLY,72,106.37,123.07,2097160,1048562,0,32768,0,3,1048544,3,0,0,1,1
SAMPLE,RBR50_R_ONLY,73,106.37,131.80,2097159,1048562,0,32768,0,3,1048544,3,0,0,1,1
SAMPLE,RBR50_R_ONLY,74,106.37,125.54,2097159,1048562,0,32768,0,3,1048544,3,0,0,1,1
SAMPLE,RBR50_R_ONLY,75,106.41,133.62,2097159,1048562,0,32768,0,3,1048544,3,0,0,1,1
SAMPLE,RBR50_R_ONLY,76,106.30,122.99,2097161,1048562,0,32768,0,3,1048544,3,0,0,1,1
SAMPLE,RBR50_R_ONLY,77,106.32,123.13,2097160,1048562,0,32768,0,3,1048544,3,0,0,1,1
SAMPLE,RBR50_R_ONLY,78,106.46,123.05,2097160,1048562,0,32768,0,3,1048544,3,0,0,1,1
SAMPLE,RBR50_R_ONLY,79,106.36,125.65,2097159,1048562,0,32768,0,3,1048544,3,0,0,1,1
SAMPLE,RBR50_R_ONLY,80,106.39,133.63,2097159,1048562,0,32768,0,3,1048544,3,0,0,1,1
SAMPLE,RBR50_R_ONLY,81,106.27,125.88,2097161,1048562,0,32768,0,3,1048544,3,0,0,1,1
SAMPLE,RBR50_R_ONLY,82,106.33,126.29,2097161,1048562,0,32768,0,3,1048544,3,0,0,1,1
SAMPLE,RBR50_R_ONLY,83,106.38,123.31,2097161,1048562,0,32768,0,3,1048544,3,0,0,1,1
SAMPLE,RBR50_R_ONLY,84,106.45,123.02,2097160,1048562,0,32768,0,3,1048544,3,0,0,1,1
SAMPLE,RBR50_R_ONLY,85,106.33,131.30,2097159,1048562,0,32768,0,3,1048544,3,0,0,1,1
SAMPLE,RBR50_R_ONLY,86,106.43,133.63,2097159,1048562,0,32768,0,3,1048544,3,0,0,1,1
SAMPLE,RBR50_R_ONLY,87,106.36,125.91,2097161,1048562,0,32768,0,3,1048544,3,0,0,1,1
SAMPLE,RBR50_R_ONLY,88,106.51,128.75,2097159,1048562,0,32768,0,3,1048544,3,0,0,1,1
SAMPLE,RBR50_R_ONLY,89,106.28,123.12,2097159,1048562,0,32768,0,3,1048544,3,0,0,1,1
SAMPLE,RBR50_R_ONLY,90,106.29,128.78,2097159,1048562,0,32768,0,3,1048544,3,0,0,1,1
SAMPLE,RBR50_R_ONLY,91,106.38,125.83,2097159,1048562,0,32768,0,3,1048544,3,0,0,1,1
SAMPLE,RBR50_R_ONLY,92,106.40,123.21,2097167,1048562,0,32768,0,3,1048544,3,0,0,1,1
SAMPLE,RBR50_R_ONLY,93,106.34,125.88,2097160,1048562,0,32768,0,3,1048544,3,0,0,1,1
SAMPLE,RBR50_R_ONLY,94,106.24,125.89,2097159,1048562,0,32768,0,3,1048544,3,0,0,1,1
SAMPLE,RBR50_R_ONLY,95,106.41,133.64,2097159,1048562,0,32768,0,3,1048544,3,0,0,1,1
SAMPLE,RBR50_R_ONLY,96,106.39,125.82,2097159,1048562,0,32768,0,3,1048544,3,0,0,1,1
SAMPLE,RBR50_R_ONLY,97,106.36,133.89,2097160,1048562,0,32768,0,3,1048544,3,0,0,1,1
SAMPLE,RBR50_R_ONLY,98,106.31,123.13,2097159,1048562,0,32768,0,3,1048544,3,0,0,1,1
SAMPLE,RBR50_R_ONLY,99,106.38,126.15,2097159,1048562,0,32768,0,3,1048544,3,0,0,1,1
SUMMARY,RBR50_R_ONLY,16,4,4,1,256,32,256,256,106.36,127.95,133.89,133.90,159.54,20.29,0,0.00,2097160,381.46,1048561,0,32768,0,3,1048543,3,0,0,0
SAMPLE,RBR50_W_ONLY,0,106.39,122.70,2097161,0,1048561,0,32768,3,1048418,3,0,0,1,1
SAMPLE,RBR50_W_ONLY,1,106.43,122.92,2097190,0,1048561,0,32768,3,1048418,3,0,0,1,1
SAMPLE,RBR50_W_ONLY,2,106.45,128.01,2097160,0,1048561,0,32768,3,1048418,3,0,0,1,1
SAMPLE,RBR50_W_ONLY,3,106.31,121.20,2097161,0,1048561,0,32768,3,1048398,3,0,0,1,1
SAMPLE,RBR50_W_ONLY,4,106.32,123.03,2097159,0,1048561,0,32768,3,1048418,3,0,0,1,1
SAMPLE,RBR50_W_ONLY,5,106.38,121.40,2097159,0,1048561,0,32768,3,1048418,3,0,0,1,1
SAMPLE,RBR50_W_ONLY,6,106.43,122.92,2097190,0,1048561,0,32768,3,1048418,3,0,0,1,1
SAMPLE,RBR50_W_ONLY,7,106.38,121.79,2097159,0,1048561,0,32768,3,1048418,3,0,0,1,1
SAMPLE,RBR50_W_ONLY,8,106.32,123.54,2097160,0,1048561,0,32768,3,1048395,3,0,0,1,1
SAMPLE,RBR50_W_ONLY,9,106.42,126.69,2097160,0,1048561,0,32768,3,1048418,3,0,0,1,1
SAMPLE,RBR50_W_ONLY,10,106.36,123.18,2097159,0,1048561,0,32768,3,1048418,3,0,0,1,1
SAMPLE,RBR50_W_ONLY,11,106.34,123.36,2097160,0,1048540,0,32768,3,1048397,3,0,0,1,1
SAMPLE,RBR50_W_ONLY,12,106.40,121.16,2097161,0,1048561,0,32768,3,1048390,3,0,0,1,1
SAMPLE,RBR50_W_ONLY,13,106.38,125.75,2097161,0,1048561,0,32768,3,1048418,3,0,0,1,1
SAMPLE,RBR50_W_ONLY,14,106.45,126.23,2097160,0,1048561,0,32768,3,1048418,3,0,0,1,1
SAMPLE,RBR50_W_ONLY,15,106.37,127.96,2097159,0,1048561,0,32768,3,1048418,3,0,0,1,1
SAMPLE,RBR50_W_ONLY,16,106.30,122.89,2097163,0,1048561,0,32768,3,1048418,3,0,0,1,1
SAMPLE,RBR50_W_ONLY,17,106.35,122.68,2097161,0,1048561,0,32768,3,1048397,3,0,0,1,1
SAMPLE,RBR50_W_ONLY,18,106.41,123.78,2097190,0,1048561,0,32768,3,1048418,3,0,0,1,1
SAMPLE,RBR50_W_ONLY,19,106.38,128.10,2097161,0,1048561,0,32768,3,1048418,3,0,0,1,1
SAMPLE,RBR50_W_ONLY,20,106.35,122.64,2097159,0,1048561,0,32768,3,1048418,3,0,0,1,1
SAMPLE,RBR50_W_ONLY,21,106.32,125.84,2097159,0,1048561,0,32768,3,1048418,3,0,0,1,1
SAMPLE,RBR50_W_ONLY,22,106.41,121.36,2097159,0,1048561,0,32768,3,1048418,3,0,0,1,1
SAMPLE,RBR50_W_ONLY,23,106.35,127.93,2097161,0,1048561,0,32768,3,1048408,3,0,0,1,1
SAMPLE,RBR50_W_ONLY,24,106.33,122.88,2097160,0,1048561,0,32768,3,1048418,3,0,0,1,1
SAMPLE,RBR50_W_ONLY,25,106.33,121.95,2097159,0,1048561,0,32768,3,1048418,3,0,0,1,1
SAMPLE,RBR50_W_ONLY,26,106.40,122.86,2097159,0,1048561,0,32768,3,1048418,3,0,0,1,1
SAMPLE,RBR50_W_ONLY,27,106.40,122.88,2097159,0,1048561,0,32768,3,1048418,3,0,0,1,1
SAMPLE,RBR50_W_ONLY,28,106.39,126.81,2097159,0,1048561,0,32768,3,1048418,3,0,0,1,1
SAMPLE,RBR50_W_ONLY,29,106.35,126.95,2097160,0,1048561,0,32768,3,1048417,3,0,0,1,1
SAMPLE,RBR50_W_ONLY,30,106.43,123.42,2097160,0,1048545,0,32768,3,1048402,3,0,0,1,1
SAMPLE,RBR50_W_ONLY,31,106.39,121.24,2097160,0,1048561,0,32768,3,1048418,3,0,0,1,1
SAMPLE,RBR50_W_ONLY,32,106.36,126.86,2097159,0,1048561,0,32768,3,1048418,3,0,0,1,1
SAMPLE,RBR50_W_ONLY,33,106.45,122.86,2097161,0,1048561,0,32768,3,1048418,3,0,0,1,1
SAMPLE,RBR50_W_ONLY,34,106.38,123.41,2097159,0,1048561,0,32768,3,1048418,3,0,0,1,1
SAMPLE,RBR50_W_ONLY,35,106.29,128.01,2097160,0,1048561,0,32768,3,1048400,3,0,0,1,1
SAMPLE,RBR50_W_ONLY,36,106.33,122.68,2097161,0,1048561,0,32768,3,1048418,3,0,0,1,1
SAMPLE,RBR50_W_ONLY,37,106.40,124.91,2097161,0,1048561,0,32768,3,1048418,3,0,0,1,1
SAMPLE,RBR50_W_ONLY,38,106.36,123.61,2097159,0,1048561,0,32768,3,1048418,3,0,0,1,1
SAMPLE,RBR50_W_ONLY,39,106.23,125.78,2097161,0,1048561,0,32768,3,1048406,3,0,0,1,1
SAMPLE,RBR50_W_ONLY,40,106.38,122.91,2097160,0,1048561,0,32768,3,1048418,3,0,0,1,1
SAMPLE,RBR50_W_ONLY,41,106.36,123.48,2097160,0,1048561,0,32768,3,1048399,3,0,0,1,1
SAMPLE,RBR50_W_ONLY,42,106.35,122.70,2097160,0,1048561,0,32768,3,1048418,3,0,0,1,1
SAMPLE,RBR50_W_ONLY,43,106.35,121.48,2097159,0,1048561,0,32768,3,1048418,3,0,0,1,1
SAMPLE,RBR50_W_ONLY,44,106.34,127.78,2097159,0,1048561,0,32768,3,1048418,3,0,0,1,1
SAMPLE,RBR50_W_ONLY,45,106.37,128.05,2097159,0,1048561,0,32768,3,1048418,3,0,0,1,1
SAMPLE,RBR50_W_ONLY,46,106.36,121.59,2097161,0,1048561,0,32768,3,1048402,3,0,0,1,1
SAMPLE,RBR50_W_ONLY,47,106.34,122.86,2097161,0,1048561,0,32768,3,1048418,3,0,0,1,1
SAMPLE,RBR50_W_ONLY,48,106.36,125.48,2097159,0,1048561,0,32768,3,1048418,3,0,0,1,1
SAMPLE,RBR50_W_ONLY,49,106.34,122.91,2097159,0,1048561,0,32768,3,1048418,3,0,0,1,1
SAMPLE,RBR50_W_ONLY,50,106.30,122.89,2097178,0,1048561,0,32768,3,1048418,3,0,0,1,1
SAMPLE,RBR50_W_ONLY,51,106.31,128.13,2097161,0,1048561,0,32768,3,1048418,3,0,0,1,1
SAMPLE,RBR50_W_ONLY,52,106.24,124.23,2097159,0,1048561,0,32768,3,1048418,3,0,0,1,1
SAMPLE,RBR50_W_ONLY,53,106.38,123.64,2097159,0,1048561,0,32768,3,1048418,3,0,0,1,1
SAMPLE,RBR50_W_ONLY,54,106.35,121.82,2097159,0,1048561,0,32768,3,1048418,3,0,0,1,1
SAMPLE,RBR50_W_ONLY,55,106.41,128.22,2097159,0,1048561,0,32768,3,1048418,3,0,0,1,1
SAMPLE,RBR50_W_ONLY,56,106.35,126.10,2097161,0,1048561,0,32768,3,1048405,3,0,0,1,1
SAMPLE,RBR50_W_ONLY,57,106.36,126.04,2097160,0,1048561,0,32768,3,1048418,3,0,0,1,1
SAMPLE,RBR50_W_ONLY,58,106.41,123.05,2097161,0,1048561,0,32768,3,1048418,3,0,0,1,1
SAMPLE,RBR50_W_ONLY,59,106.26,125.84,2097159,0,1048561,0,32768,3,1048418,3,0,0,1,1
SAMPLE,RBR50_W_ONLY,60,106.36,123.03,2097159,0,1048561,0,32768,3,1048418,3,0,0,1,1
SAMPLE,RBR50_W_ONLY,61,106.37,121.08,2097159,0,1048561,0,32768,3,1048418,3,0,0,1,1
SAMPLE,RBR50_W_ONLY,62,106.38,126.94,2097161,0,1048543,0,32768,3,1048400,3,0,0,1,1
SAMPLE,RBR50_W_ONLY,63,106.43,122.92,2097185,0,1048561,0,32768,3,1048418,3,0,0,1,1
SAMPLE,RBR50_W_ONLY,64,106.31,121.36,2097159,0,1048561,0,32768,3,1048418,3,0,0,1,1
SAMPLE,RBR50_W_ONLY,65,106.41,123.57,2097159,0,1048561,0,32768,3,1048418,3,0,0,1,1
SAMPLE,RBR50_W_ONLY,66,106.31,122.89,2097159,0,1048561,0,32768,3,1048418,3,0,0,1,1
SAMPLE,RBR50_W_ONLY,67,106.30,123.04,2097160,0,1048561,0,32768,3,1048418,3,0,0,1,1
SAMPLE,RBR50_W_ONLY,68,106.39,127.76,2097161,0,1048561,0,32768,3,1048418,3,0,0,1,1
SAMPLE,RBR50_W_ONLY,69,106.34,121.80,2097159,0,1048561,0,32768,3,1048418,3,0,0,1,1
SAMPLE,RBR50_W_ONLY,70,106.37,121.33,2097159,0,1048561,0,32768,3,1048418,3,0,0,1,1
SAMPLE,RBR50_W_ONLY,71,106.39,126.05,2097159,0,1048561,0,32768,3,1048418,3,0,0,1,1
SAMPLE,RBR50_W_ONLY,72,106.40,125.77,2097159,0,1048561,0,32768,3,1048418,3,0,0,1,1
SAMPLE,RBR50_W_ONLY,73,106.37,122.27,2097161,0,1048561,0,32768,3,1048392,3,0,0,1,1
SAMPLE,RBR50_W_ONLY,74,106.35,122.70,2097160,0,1048561,0,32768,3,1048418,3,0,0,1,1
SAMPLE,RBR50_W_ONLY,75,106.34,123.52,2097159,0,1048561,0,32768,3,1048418,3,0,0,1,1
SAMPLE,RBR50_W_ONLY,76,106.35,122.63,2097159,0,1048561,0,32768,3,1048418,3,0,0,1,1
SAMPLE,RBR50_W_ONLY,77,106.53,121.35,2097160,0,1048561,0,32768,3,1048418,3,0,0,1,1
SAMPLE,RBR50_W_ONLY,78,106.37,125.67,2097159,0,1048561,0,32768,3,1048418,3,0,0,1,1
SAMPLE,RBR50_W_ONLY,79,106.37,122.96,2097161,0,1048561,0,32768,3,1048391,3,0,0,1,1
SAMPLE,RBR50_W_ONLY,80,106.34,122.19,2097161,0,1048561,0,32768,3,1048418,3,0,0,1,1
SAMPLE,RBR50_W_ONLY,81,106.35,121.15,2097159,0,1048561,0,32768,3,1048418,3,0,0,1,1
SAMPLE,RBR50_W_ONLY,82,106.38,122.71,2097159,0,1048561,0,32768,3,1048418,3,0,0,1,1
SAMPLE,RBR50_W_ONLY,83,106.41,122.86,2097159,0,1048561,0,32768,3,1048418,3,0,0,1,1
SAMPLE,RBR50_W_ONLY,84,106.43,123.60,2097159,0,1048561,0,32768,3,1048418,3,0,0,1,1
SAMPLE,RBR50_W_ONLY,85,106.46,122.81,2097159,0,1048561,0,32768,3,1048418,3,0,0,1,1
SAMPLE,RBR50_W_ONLY,86,106.43,122.59,2097161,0,1048561,0,32768,3,1048396,3,0,0,1,1
SAMPLE,RBR50_W_ONLY,87,106.32,128.04,2097159,0,1048561,0,32768,3,1048418,3,0,0,1,1
SAMPLE,RBR50_W_ONLY,88,106.41,125.75,2097159,0,1048561,0,32768,3,1048418,3,0,0,1,1
SAMPLE,RBR50_W_ONLY,89,106.30,122.69,2097160,0,1048561,0,32768,3,1048397,3,0,0,1,1
SAMPLE,RBR50_W_ONLY,90,106.36,123.72,2097160,0,1048561,0,32768,3,1048401,3,0,0,1,1
SAMPLE,RBR50_W_ONLY,91,106.37,123.64,2097160,0,1048561,0,32768,3,1048418,3,0,0,1,1
SAMPLE,RBR50_W_ONLY,92,106.40,126.19,2097161,0,1048561,0,32768,3,1048418,3,0,0,1,1
SAMPLE,RBR50_W_ONLY,93,106.34,128.11,2097159,0,1048561,0,32768,3,1048418,3,0,0,1,1
SAMPLE,RBR50_W_ONLY,94,106.38,128.11,2097159,0,1048561,0,32768,3,1048418,3,0,0,1,1
SAMPLE,RBR50_W_ONLY,95,106.36,122.87,2097172,0,1048561,0,32768,3,1048418,3,0,0,1,1
SAMPLE,RBR50_W_ONLY,96,106.29,121.80,2097161,0,1048561,0,32768,3,1048418,3,0,0,1,1
SAMPLE,RBR50_W_ONLY,97,106.36,123.18,2097161,0,1048561,0,32768,3,1048418,3,0,0,1,1
SAMPLE,RBR50_W_ONLY,98,106.28,121.81,2097159,0,1048561,0,32768,3,1048418,3,0,0,1,1
SAMPLE,RBR50_W_ONLY,99,106.36,121.31,2097159,0,1048561,0,32768,3,1048418,3,0,0,1,1
SUMMARY,RBR50_W_ONLY,16,4,4,2,256,32,256,256,106.36,123.97,128.05,128.13,159.54,16.55,0,0.00,2097161,381.46,0,1048560,0,32768,3,1048414,3,0,0,0
PASS: parameter sweep complete, configs=25,sink=6144